corporateNumber;city
380168437;Bogotá, D.C. - Bogotá
3900785215;Bogotá-Bogota D.C.
3830073841;Bogotá-Bogota D.C.
3901123451;Bogotá-Bogota D.C.
3901369365;Armenia -Quindio
3900459157;Bogotá-Bogota D.C.
3860530559;Bogotá-Bogota D.C.
3901374971;Yopal - Casanare
3800039813;Funza -Cundinamarca
3900607990;Bogotá, D.C. - Bogotá
3901000057;Bogotá-Bogota D.C.
3900532663;Bogotá-Bogota D.C.
3901299905;Villavicencio -Meta
3901499132;Restrepo - Meta
3900909397;Bogotá-Bogota D.C.
3900440838;Cali -Valle
3901044298;Cali -Valle
3830054581;Bogotá-Bogota D.C.
3901596143;Popayán -Cauca
3901560487;Villamaria - Caldas
3901474491;Bogotá-Bogota D.C.
3900024602;Bogotá-Bogota D.C.
3900066288;Cali - Valle Del Cauca
3900760280;La Mesa -Cundinamarca
3800175166;Tuluá -Valle
3805029544;Cali -Valle
3800253444;Cali -Valle
3900475062;Montería - Córdoba
3900333982;Tuluá - Valle Del Cauca
3860058831;Bogotá-Bogota D.C.
3822006178;Villavicencio -Meta
3901423259;Bogotá, D.C. - Bogotá
3901312175;Arauca -Arauca
3900148470;Bogotá-Bogota D.C.
3900991912;Bogotá-Bogota D.C.
3901576319;Guadalajara De Buga -Valle
3860001615;Bogotá-Bogota D.C.
3900260317;Bogotá-Bogota D.C.
3860531602;Bogotá-Bogota D.C.
3900845312;Cali - Valle Del Cauca
3860051945;Bogotá, D.C. - Bogotá
3901073314;Bogotá-Bogota D.C.
3830139784;Bogotá, D.C. - Bogotá
3900278019;Funza -Cundinamarca
3900447875;Villavicencio -Meta
3901038007;Bogotá, D.C. - Bogotá
3900363032;Medellin -Antioquia
3901493162;Villa De San Diego De Ubaté - Cundinamarca
3900339467;Bogotá-Bogota D.C.
3901021294;Bogotá-Bogota D.C.
3901009895;Villavicencio - Meta
3900625467;Yopal -Casanare
3900081723;Facatativá -Cundinamarca
3901174995;Villavicencio -Meta
3890301775;Yumbo -Valle
3901783025;Sincelejo - Sucre
3900712385;Mosquera -Cundinamarca
3830044356;Funza -Cundinamarca
3900064250;Barrancabermeja - Santander
3800244319;Bogotá-Bogota D.C.
3901203684;San Jose Del Guaviare -Guaviare
3901514822;Bogotá-Bogota D.C.
3901074152;Bogotá-Bogota D.C.
3830508846;Bogotá-Bogota D.C.
3800223811;Bogotá, D.C. - Bogotá
3900119390;Bogotá-Bogota D.C.
3800054239;Villavicencio -Meta
3800180390;Bogotá-Bogota D.C.
3900341241;Bogotá-Bogota D.C.
3901185856;Guadalajara De Buga - Valle Del Cauca
3900298510;Bogotá-Bogota D.C.
3805016429;Cali -Valle
3901804973;Armenia - Quindío
3900600371;Tuluá -Valle
3901326675;Bogotá, D.C. - Bogotá
3900462686;Bogotá-Bogota D.C.
3901027402;Ibagué - Tolima
3901438836;Villavicencio - Meta
3900713568;Dosquebradas - Risaralda
3830051924;Bogotá-Bogota D.C.
3830000556;Bogotá-Bogota D.C.
3900645079;Bogotá-Bogota D.C.
3901044911;Bogotá-Bogota D.C.
3901301976;Madrid -Cundinamarca
3900423681;Villavicencio -Meta
3900014559;Bogotá-Bogota D.C.
3901354300;Bogotá-Bogota D.C.
3901214103;Villavicencio -Meta
3900296271;Bogotá-Bogota D.C.
3809000735;Ibagué -Tolima
3900497713;Bogotá-Bogota D.C.
3900770635;Palmira -Valle
3901363615;Puerto Gaitán - Meta
3900159568;Bogotá-Bogota D.C.
3900313728;Bogotá-Bogota D.C.
3830094598;Bogotá-Bogota D.C.
3805006187;Cali -Valle
3901201644;Bucaramanga - Santander
3900727355;Santa Marta -Magdalena
3901072193;Guamal - Meta
3830104746;Bogotá-Bogota D.C.
3813006836;Bogotá, D.C. - Bogotá
3891380000;El Cerrito - Valle Del Cauca
3900134635;Bogotá-Bogota D.C.
3901125271;Abejorral -Antioquia
3901277310;San Miguel -Putumayo
3901513194;Bogotá-Bogota D.C.
3900426171;Bogotá-Bogota D.C.
3900995032;Manizales - Caldas
3901531891;Yumbo -Valle
3900384449;Espinal - Tolima
3890702034;Lérida - Tolima
3800134597;Bogotá-Bogota D.C.
3900192581;Bogotá-Bogota D.C.
3900687495;Bogotá-Bogota D.C.
3900639678;Cúcuta - Norte de Santander
3900709798;Aguachica - Cesar
3830103693;Yopal -Casanare
3900516315;Popayán -Cauca
3830111586;Bogotá-Bogota D.C.
3900529038;Bogotá-Bogota D.C.
3830094679;Mosquera -Cundinamarca
3800251087;Bogotá, D.C. - Bogotá
3900410496;Bogotá-Bogota D.C.
3901063301;Madrid - Cundinamarca
3900923175;Cali - Valle Del Cauca
3901230640;Bucaramanga - Santander
3900318604;Yopal -Casanare
3900468098;Yopal - Casanare
3901323496;Bogotá-Bogota D.C.
3900671116;Bogotá-Bogota D.C.
3830500828;Bogotá-Bogota D.C.
3900420787;Bogotá-Bogota D.C.
3900630290;Zipaquirá -Cundinamarca
3800118776;Cota -Cundinamarca
3900379373;Palmira -Valle
3900396961;Bogotá-Bogota D.C.
3900517405;Bogotá-Bogota D.C.
3808001557;Fusagasugá -Cundinamarca
3800133063;Cota -Cundinamarca
3900959154;Palmira -Valle
3901364667;Bogotá-Bogota D.C.
3830096060;Bogotá-Bogota D.C.
3860350234;Cali -Valle
3901055828;Bogotá-Bogota D.C.
3900838988;Bogotá-Bogota D.C.
3800105031;Bogotá-Bogota D.C.
3901682308;Bogotá, D.C. - Bogotá
3901044272;Tenjo -Cundinamarca
3900922965;Santa Marta -Magdalena
3901583381;Bogotá, D.C. - Bogotá
3800246222;Cali -Valle
3901637402;Fómeque - Cundinamarca
3900715217;Tuluá -Valle
3901416258;Bucaramanga -Santander
3899999468;Sopó -Cundinamarca
3900426658;Cartago -Valle
3901148908;Guadalajara De Buga -Valle
3900564135;Candelaria -Valle
3901401440;Facatativá - Cundinamarca
3901298387;Tuluá -Valle
3900472888;Tuluá -Valle
3901049564;Villavicencio -Meta
3901110971;Funza -Cundinamarca
3901517841;Bogotá, D.C. - Bogotá
3860024529;Bogotá-Bogota D.C.
3800123057;Pereira - Risaralda
3901162580;Bogotá-Bogota D.C.
3900278642;Cali -Valle
3900410524;Guasca - Cundinamarca
3800157025;Yumbo -Valle
3900659573;Guadalajara De Buga -Valle
3900555613;Cali -Valle
3900759329;Bogotá-Bogota D.C.
3900604495;Mosquera -Cundinamarca
3900164860;Villavicencio -Meta
3805002491;Bogotá-Bogota D.C.
3900393678;La Mesa -Cundinamarca
3830055137;Mosquera -Cundinamarca
3901261938;Fómeque - Cundinamarca
3901810508;Bogotá, D.C. - Bogotá
3800090735;Cali -Valle
3901178067;Cali - Valle Del Cauca
3900026312;Bogotá-Bogota D.C.
3900530135;Palermo - Huila
3816007113;Pereira - Risaralda
3900335765;Bogotá-Bogota D.C.
3901367806;Bogotá-Bogota D.C.
3805014563;Cali -Valle
3819006966;Pereira -Risaralda
3901628670;Funza - Cundinamarca
3900300843;Barranquilla - Atlántico
3900453604;Villavicencio -Meta
3900644251;Medellin -Antioquia
3900700927;Bogotá-Bogota D.C.
3830038561;Bogotá-Bogota D.C.
3900489160;Bogotá-Bogota D.C.
3901167189;Villavicencio -Meta
3900900403;Bogotá-Bogota D.C.
3901275954;Facatativá - Cundinamarca
3901226533;Bogotá-Bogota D.C.
3900500099;Manizales -Caldas
3900543902;Bogotá-Bogota D.C.
3900418024;Bogotá-Bogota D.C.
3900042695;Guadalajara De Buga -Valle
3900141706;Duitama - Boyacá
3900424944;Pereira -Risaralda
3901092043;Villavicencio - Meta
3900033701;Bogotá, D.C. - Bogotá
3813002152;Neiva -Huila
3821001749;Tuluá -Valle
3860506419;Bogotá-Bogota D.C.
3900983749;Cogua - Cundinamarca
3901043583;Villavicencio -Meta
3901146632;Soacha -Cundinamarca
3822006587;Villavicencio -Meta
3800094377;Funza -Cundinamarca
3900112573;Bogotá-Bogota D.C.
3890211325;Bogotá-Bogota D.C.
3900251191;Villavicencio -Meta
3900599033;Bogotá-Bogota D.C.
3900789008;Bogotá-Bogota D.C.
3901029446;Medellin -Antioquia
3901159715;Bogotá-Bogota D.C.
3901147737;Cali -Valle
3860009985;Villavicencio - Meta
3890108661;Bogotá-Bogota D.C.
3901605529;Planeta Rica - Córdoba
3800007350;Guadalajara De Buga -Valle
3900849065;Cali -Valle
3900390425;Montería -Cordoba
3830071212;Bogotá-Bogota D.C.
3891102723;Bogotá, D.C. - Bogotá
3901459068;Palmira - Valle Del Cauca
3900172059;Madrid -Cundinamarca
3901169831;Cartago - Valle Del Cauca
3901326839;Bogotá-Bogota D.C.
3901507323;Tauramena -Casanare
3901243679;Funza -Cundinamarca
3900586958;Bogotá, D.C. - Bogotá
3900889430;Bogotá-Bogota D.C.
3900655519;Bogotá-Bogota D.C.
3901298356;Bogotá-Bogota D.C.
3901479509;Facatativá -Cundinamarca
3900298745;Bogotá-Bogota D.C.
3901586716;Cali - Valle Del Cauca
3901712265;Funza -Cundinamarca
3830038152;Mosquera -Cundinamarca
3901320749;Tuluá -Valle
3900057203;Bogotá-Bogota D.C.
3901280841;Bogotá, D.C. - Bogotá
3901347904;Cali - Valle Del Cauca
3900126988;Bogotá, D.C. - Bogotá
3900427772;Restrepo -Meta
3900647576;Facatativá -Cundinamarca
3900636141;Cajicá -Cundinamarca
3900208201;Bogotá-Bogota D.C.
3900591643;Villavicencio -Meta
3900756735;Bogotá-Bogota D.C.
3900170176;Madrid -Cundinamarca
3901098207;Villavicencio -Meta
3830071847;Cali - Valle Del Cauca
3901047458;Villavicencio -Meta
3860076919;Bogotá-Bogota D.C.
3900266949;Bogotá-Bogota D.C.
3892001109;Villavicencio -Meta
3901266923;Sincelejo - Sucre
3900708958;Abejorral -Antioquia
3900297138;Bogotá-Bogota D.C.
3900339379;Bogotá-Bogota D.C.
3901377661;Santa Marta -Magdalena
3802012828;Barranquilla - Atlántico
3830510909;Yumbo -Valle
3830000770;Bogotá, D.C. - Bogotá
3811031052;Villanueva -Casanare
3901597875;Pereira - Risaralda
3900933604;Bogotá-Bogota D.C.
3900675804;Bogotá-Bogota D.C.
3830092876;Bogotá-Bogota D.C.
3900976298;Villavicencio -Meta
3901667628;Villavicencio -Meta
3860506714;Bogotá-Bogota D.C.
3801001676;Armenia -Quindio
3820004962;Tunja - Boyacá
3901284541;Bogotá, D.C. - Bogotá
3901805534;Bogotá, D.C. - Bogotá
3901457713;Acacias -Meta
3901352795;Barrancabermeja - Santander
3860030168;Bogotá-Bogota D.C.
3901516893;Pamplona - Norte de Santander
3900508010;Bogotá-Bogota D.C.
3900763294;Cali - Valle Del Cauca
3860076670;Bogotá, D.C. - Bogotá
3900188460;Funza - Cundinamarca
3900113661;Cajicá -Cundinamarca
3900490692;Candelaria -Valle
3900494363;Mosquera -Cundinamarca
3830069311;Bogotá-Bogota D.C.
3805006833;Yumbo - Valle Del Cauca
3900254487;Villavicencio - Meta
3901539268;Bogotá, D.C. - Bogotá
3901180929;Cali -Valle
3891300241;Palmira -Valle
3900829974;Mosquera -Cundinamarca
3900179369;Cáqueza -Cundinamarca
3901459927;Bogotá-Bogota D.C.
3900370081;Villavicencio -Meta
3860517560;Bogotá-Bogota D.C.
3901816311;Bogotá, D.C. - Bogotá
3800137224;Bogotá, D.C. - Bogotá
3900295171;Mosquera - Cundinamarca
3901372026;Bogotá-Bogota D.C.
3900444014;Bogotá-Bogota D.C.
3901213741;Mosquera -Cundinamarca
3900508676;Mosquera - Cundinamarca
3800052674;Bogotá-Bogota D.C.
3900548844;Bogotá, D.C. - Bogotá
3901320666;Bogotá-Bogota D.C.
3830035263;Tocancipá -Cundinamarca
3900361276;Funza -Cundinamarca
3901602453;Bogotá-Bogota D.C.
379958081;Bogotá, D.C. - Bogotá
3900163464;Neiva -Huila
3900947157;Bogotá-Bogota D.C.
3830007737;Villavicencio -Meta
3900421889;Duitama - Boyacá
3901060665;Medellin -Antioquia
380815115;Cota - Cundinamarca
3811022908;Envigado -Antioquia
3860008010;Mosquera - Cundinamarca
3901750731;Villavicencio - Meta
3901239576;Bogotá, D.C. - Bogotá
3901246303;Villanueva - Casanare
3901429040;Bogotá, D.C. - Bogotá
3901029349;Cali - Valle Del Cauca
3860001697;Bogotá-Bogota D.C.
3860040584;Bogotá-Bogota D.C.
3830067325;Bogotá, D.C. - Bogotá
3900359417;Chía -Cundinamarca
3901465856;Bogotá, D.C. - Bogotá
3900729017;Armenia - Quindío
3811036744;Bogotá-Bogota D.C.
3900310014;Bogotá-Bogota D.C.
3900627794;Yumbo - Valle Del Cauca
3800069643;Sibaté - Cundinamarca
3900291680;Yumbo -Valle
3901245227;Quetame -Cundinamarca
3901274346;Soacha -Cundinamarca
3900796721;Cáqueza -Cundinamarca
3900479195;Bogotá-Bogota D.C.
3900594349;Mosquera -Cundinamarca
3901724138;Madrid - Cundinamarca
3800117180;Villavicencio -Meta
3800028582;Bogotá-Bogota D.C.
379140935;Villavicencio - Meta
3900796147;Villanueva -Casanare
3900432381;Bogotá-Bogota D.C.
3800013331;Bogotá-Bogota D.C.
3901692634;Villavicencio - Meta
3900099727;Bogotá-Bogota D.C.
3900708801;Pereira -Risaralda
3830090655;Bogotá-Bogota D.C.
3830093456;Villavicencio -Meta
3809012806;Ibagué -Tolima
3900784975;Yumbo -Valle
3900450513;Funza -Cundinamarca
3900209883;Cali -Valle
3901259996;Bogotá-Bogota D.C.
3901177272;Bogotá-Bogota D.C.
3900098524;Bogotá-Bogota D.C.
3900600307;Guadalajara De Buga -Valle
3900173896;Bogotá-Bogota D.C.
3900353601;Ibagué -Tolima
3901645505;La Calera -Cundinamarca
3900741776;Bogotá-Bogota D.C.
3900591372;Manizales - Caldas
3900311569;Cali -Valle
3901266602;Tunja -Boyaca
3890900608;Envigado -Antioquia
3830097026;Bogotá-Bogota D.C.
3901417556;Cali -Valle
3830501988;Mosquera -Cundinamarca
3100299999;Abejorral -Antioquia
3900291811;Bogotá-Bogota D.C.
3900817820;Funza -Cundinamarca
3901680773;Samacá - Boyacá
3860001605;Bogotá, D.C. - Bogotá
3860023264;Bogotá-Bogota D.C.
3900967552;Gachancipá -Cundinamarca
3900660082;Facatativá - Cundinamarca
3901110888;Bogotá-Bogota D.C.
3860031606;Espinal -Tolima
3901337208;Bogotá-Bogota D.C.
3900900122;Bogotá-Bogota D.C.
3900071983;Yumbo -Valle
3900185361;Bogotá-Bogota D.C.
3901082545;Los Patios -Norte de Santander
3901286237;Bogotá, D.C. - Bogotá
3800155565;Bogotá-Bogota D.C.
3901268508;Bogotá-Bogota D.C.
3844003151;Villavicencio -Meta
3900150640;Bogotá-Bogota D.C.
3900467326;Villa De San Diego De Ubaté - Cundinamarca
3900672980;Floridablanca -Santander
3830109367;Bogotá-Bogota D.C.
3900133093;Bogotá-Bogota D.C.
3900265987;Bogotá-Bogota D.C.
3900490972;Bogotá-Bogota D.C.
3800061542;Medellin -Antioquia
3901299545;Bojacá - Cundinamarca
3901475021;Bogotá, D.C. - Bogotá
3900194475;Tuluá -Valle
3819000939;Bogotá-Bogota D.C.
3901540958;Sogamoso -Boyaca
3900436922;Yopal -Casanare
3800098190;Castilla La Nueva -Meta
3900080306;Mosquera -Cundinamarca
3901557551;Madrid -Cundinamarca
3900643686;Cota -Cundinamarca
3830513325;Villavicencio -Meta
3901437265;Cáqueza -Cundinamarca
3901438665;Bogotá-Bogota D.C.
3901002898;Bogotá-Bogota D.C.
3900662985;Cali -Valle
3900518967;Pereira - Risaralda
3832011283;Funza -Cundinamarca
3900953824;Bogotá-Bogota D.C.
3901433939;Villavicencio -Meta
3812002995;Villavicencio -Meta
3800236946;Santander De Quilichao -Cauca
3900723571;Mosquera -Cundinamarca
3900062821;Bogotá, D.C. - Bogotá
3900182822;Bogotá, D.C. - Bogotá
3800224972;Villavicencio -Meta
3900320775;Bogotá-Bogota D.C.
3900372820;Bogotá-Bogota D.C.
3900418527;Bogotá-Bogota D.C.
3892000264;Acacias -Meta
3800108330;Mosquera -Cundinamarca
3890807976;Manizales -Caldas
3830048209;Bogotá-Bogota D.C.
3900734613;Aguazul - Casanare
3901371473;Bogotá-Bogota D.C.
3830041080;Bogotá-Bogota D.C.
3800161538;Tuluá -Valle
3800126785;Bogotá-Bogota D.C.
3890600643;Bogotá, D.C. - Bogotá
3900300693;Mosquera -Cundinamarca
3900454872;Yopal -Casanare
3901744793;Bogotá-Bogota D.C.
3900467665;Alvarado - Tolima
3900223160;Cartagena -Bolivar
3901488444;Bogotá-Bogota D.C.
3900766127;Bogotá-Bogota D.C.
3800064784;Bogotá, D.C. - Bogotá
3808004144;Fusagasugá -Cundinamarca
3900090889;Bogotá-Bogota D.C.
3891301392;Cali - Valle Del Cauca
3901254696;Bogotá-Bogota D.C.
3830123689;Facatativá -Cundinamarca
3830074655;Funza -Cundinamarca
3901104737;Bogotá-Bogota D.C.
3800110976;Mosquera -Cundinamarca
3900979045;Villavicencio - Meta
3901592047;Armenia -Quindio
3900549349;Bogotá, D.C. - Bogotá
3901224779;Guayabetal -Cundinamarca
3901589297;Villavicencio -Meta
3901554678;Bogotá-Bogota D.C.
3830134002;Bogotá, D.C. - Bogotá
3810002646;Anserma -Caldas
3900655868;Villavicencio -Meta
3901359981;Madrid - Cundinamarca
3900018871;Villavicencio -Meta
3813003916;Neiva -Huila
3830030281;Bogotá-Bogota D.C.
3900519083;Bogotá-Bogota D.C.
3900152608;Mosquera -Cundinamarca
3900581234;Filandia -Quindio
3901553636;Pereira -Risaralda
3901462429;Ibagué - Tolima
3900853830;Pereira -Risaralda
3900319478;Funza -Cundinamarca
3805025025;Cali -Valle
3900605844;Bogotá-Bogota D.C.
3900932375;Bogotá-Bogota D.C.
3901244681;Ibagué -Tolima
3830012275;Bogotá, D.C. - Bogotá
3899999034;Cali -Valle
3800148973;Funza -Cundinamarca
3823004901;Coloso - Sucre
3900411302;Bogotá-Bogota D.C.
3891900712;Zarzal -Valle
3900480183;Mosquera -Cundinamarca
3900215262;Bogotá-Bogota D.C.
3900509142;Guadalajara De Buga - Valle Del Cauca
3800215062;Tuluá -Valle
3860501682;Bogotá-Bogota D.C.
3900488961;Armenia -Quindio
3830015914;Bogotá-Bogota D.C.
3900611904;Bogotá-Bogota D.C.
3900298074;Cali - Valle Del Cauca
3830062025;Bogotá-Bogota D.C.
3901603652;Cali -Valle
3900475562;Sogamoso - Boyacá
3805007083;Yumbo -Valle
3900390537;Funza - Cundinamarca
3830079651;Bogotá, D.C. - Bogotá
3817000970;Puerto Tejada -Cauca
3900829470;Bogotá-Bogota D.C.
3901272353;Bogotá-Bogota D.C.
3800119574;Yopal - Casanare
3901372158;Ipiales - Nariño
3860076394;Bogotá-Bogota D.C.
3901352382;Villavicencio -Meta
3891300043;Palmira - Valle Del Cauca
3900339362;Bogotá-Bogota D.C.
3830090230;Yopal - Casanare
3890930545;Bogotá-Bogota D.C.
3901248239;Bogotá, D.C. - Bogotá
3800198783;Bogotá, D.C. - Bogotá
3800193850;Yumbo -Valle
3900658872;Madrid -Cundinamarca
3900446865;Bogotá-Bogota D.C.
3900795612;Villavicencio - Meta
3800060159;Bogotá-Bogota D.C.
3830514597;Bogotá-Bogota D.C.
3900059215;Bogotá-Bogota D.C.
3900849269;Bogotá-Bogota D.C.
3900759793;Castilla La Nueva -Meta
3830083351;Bogotá-Bogota D.C.
3900680003;Bogotá-Bogota D.C.
3900001177;Villavicencio - Meta
3900974547;Ibagué -Tolima
3900647433;Puerto Berrio -Antioquia
3901317268;Barrancabermeja - Santander
3901327931;Tenjo -Cundinamarca
3901062946;Facatativá -Cundinamarca
3832002333;Madrid -Cundinamarca
3900575964;Mosquera -Cundinamarca
3900968278;Cúcuta -Norte de Santander
3901827642;Villavicencio - Meta
3900691048;Facatativá -Cundinamarca
3900415025;Bogotá-Bogota D.C.
3900277743;Medellin -Antioquia
3900707466;Sogamoso - Boyacá
3830002366;Bogotá-Bogota D.C.
3900710052;Bogotá-Bogota D.C.
3890111175;Barranquilla -Atlantico
3900297543;Funza - Cundinamarca
3800034586;Palmira - Valle Del Cauca
3900446446;Bogotá-Bogota D.C.
3900810245;Mosquera -Cundinamarca
3860534244;Bogotá-Bogota D.C.
39733979;Armenia -Quindio
3901277240;Bogotá-Bogota D.C.
3901085449;Bogotá-Bogota D.C.
3900428531;Bogotá-Bogota D.C.
3900691502;Bogotá-Bogota D.C.
3901242663;Bogotá-Bogota D.C.
3900940227;Bogotá-Bogota D.C.
3835001216;Yumbo -Valle
3901083530;Bogotá, D.C. - Bogotá
3900192711;Bogotá-Bogota D.C.
3900792417;Cali -Valle
3900533318;Villavicencio -Meta
3800155430;Villavicencio - Meta
3900807456;Bogotá-Bogota D.C.
3900509538;Bogotá-Bogota D.C.
3830048588;Bogotá-Bogota D.C.
3900766903;Cali -Valle
3901669141;Bogotá, D.C. - Bogotá
3901333525;Palmira -Valle
3901617851;Cali - Valle Del Cauca
3900364353;Yopal -Casanare
3891900390;Andalucía -Valle
3900606345;Bogotá-Bogota D.C.
3830043342;Bogotá-Bogota D.C.
3860515802;Bogotá-Bogota D.C.
3830080157;Bogotá, D.C. - Bogotá
3900175904;Bogotá-Bogota D.C.
3901670324;Bogotá, D.C. - Bogotá
3900752302;Bogotá-Bogota D.C.
3900939572;Bogotá, D.C. - Bogotá
3832006795;Bogotá-Bogota D.C.
3900414079;Bogotá-Bogota D.C.
3800165142;Bogotá-Bogota D.C.
3891856457;Duitama -Boyaca
3901592515;Bogotá-Bogota D.C.
3900545046;Fómeque -Cundinamarca
3901130720;Acacias - Meta
3901133629;Bogotá-Bogota D.C.
3900640669;Bogotá-Bogota D.C.
3900469736;Bogotá, D.C. - Bogotá
3860353462;Bogotá-Bogota D.C.
3901085682;Villavicencio -Meta
3901447306;Bogotá-Bogota D.C.
3901245173;Soacha -Cundinamarca
3901107900;Pereira - Risaralda
3900942454;Bogotá-Bogota D.C.
3901701316;Bogotá, D.C. - Bogotá
3800249174;Manizales -Caldas
3900377800;Bogotá-Bogota D.C.
3815004241;Palmira -Valle
3830079894;Villavicencio -Meta
3800002030;Tocancipá -Cundinamarca
3830079549;Facatativá -Cundinamarca
3860010527;Bogotá-Bogota D.C.
3860003956;Bogotá-Bogota D.C.
3900739092;Yopal - Casanare
3830088215;Bogotá-Bogota D.C.
3900060329;Sabaneta -Antioquia
3860003831;Mosquera -Cundinamarca
3900409686;Bogotá-Bogota D.C.
3900852805;Bogotá-Bogota D.C.
3901002357;Samacá - Boyacá
3900151513;Mosquera -Cundinamarca
3900922692;Vijes - Valle Del Cauca
3900232695;Bogotá-Bogota D.C.
3900343684;Tocancipá -Cundinamarca
3900783521;Villavicencio - Meta
3901233489;Bogotá-Bogota D.C.
3900648901;Tuluá - Valle Del Cauca
3892099183;Fuente De Oro -Meta
3830059437;Madrid -Cundinamarca
3900301388;Villavicencio -Meta
3800202271;Bogotá-Bogota D.C.
3901710725;Mosquera - Cundinamarca
3901278352;Mosquera -Cundinamarca
3890399001;Cali -Valle
3822004218;Restrepo -Meta
3900053758;Villavicencio -Meta
3901072109;Bogotá-Bogota D.C.
3900394217;Bogotá-Bogota D.C.
3900394396;Bogotá-Bogota D.C.
3901433463;Bogotá-Bogota D.C.
3900551847;Bogotá, D.C. - Bogotá
3901474856;Cali - Valle Del Cauca
3900767372;Bogotá, D.C. - Bogotá
3800024040;Bogotá-Bogota D.C.
3901452152;Roldanillo -Valle
3901033154;Mosquera - Cundinamarca
3830117064;Bogotá-Bogota D.C.
3800113658;Ibagué -Tolima
3901072483;Facatativá -Cundinamarca
3800079482;Villavicencio -Meta
3900162625;Medellin -Antioquia
3811013082;Funza -Cundinamarca
3900692633;Bogotá-Bogota D.C.
3900962839;Ibagué - Tolima
3900015051;Villavicencio -Meta
3830079006;Bogotá-Bogota D.C.
3900964733;Bogotá-Bogota D.C.
3900858096;Calamar -Bolivar
3811015861;Chía -Cundinamarca
3901149282;Villavicencio -Meta
3901515435;Ibagué -Tolima
3830125404;Bogotá-Bogota D.C.
3901529435;Bogotá, D.C. - Bogotá
3900624777;Yumbo -Valle
3901323869;Bogotá, D.C. - Bogotá
3901399874;Bogotá-Bogota D.C.
3901509839;Barrancabermeja - Santander
3900495143;Bogotá-Bogota D.C.
3900013518;Bogotá-Bogota D.C.
3800201048;Bogotá-Bogota D.C.
3830082693;Bogotá-Bogota D.C.
3901095623;Roldanillo -Valle
3900427589;Medellin -Antioquia
3830500775;Yumbo -Valle
3890200211;Málaga - Santander
3890003838;Armenia -Quindio
3900898577;Acacias -Meta
3830074603;Bogotá-Bogota D.C.
3830113097;Zipaquirá - Cundinamarca
3901340984;Villavicencio -Meta
3900418860;Mosquera -Cundinamarca
3830008439;Bogotá-Bogota D.C.
3901101928;Paipa - Boyacá
3900209000;Bucaramanga -Santander
3830014588;Bogotá-Bogota D.C.
3830512304;Bogotá-Bogota D.C.
3901396992;Sasaima -Cundinamarca
3901557200;Tuluá -Valle
3800221079;Bogotá, D.C. - Bogotá
3900547399;Bogotá-Bogota D.C.
3901578805;Villavicencio -Meta
3900415386;Paratebueno -Cundinamarca
3830035631;Bogotá-Bogota D.C.
3860028019;Bogotá-Bogota D.C.
3900513805;Paratebueno -Cundinamarca
3830030986;Bogotá-Bogota D.C.
3800000;Bogotá, D.C. - Bogotá
3901126420;Madrid -Cundinamarca
3860042521;Bogotá-Bogota D.C.
3901414677;Bogotá, D.C. - Bogotá
3800162553;Bogotá-Bogota D.C.
3830134193;Bogotá, D.C. - Bogotá
389334244;Alejandría - Antioquia
3815000720;Cali -Valle
3900736625;Villavicencio -Meta
3900034870;Zipaquirá -Cundinamarca
3891102601;Neiva - Huila
3901606162;Pereira - Risaralda
3900529838;Bogotá, D.C. - Bogotá
3901490498;Restrepo -Meta
3890200474;Piedecuesta -Santander
3890204199;Bucaramanga - Santander
3901415627;Bogotá-Bogota D.C.
3900359365;Bogotá, D.C. - Bogotá
3901117376;Bogotá, D.C. - Bogotá
3900699599;Bogotá-Bogota D.C.
3891409088;Pereira -Risaralda
3860068802;Bogotá-Bogota D.C.
3901285855;Cali - Valle Del Cauca
3800194208;Manizales - Caldas
3900883351;Bogotá-Bogota D.C.
3900164840;Sahagún -Cordoba
3900407987;Neiva -Huila
3900498704;Restrepo -Meta
3900440416;Bogotá-Bogota D.C.
3901462094;Funza - Cundinamarca
3800167076;Bogotá-Bogota D.C.
3900635487;Facatativá - Cundinamarca
3901129917;Acacias -Meta
3900751891;Pereira -Risaralda
3901669251;Cali - Valle Del Cauca
3901452996;Ipiales -Nariño
3900880906;Tuluá -Valle
3901119300;Bogotá, D.C. - Bogotá
3900830812;Bogotá-Bogota D.C.
3900848064;Bogotá-Bogota D.C.
3900799441;Santa Rosa De Cabal -Risaralda
3830014450;Abejorral -Antioquia
3901163201;Mosquera - Cundinamarca
32982475;Bogotá, D.C. - Bogotá
3800021599;Facatativá -Cundinamarca
3901358174;Villavicencio -Meta
3900436352;Bogotá-Bogota D.C.
3830092453;Bogotá-Bogota D.C.
3900376093;Villavicencio -Meta
3900746053;Bogotá-Bogota D.C.
3822002991;Nilo - Cundinamarca
3900607343;Funza -Cundinamarca
3900860682;Bogotá-Bogota D.C.
3899999420;Fosca -Cundinamarca
3830050372;Bogotá-Bogota D.C.
3900762812;Cali -Valle
39004155625;Bogotá, D.C. - Bogotá
3900462897;Bogotá-Bogota D.C.
3800214054;Bogotá-Bogota D.C.
3900260544;Pasto -Nariño
3901811228;Armenia - Quindío
3900759533;Cartagena - Bolívar
3830095617;Bogotá-Bogota D.C.
3901288398;Bogotá, D.C. - Bogotá
3900381918;Mosquera - Cundinamarca
3830086479;Bogotá, D.C. - Bogotá
3900491030;Yopal -Casanare
3900470050;Bogotá, D.C. - Bogotá
3901038530;Bogotá-Bogota D.C.
3901253691;Mosquera -Cundinamarca
3805023030;Cali -Valle
3900266631;Mosquera -Cundinamarca
3900414280;Barranquilla - Atlántico
3830092981;Bogotá-Bogota D.C.
3800121665;Bogotá-Bogota D.C.
3860030764;Bogotá, D.C. - Bogotá
3901470457;Bogotá, D.C. - Bogotá
3900236791;Bogotá-Bogota D.C.
3901277160;Puerto Gaitán - Meta
38000473590;Bogotá, D.C. - Bogotá
3901215344;Bogotá, D.C. - Bogotá
3900577231;Villavicencio -Meta
3901221960;Bogotá-Bogota D.C.
3816001519;Pereira - Risaralda
3800077198;Ibagué -Tolima
3900584632;Villa De San Diego De Ubaté -Cundinamarca
3901752017;Tenjo - Cundinamarca
3900338755;Bogotá-Bogota D.C.
3822005127;Villavicencio -Meta
3900825274;Bogotá, D.C. - Bogotá
3900515863;Madrid -Cundinamarca
3901426279;Bogotá, D.C. - Bogotá
3900321419;Bogotá-Bogota D.C.
3901758728;Montería -Cordoba
3900107992;Barranquilla -Atlantico
3900490908;Villavicencio -Meta
3901283423;Yumbo -Valle
3800064114;Bogotá-Bogota D.C.
3800188588;Bogotá-Bogota D.C.
374356955;Samacá - Boyacá
3900766260;Funza -Cundinamarca
3901807306;Fusagasugá - Cundinamarca
3901546061;Bogotá-Bogota D.C.
3900602354;Bogotá, D.C. - Bogotá
3900406004;Ricaurte -Cundinamarca
3900361008;Guadalajara De Buga - Valle Del Cauca
3901341501;Bogotá, D.C. - Bogotá
3901546465;Puerto Lopez -Meta
3900868590;Bucaramanga - Santander
3900198076;Cali -Valle
3901552696;Cajicá -Cundinamarca
3901285037;Bogotá-Bogota D.C.
3860058979;Cota -Cundinamarca
3900423131;Yumbo - Valle Del Cauca
3830019204;Bogotá-Bogota D.C.
3900953988;Bogotá, D.C. - Bogotá
3900754496;Mosquera -Cundinamarca
3900604130;Bogotá-Bogota D.C.
3901489928;Villavicencio - Meta
3901501779;Bogotá-Bogota D.C.
3900621255;Bogotá-Bogota D.C.
3901310625;Facatativá -Cundinamarca
3901241548;Cota - Cundinamarca
3890399032;Cali -Valle
3800055116;Tocancipá -Cundinamarca
3901211857;Villavicencio -Meta
3901097814;Bogotá-Bogota D.C.
3901088744;Duitama - Boyacá
3811036515;Medellin -Antioquia
3900649605;Bogotá-Bogota D.C.
3860501511;Bogotá, D.C. - Bogotá
3800238041;Funza -Cundinamarca
3900391661;Bogotá, D.C. - Bogotá
3890900161;Girardota -Antioquia
3900501354;Bogotá-Bogota D.C.
3830075933;Mosquera -Cundinamarca
3900088596;Bogotá-Bogota D.C.
3900133181;Acacias -Meta
3830083670;Bogotá-Bogota D.C.
3901398684;Villavicencio -Meta
3901176580;Bogotá, D.C. - Bogotá
3830070084;Facatativá -Cundinamarca
3900186088;Bogotá-Bogota D.C.
3900089149;Bogotá-Bogota D.C.
3900805231;Cali -Valle
3900625896;Bogotá, D.C. - Bogotá
3900319401;Cali -Valle
3830015545;Tocancipá -Cundinamarca
3800185039;Bogotá-Bogota D.C.
3900398132;Villeta -Cundinamarca
3900601674;Bogotá-Bogota D.C.
3900142798;Villavicencio -Meta
3901213255;Villavicencio - Meta
3900314447;Bogotá, D.C. - Bogotá
3813010186;Neiva -Huila
3900113804;Bogotá-Bogota D.C.
3901152084;Bogotá-Bogota D.C.
3891900156;Cartago -Valle
3802018747;Bogotá-Bogota D.C.
3901412193;Medina - Cundinamarca
3900645161;Facatativá -Cundinamarca
3860042431;Abejorral -Antioquia
3800154381;Tuluá -Valle
3901079457;Cali -Valle
3900521983;Madrid -Cundinamarca
3900144171;Cali -Valle
3901322006;Bogotá-Bogota D.C.
3800112024;Bogotá-Bogota D.C.
3811028564;Medellin -Antioquia
3860069284;Bogotá-Bogota D.C.
3901400447;Cartagena -Bolivar
3800198062;Cali -Valle
3901786047;Bogotá, D.C. - Bogotá
3901210668;Villavicencio -Meta
3900824288;Medellin -Antioquia
3830031824;Madrid -Cundinamarca
3901368931;Mosquera - Cundinamarca
3899999063;Bogotá-Bogota D.C.
3901529703;Bogotá, D.C. - Bogotá
3901646812;Acacias - Meta
3901762223;Bogotá, D.C. - Bogotá
3860507710;Bogotá-Bogota D.C.
3900303413;Bogotá, D.C. - Bogotá
3900803340;Bogotá-Bogota D.C.
3901372476;Barranquilla - Atlántico
3832000957;Facatativá -Cundinamarca
3830062393;Tenjo -Cundinamarca
3860527960;Bogotá-Bogota D.C.
3900420936;Villamaria - Caldas
3900734812;Bogotá, D.C. - Bogotá
3901246498;Popayán -Cauca
3901618876;Ibagué -Tolima
3900120505;Mosquera -Cundinamarca
3900616108;Popayán -Cauca
380408400;Duitama - Boyacá
3900515419;Chía -Cundinamarca
3830063196;Facatativá -Cundinamarca
3830131918;Cota -Cundinamarca
3901798250;Zipaquirá - Cundinamarca
3901657933;Girardot -Cundinamarca
3860000122;Bogotá-Bogota D.C.
3900126863;Bogotá-Bogota D.C.
3819005024;Santa Marta - Magdalena
3900404734;Bogotá-Bogota D.C.
3901194001;Villa De San Diego De Ubaté - Cundinamarca
3900114425;Tunja -Boyaca
3901309507;Acacias - Meta
3900292774;Bogotá, D.C. - Bogotá
3800192811;Cali - Valle Del Cauca
3802023344;Barranquilla - Atlántico
3900664679;Bogotá-Bogota D.C.
3830137106;Bogotá-Bogota D.C.
3901025706;Mosquera -Cundinamarca
3900327852;Mosquera -Cundinamarca
3800199818;Bogotá-Bogota D.C.
3901706664;Villavicencio - Meta
3900017949;Cali -Valle
3901636896;Bogotá, D.C. - Bogotá
3900624646;Palmira - Valle Del Cauca
3891855600;Duitama - Boyacá
3900977840;Bogotá, D.C. - Bogotá
3900260295;Montería - Córdoba
3901629331;Facatativá -Cundinamarca
3901252464;Venadillo - Tolima
3901271801;Bogotá-Bogota D.C.
3901522955;Facatativá -Cundinamarca
3901493854;Guadalajara De Buga - Valle Del Cauca
3900325433;Bogotá-Bogota D.C.
3890906388;Mosquera -Cundinamarca
3800220064;Santander De Quilichao -Cauca
3811007601;Medellín - Antioquia
3901714054;Los Patios - Norte de Santander
3830024478;Villavicencio -Meta
3900316025;Dosquebradas -Risaralda
3800117197;Cali -Valle
3900061680;Tuluá -Valle
3900910625;Bogotá-Bogota D.C.
3901420178;Villavicencio - Meta
3900947600;Villeta - Cundinamarca
3900829177;Acacias - Meta
3830053894;Bogotá-Bogota D.C.
3900518826;Cartago -Valle
3901801142;Aguazul - Casanare
3901044019;Palmira - Valle Del Cauca
3860048626;Bogotá-Bogota D.C.
3900532044;Madrid -Cundinamarca
3900795601;Bogotá, D.C. - Bogotá
3830079389;Bogotá-Bogota D.C.
3805027005;Cali -Valle
3800126471;Bogotá-Bogota D.C.
3830001007;Bogotá-Bogota D.C.
3900879657;Villavicencio -Meta
3900107550;Bogotá, D.C. - Bogotá
3830091549;Bogotá-Bogota D.C.
3900129090;Bogotá-Bogota D.C.
3900346428;Bogotá-Bogota D.C.
3900576975;La Calera -Cundinamarca
3900391722;Bogotá-Bogota D.C.
3804010418;Bogotá-Bogota D.C.
3891304849;Palmira -Valle
3901098861;Villavicencio - Meta
3830040574;Bogotá-Bogota D.C.
3901574868;El Rosal - Cundinamarca
3901404460;Cali - Valle Del Cauca
3830078927;Bogotá, D.C. - Bogotá
3901139195;Pasto -Nariño
3830106262;Madrid -Cundinamarca
3901358838;Madrid -Cundinamarca
3901673743;Mosquera - Cundinamarca
380135984;Bogotá, D.C. - Bogotá
3901401206;Cartagena -Bolivar
3900653526;Mosquera -Cundinamarca
3900538898;La Calera -Cundinamarca
3900758435;Bogotá-Bogota D.C.
3901382480;Villavicencio -Meta
3901650439;Facatativá - Cundinamarca
3900706445;Tuluá -Valle
3900249983;Fómeque -Cundinamarca
3900535717;Bogotá-Bogota D.C.
3900444852;Bogotá-Bogota D.C.
3901053708;Barranquilla - Atlántico
3900356683;Envigado -Antioquia
3830144683;Bogotá-Bogota D.C.
3900973211;Palmira - Valle Del Cauca
3900794544;Manizales -Caldas
3800188491;Bogotá-Bogota D.C.
3900389855;Bogotá-Bogota D.C.
3901198534;Cali - Valle Del Cauca
3900966185;Bogotá-Bogota D.C.
3900511471;Bogotá-Bogota D.C.
3900582473;Mosquera - Cundinamarca
3900634677;Montería - Córdoba
3800219371;Bogotá-Bogota D.C.
3901458872;Bogotá-Bogota D.C.
3900735461;Cali -Valle
3901307124;Villavicencio -Meta
3890322007;Palmira - Valle Del Cauca
340188043;Villavicencio - Meta
3900297469;Yumbo - Valle Del Cauca
3900131393;Bogotá-Bogota D.C.
3901123476;La Mesa -Cundinamarca
3901107537;Bogotá-Bogota D.C.
3802005075;Santa Marta -Magdalena
3900562598;Villavicencio -Meta
3900628047;Ibagué - Tolima
3900364630;Bogotá-Bogota D.C.
3901592083;Valledupar -Cesar
3901158757;Bogotá-Bogota D.C.
3830117701;Bogotá-Bogota D.C.
3900861952;Madrid -Cundinamarca
3800102813;Jamundí -Valle
3830111718;Bogotá, D.C. - Bogotá
3900873782;Bogotá, D.C. - Bogotá
3901438689;Cali -Valle
3900164695;Tauramena -Casanare
3901280372;Villavicencio - Meta
3830058272;Bogotá-Bogota D.C.
3900348531;Valledupar - Cesar
3804001957;Bucaramanga -Santander
3901068754;Funza -Cundinamarca
3901183131;Bogotá, D.C. - Bogotá
3901178711;Villavicencio -Meta
3890680053;Fusagasugá -Cundinamarca
3900359214;Bogotá-Bogota D.C.
3901183997;Ibagué - Tolima
3900391152;Bogotá-Bogota D.C.
3901568007;Bogotá, D.C. - Bogotá
3900412178;Ibagué -Tolima
3900840654;Mosquera -Cundinamarca
3860525726;Mosquera -Cundinamarca
3901374722;Cali - Valle Del Cauca
3900592973;Bogotá, D.C. - Bogotá
3900311811;Bogotá-Bogota D.C.
3901367951;Bogotá-Bogota D.C.
3900296178;Yopal -Casanare
3805009231;Cali -Valle
3900951036;Palmira -Valle
3900718099;Mosquera -Cundinamarca
3901227160;Fómeque -Cundinamarca
3900900094;Tuluá -Valle
3860074389;Bogotá-Bogota D.C.
3900915833;Guadalajara De Buga -Valle
3800201166;Bogotá-Bogota D.C.
3900178644;Guadalajara De Buga -Valle
3860006686;Bogotá, D.C. - Bogotá
3900690706;Bogotá-Bogota D.C.
3900600015;Bogotá-Bogota D.C.
3900389065;Madrid -Cundinamarca
3860013704;Dosquebradas -Risaralda
3860051471;Chía -Cundinamarca
3900300733;Bogotá-Bogota D.C.
3900578860;Acacias -Meta
3860527527;Bogotá-Bogota D.C.
3830130520;Mosquera -Cundinamarca
3900805127;Bogotá-Bogota D.C.
3901326473;Sogamoso - Boyacá
3901288630;Villavicencio -Meta
3830073458;Bogotá-Bogota D.C.
3860048371;Sibaté -Cundinamarca
3901013351;Bogotá, D.C. - Bogotá
3800234195;Bogotá-Bogota D.C.
3901196994;Bogotá-Bogota D.C.
3901585796;Bogotá, D.C. - Bogotá
3830134451;Soacha - Cundinamarca
3901099315;Bogotá, D.C. - Bogotá
3800095951;Bogotá-Bogota D.C.
3860350940;Bogotá, D.C. - Bogotá
3901156358;Bogotá-Bogota D.C.
3900898762;Funza -Cundinamarca
3804011640;Barrancabermeja - Santander
3830035116;Mosquera -Cundinamarca
3900758363;Corozal - Sucre
3900427365;Bogotá, D.C. - Bogotá
3900501888;Bogotá-Bogota D.C.
3810000500;Chinchiná -Caldas
3901506028;Bogotá, D.C. - Bogotá
3860532057;Bogotá-Bogota D.C.
3901081779;Bogotá, D.C. - Bogotá
3901251955;Salento -Quindio
3900565323;Cota -Cundinamarca
3900333610;Bogotá-Bogota D.C.
3830107448;Funza -Cundinamarca
3830140505;Bogotá-Bogota D.C.
3826002881;Yopal -Casanare
3901159990;Siachoque -Boyaca
3901602948;Facatativá - Cundinamarca
3901193700;Bogotá-Bogota D.C.
3900440296;Bogotá, D.C. - Bogotá
3830513763;Bogotá-Bogota D.C.
3900877123;Vianí - Cundinamarca
3901423451;Bogotá-Bogota D.C.
3900375335;Cali -Valle
3822007330;Villavicencio -Meta
3901204907;Yumbo -Valle
3900556971;Bogotá-Bogota D.C.
3901495615;Villavicencio -Meta
3900428711;Bogotá-Bogota D.C.
3901350410;Funza - Cundinamarca
3800171328;Tauramena -Casanare
3901626732;Guadalajara De Buga -Valle
3830102080;Bogotá-Bogota D.C.
3900876056;Acacias -Meta
3832005472;Soacha -Cundinamarca
3901225676;Mosquera -Cundinamarca
3900443747;Castilla La Nueva -Meta
3860052980;Bogotá-Bogota D.C.
3890904488;Girardota -Antioquia
3901234062;Villa De San Diego De Ubaté -Cundinamarca
3830071696;Cota -Cundinamarca
3901282707;Mosquera -Cundinamarca
3900713320;Acacias -Meta
3900822016;Tuluá -Valle
3901007191;Mosquera -Cundinamarca
3901028248;Bogotá-Bogota D.C.
3800017882;Bogotá, D.C. - Bogotá
3830104409;Bogotá-Bogota D.C.
3901152028;Cali -Valle
3800094622;Bojacá -Cundinamarca
3900743592;Medellin -Antioquia
3900192325;Mosquera -Cundinamarca
3900632594;Bogotá-Bogota D.C.
3900458998;Bogotá-Bogota D.C.
3815003054;Candelaria - Valle Del Cauca
3800089040;Bogotá-Bogota D.C.
3901317228;Bogotá-Bogota D.C.
3830002655;Bogotá-Bogota D.C.
3900367173;Guadalajara De Buga -Valle
3900532979;Villavicencio -Meta
3800069605;Cali - Valle Del Cauca
3901023168;Bogotá-Bogota D.C.
3900104046;Cali -Valle
3900441733;Guadalajara De Buga -Valle
3830027461;Mosquera -Cundinamarca
3900268066;Bogotá-Bogota D.C.
3900882759;Bogotá-Bogota D.C.
3901043737;Palmira -Valle
3900566554;Bogotá-Bogota D.C.
3830115076;Bogotá, D.C. - Bogotá
3901502015;Bogotá-Bogota D.C.
3900089961;Villavicencio -Meta
3901402525;Tuluá - Valle Del Cauca
3890920879;Itaguí - Antioquia
3899999062;Bogotá-Bogota D.C.
3830123029;Bojacá -Cundinamarca
3830068825;Bogotá, D.C. - Bogotá
3900413067;Buenaventura - Valle Del Cauca
3900222316;Chiquinquirá - Boyacá
3900356956;Bogotá-Bogota D.C.
3901630064;Bogotá, D.C. - Bogotá
3901406836;Facatativá - Cundinamarca
3901129021;Bogotá-Bogota D.C.
3860518299;Bogotá-Bogota D.C.
3900335279;Bogotá-Bogota D.C.
3830095035;Bagadó -Choco
3900676215;Montelíbano - Córdoba
3900634106;Cali -Valle
3817002585;Palmira -Valle
3901828937;Bogotá, D.C. - Bogotá
3901250953;Soacha - Cundinamarca
3860025674;Bogotá-Bogota D.C.
3901106297;Bogotá-Bogota D.C.
3901111843;Bogotá-Bogota D.C.
3900075205;Jamundí -Valle
3901245170;Yopal -Casanare
3900487192;Bogotá, D.C. - Bogotá
3860045210;Cota - Cundinamarca
3900586170;Ibagué - Tolima
3901280203;Cabuyaro - Meta
3822006227;Villavicencio -Meta
3901676491;Tuluá - Valle Del Cauca
3901087398;Magangué - Bolívar
3830127357;Bogotá-Bogota D.C.
3900099178;Girardot - Cundinamarca
3900077685;Tocancipá -Cundinamarca
3830050222;Tabio -Cundinamarca
3900109900;Bogotá-Bogota D.C.
3844000518;Bogotá-Bogota D.C.
3901155911;Bogotá, D.C. - Bogotá
3900800336;Cali -Valle
3900520681;Palmira - Valle Del Cauca
3900292507;Villavicencio - Meta
3900535131;Bogotá-Bogota D.C.
3901700528;Cota - Cundinamarca
3800251569;Bogotá-Bogota D.C.
3900348068;Tauramena - Casanare
3900211940;Ibagué -Tolima
3900220704;Tuluá - Valle Del Cauca
3900535979;Guamal -Meta
3832001912;Bogotá-Bogota D.C.
3900228307;Sabaneta -Antioquia
3812008156;Cereté - Córdoba
3860065656;Bogotá-Bogota D.C.
3900466681;Abejorral -Antioquia
3900717629;Palmira - Valle Del Cauca
3901130343;Soacha -Cundinamarca
374372058;Duitama - Boyacá
3900364465;Pereira -Risaralda
37223848;Duitama - Boyacá
3901836681;Ibagué - Tolima
3901454461;San Juan De Río Seco -Cundinamarca
3901578044;Bogotá-Bogota D.C.
3900570697;Guadalajara De Buga -Valle
3830103074;Madrid -Cundinamarca
3901590689;Cali - Valle Del Cauca
3800203984;Bogotá-Bogota D.C.
3900553535;Jamundí - Valle Del Cauca
3900625050;Girón -Santander
3900962052;Guadalajara De Buga -Valle
3800042175;Manizales -Caldas
3901544555;Ibagué - Tolima
3830116000;Bogotá-Bogota D.C.
3901729278;Bogotá, D.C. - Bogotá
3800113803;Cali - Valle Del Cauca
3800225417;Ipiales -Nariño
3900679623;Sibaté -Cundinamarca
3822007008;Villavicencio -Meta
3900519371;Bogotá, D.C. - Bogotá
3900745356;Medellin -Antioquia
3900128917;Bogotá-Bogota D.C.
3901362561;Bogotá-Bogota D.C.
3900744773;Sabaneta - Antioquia
3900491988;Cali - Valle Del Cauca
3901274741;Bogotá-Bogota D.C.
3900971770;Fusagasugá -Cundinamarca
34223542;Samacá - Boyacá
3900435931;Bogotá-Bogota D.C.
3810000533;Cali -Valle
3860033653;Bogotá-Bogota D.C.
3901116909;Bogotá-Bogota D.C.
3900608408;Bogotá-Bogota D.C.
3901069567;Facatativá -Cundinamarca
3900353842;Tocancipá -Cundinamarca
3901371148;Restrepo -Meta
3901618400;Villavicencio - Meta
3901031553;Palmira - Valle Del Cauca
3900244521;Bogotá-Bogota D.C.
3901184407;Bogotá-Bogota D.C.
3900943820;Villavicencio -Meta
3901370837;Bogotá, D.C. - Bogotá
3800200304;Mosquera -Cundinamarca
3900789091;Villavicencio -Meta
3901459244;Bogotá-Bogota D.C.
3900207029;Mosquera -Cundinamarca
3830124778;Bogotá, D.C. - Bogotá
3900409736;Bogotá-Bogota D.C.
3900303169;Bogotá-Bogota D.C.
3890312562;Cali -Valle
3900332590;Cali -Valle
3800126842;Mosquera -Cundinamarca
3900569316;Bogotá, D.C. - Bogotá
3830103458;Bogotá-Bogota D.C.
3900966969;Bogotá-Bogota D.C.
3830034400;Bogotá-Bogota D.C.
3900222435;Bogotá-Bogota D.C.
3800094705;Junín -Cundinamarca
3901580071;Cali -Valle
3830130125;Bogotá, D.C. - Bogotá
3830001337;Bogotá-Bogota D.C.
3900972833;Bogotá-Bogota D.C.
3901593057;Bogotá-Bogota D.C.
3900542971;Bogotá-Bogota D.C.
3900659862;Restrepo -Meta
3900328387;Villavicencio -Meta
3900580867;Abejorral -Antioquia
3830030964;Bogotá-Bogota D.C.
3900550189;Bogotá-Bogota D.C.
3901327959;Bogotá-Bogota D.C.
3900640601;Bogotá-Bogota D.C.
3901390736;Bogotá-Bogota D.C.
3805023081;Cali - Valle Del Cauca
3901182454;Bogotá, D.C. - Bogotá
3900689711;Armenia - Quindío
3900967883;Cali - Valle Del Cauca
3900685348;Bogotá-Bogota D.C.
3900143344;Yumbo - Valle Del Cauca
3830126569;Mosquera -Cundinamarca
3901182644;Bogotá, D.C. - Bogotá
3900515782;Cali - Valle Del Cauca
3900217466;Andalucía -Valle
3900894991;Bogotá-Bogota D.C.
3860070995;Itaguí -Antioquia
3900649119;Bogotá-Bogota D.C.
3900548985;Barranquilla -Atlantico
3900604997;Bogotá-Bogota D.C.
3890502572;Cúcuta - Norte de Santander
3900718634;Pereira -Risaralda
3890453;Bogotá, D.C. - Bogotá
3830043648;Bogotá-Bogota D.C.
3901270523;Tuluá -Valle
3800066758;Bogotá-Bogota D.C.
3800155875;Bogotá-Bogota D.C.
3830098200;Bogotá-Bogota D.C.
3900031314;Mosquera -Cundinamarca
3890800718;Bogotá-Bogota D.C.
3892003659;Villavicencio -Meta
3900424715;Bogotá-Bogota D.C.
3901144557;Bogotá, D.C. - Bogotá
3832009445;Puerto Gaitán -Meta
3890500726;Bogotá-Bogota D.C.
3900177107;Bogotá, D.C. - Bogotá
3830104572;Bogotá-Bogota D.C.
3901557207;Facatativá -Cundinamarca
3900880506;Mosquera -Cundinamarca
3901098852;Madrid -Cundinamarca
3800094778;Zipacón -Cundinamarca
3900468628;Bogotá-Bogota D.C.
3900148698;Bogotá-Bogota D.C.
3900349429;Bogotá-Bogota D.C.
3900366070;Bogotá-Bogota D.C.
3900265692;Cartagena - Bolívar
3900976294;Restrepo - Meta
3900882001;Popayán -Cauca
3900601001;Villavicencio - Meta
3900117232;Villavicencio -Meta
3800249678;Mosquera -Cundinamarca
3830092628;Cota -Cundinamarca
3900649985;Bogotá-Bogota D.C.
3900919599;Lorica -Cordoba
3900712241;Bogotá-Bogota D.C.
3900045181;Neiva - Huila
3901395237;Barranquilla -Atlantico
3901663198;Mosquera -Cundinamarca
3900597662;Candelaria -Valle
3901126068;Manizales -Caldas
3900857160;Bogotá-Bogota D.C.
3901383488;Abejorral -Antioquia
3860049921;Bogotá-Bogota D.C.
3901356389;Pasca -Cundinamarca
3900105153;Bogotá, D.C. - Bogotá
3900076978;Bogotá-Bogota D.C.
3900690300;Montería - Córdoba
3830061945;Bogotá-Bogota D.C.
3815000863;Guadalajara De Buga -Valle
3901003748;Cali -Valle
3901255451;Madrid - Cundinamarca
3800130426;Bogotá, D.C. - Bogotá
3900356853;Bogotá, D.C. - Bogotá
3830012028;Facatativá -Cundinamarca
3901249152;Santa Rosa De Cabal - Risaralda
3860508826;Bogotá, D.C. - Bogotá
3901675522;Facatativá -Cundinamarca
3830098260;Bogotá-Bogota D.C.
3901118885;Villavicencio - Meta
3901593897;Abejorral -Antioquia
3822007117;Villavicencio -Meta
3900668487;Mosquera -Cundinamarca
3900988309;Cali -Valle
3830125479;Bogotá-Bogota D.C.
3900509062;Bogotá-Bogota D.C.
3901679590;Valledupar - Cesar
3900832415;Tuluá -Valle
3901076170;Bogotá-Bogota D.C.
3830088774;Bogotá-Bogota D.C.
3901253755;El Rosal -Cundinamarca
3899999407;Útica - Cundinamarca
3901443004;Tuluá -Valle
3900181901;Bogotá-Bogota D.C.
3900349841;Ibagué -Tolima
3901228208;Soacha -Cundinamarca
3901180271;Manizales - Caldas
3900986377;Ibagué -Tolima
3900614302;Villavicencio -Meta
3900170865;Bogotá-Bogota D.C.
3901649847;Bogotá-Bogota D.C.
3900393270;Facatativá -Cundinamarca
3900647665;Funza -Cundinamarca
3860004686;Mosquera -Cundinamarca
3900524661;Villavicencio - Meta
3901358545;El Cerrito - Valle Del Cauca
3900177052;Barranquilla -Atlantico
3890922447;Medellin -Antioquia
3901116362;Pereira - Risaralda
3901127112;Bogotá-Bogota D.C.
3844002476;Villavicencio -Meta
3860002566;Bogotá-Bogota D.C.
3901427356;Bogotá-Bogota D.C.
3900967257;Bogotá, D.C. - Bogotá
3815002760;Palmira -Valle
3900341635;Bogotá-Bogota D.C.
3860079913;Bogotá-Bogota D.C.
3901358806;Mosquera -Cundinamarca
3900508906;Bogotá-Bogota D.C.
3900666294;Bogotá-Bogota D.C.
3900759272;Cali -Valle
3901153903;Bogotá-Bogota D.C.
3830051440;Tenjo -Cundinamarca
3890935401;Cali -Valle
3830011670;Cali -Valle
3900121629;Mosquera -Cundinamarca
3890920990;Medellin -Antioquia
3901269152;Bogotá-Bogota D.C.
3900160119;Bogotá-Bogota D.C.
3900982707;Funza -Cundinamarca
3890703733;Líbano -Tolima
3830116746;Cota -Cundinamarca
3900295495;Bogotá-Bogota D.C.
3900248855;Mosquera -Cundinamarca
3900650888;Bogotá-Bogota D.C.
3901210050;Villavicencio -Meta
3900664350;Bogotá-Bogota D.C.
3900518056;El Rosal -Cundinamarca
3811013096;Medellin -Antioquia
3830078154;Bogotá, D.C. - Bogotá
3860069368;Bogotá-Bogota D.C.
3830117364;Bogotá-Bogota D.C.
319365328;Bogotá, D.C. - Bogotá
3860009359;Zipaquirá - Cundinamarca
3901027496;Bogotá-Bogota D.C.
3900416666;Pereira -Risaralda
3901359350;Bogotá-Bogota D.C.
3830083272;Bogotá-Bogota D.C.
3900269916;Puerto Lopez -Meta
3860065203;Bogotá-Bogota D.C.
3901047029;Bogotá, D.C. - Bogotá
3901066584;Guamo -Tolima
3900078130;Bogotá-Bogota D.C.
3900194944;Bogotá-Bogota D.C.
3900253546;Bogotá-Bogota D.C.
3901306188;Duitama - Boyacá
3900442171;Bogotá, D.C. - Bogotá
3900739232;Madrid -Cundinamarca
3900651121;Bogotá-Bogota D.C.
3800237815;Villavicencio -Meta
3900146332;Villavicencio - Meta
3800145882;Bogotá-Bogota D.C.
3900298597;Mosquera -Cundinamarca
3900485271;Bogotá, D.C. - Bogotá
3830137526;Mosquera -Cundinamarca
3900298370;Bogotá-Bogota D.C.
3901218762;Bogotá, D.C. - Bogotá
3830118447;Bogotá-Bogota D.C.
3900956416;Funza -Cundinamarca
3830098096;Bogotá-Bogota D.C.
3900361916;La Calera -Cundinamarca
3900662902;Bogotá-Bogota D.C.
3800191726;Bogotá-Bogota D.C.
3890111974;Bucaramanga -Santander
3900901196;Pereira -Risaralda
3900304920;Bogotá-Bogota D.C.
3901107094;Chía -Cundinamarca
3901379462;Cali -Valle
3813000298;Neiva -Huila
3900367920;Bogotá-Bogota D.C.
3901580145;Pereira - Risaralda
3900239039;Bogotá-Bogota D.C.
3901091875;Bogotá-Bogota D.C.
3900295606;Mosquera -Cundinamarca
3901371020;Bogotá-Bogota D.C.
3900411753;Barrancabermeja - Santander
3901225070;La Calera -Cundinamarca
3900661225;Bogotá-Bogota D.C.
3901667124;Bogotá-Bogota D.C.
3900183046;Bogotá-Bogota D.C.
3800013349;Bogotá, D.C. - Bogotá
3800205713;Anapoima -Cundinamarca
3901267213;Bogotá-Bogota D.C.
3901335111;Villavicencio -Meta
3860066818;Bogotá-Bogota D.C.
3901270637;Mosquera -Cundinamarca
3901235049;Pitalito -Huila
3900697249;Cáqueza -Cundinamarca
3900030814;Villavicencio -Meta
3830060680;Mosquera -Cundinamarca
3800167847;Madrid - Cundinamarca
3900036534;Tenjo -Cundinamarca
3901526757;Pereira -Risaralda
3900342704;Silvania -Cundinamarca
3901316929;Sogamoso - Boyacá
3890902875;Medellin -Antioquia
3900940418;Ibagué -Tolima
3890704021;Ibagué -Tolima
3805030454;Cali -Valle
3900090715;Mosquera -Cundinamarca
3800035576;Bogotá, D.C. - Bogotá
3900777680;Madrid -Cundinamarca
3830005243;Bogotá-Bogota D.C.
3900647069;Villavicencio -Meta
3900578884;Villavicencio -Meta
3860060094;Bogotá-Bogota D.C.
3901446137;Bogotá, D.C. - Bogotá
3901523789;Bogotá-Bogota D.C.
3901357918;Mosquera -Cundinamarca
3901199476;La Calera -Cundinamarca
3900279378;Funza -Cundinamarca
3900491068;Soacha -Cundinamarca
3900592251;Bogotá, D.C. - Bogotá
3900882742;Facatativá -Cundinamarca
3800061357;Bogotá, D.C. - Bogotá
3900491573;Villavicencio -Meta
3900336110;Pereira -Risaralda
3900485012;Tuluá -Valle
3860450793;Bogotá-Bogota D.C.
3901553297;Facatativá -Cundinamarca
3901344150;Bogotá-Bogota D.C.
3901371395;Andalucía -Valle
3901353771;Chía -Cundinamarca
3901112024;Bogotá-Bogota D.C.
3821000570;Tuluá -Valle
3901330521;Villeta -Cundinamarca
3900448116;Bucaramanga -Santander
3900850741;Bogotá, D.C. - Bogotá
3800210758;Bogotá-Bogota D.C.
3901514475;Bogotá-Bogota D.C.
3900416225;Villavicencio - Meta
3800009973;Bogotá-Bogota D.C.
3901184493;Bogotá-Bogota D.C.
3900925074;Bogotá-Bogota D.C.
3890700031;Ibagué -Tolima
3805021056;Cali -Valle
3901623521;Tuluá -Valle
3901027195;Villavicencio -Meta
3901604546;Mosquera -Cundinamarca
3900424000;Bogotá-Bogota D.C.
3900688970;Sabana De Torres - Santander
3900148628;Cali - Valle Del Cauca
3890322294;Bogotá-Bogota D.C.
3805000830;Yumbo -Valle
3808002135;Fusagasugá -Cundinamarca
3901558170;Villanueva -Casanare
3901294991;Villavicencio -Meta
3900880531;Restrepo -Meta
3901369436;Bogotá-Bogota D.C.
3901517442;Melgar - Tolima
3901320744;Funza -Cundinamarca
3900377897;Madrid -Cundinamarca
3900657620;Bogotá-Bogota D.C.
3900596502;Bogotá-Bogota D.C.
3901424489;Bogotá, D.C. - Bogotá
3800137486;Bogotá-Bogota D.C.
3900277888;Yopal - Casanare
3830048037;Bogotá, D.C. - Bogotá
3901459367;Montería - Córdoba
3830125458;Bogotá-Bogota D.C.
3900252727;Cali - Valle Del Cauca
3860020240;Bogotá-Bogota D.C.
3901167050;Bogotá-Bogota D.C.
3814000064;Madrid -Cundinamarca
3823003263;Tolú Viejo - Sucre
3805021410;Cali -Valle
3900565420;Duitama -Boyaca
3891900732;Riofrio -Valle
3900852190;Mosquera - Cundinamarca
3900679529;Facatativá - Cundinamarca
3900042114;Bogotá, D.C. - Bogotá
3860006160;Soacha - Cundinamarca
3900653575;Bogotá, D.C. - Bogotá
3830092963;Cota -Cundinamarca
3900974484;Bogotá-Bogota D.C.
3901351345;Mosquera -Cundinamarca
3900556332;Bogotá-Bogota D.C.
3900619863;Facatativá -Cundinamarca
3900997618;Bogotá-Bogota D.C.
3901639341;Cali -Valle
3901163329;Yopal - Casanare
3900734807;Bogotá-Bogota D.C.
3900147768;Bogotá-Bogota D.C.
3900978926;Dosquebradas - Risaralda
3830119504;Bogotá, D.C. - Bogotá
3900613819;Bogotá-Bogota D.C.
3901609564;Villanueva -Casanare
3901621861;Puerto Gaitán - Meta
3800009447;Bogotá, D.C. - Bogotá
3900534056;Villavicencio -Meta
3900390238;Bogotá-Bogota D.C.
3901133175;Bogotá-Bogota D.C.
3901326334;Dosquebradas -Risaralda
3901394117;Pereira - Risaralda
3900078692;Bogotá-Bogota D.C.
3901325850;Bogotá, D.C. - Bogotá
3901452395;Cali -Valle
3901157595;Bogotá-Bogota D.C.
3901310927;Bogotá-Bogota D.C.
3901497976;Bogotá-Bogota D.C.
3900496273;El Rosal -Cundinamarca
3900501783;Bogotá-Bogota D.C.
3900732297;Chía - Cundinamarca
3800006614;Cota -Cundinamarca
3901101746;Tocancipá - Cundinamarca
3900017165;Bogotá-Bogota D.C.
3836000548;Cartago -Valle
3901741746;Bogotá, D.C. - Bogotá
3900509802;Bogotá-Bogota D.C.
3901053670;Villavicencio -Meta
3891501292;Caloto - Cauca
3901579730;Cali -Valle
3900985544;Funza -Cundinamarca
3805003626;Yumbo -Valle
3901585260;Bogotá-Bogota D.C.
3901341587;Bogotá-Bogota D.C.
3804013341;Funza -Cundinamarca
3900616351;Bogotá-Bogota D.C.
3900703910;Cali -Valle
3901068866;Bogotá-Bogota D.C.
3900484871;Cali -Valle
3830509769;Bucaramanga -Santander
3900661068;Bogotá-Bogota D.C.
3890704536;Ibagué -Tolima
3890300504;Palmira -Valle
3900763357;Manizales -Caldas
3832006972;Mosquera -Cundinamarca
3901378611;Bogotá-Bogota D.C.
3901548774;Madrid -Cundinamarca
3900131540;Madrid -Cundinamarca
3901632645;Barrancabermeja -Santander
3901690316;Tuluá - Valle Del Cauca
3815003514;Palmira -Valle
3860055913;Bogotá-Bogota D.C.
3901418650;Bogotá-Bogota D.C.
3900539204;Tuluá - Valle Del Cauca
3900612569;Villavicencio -Meta
3900450116;Bogotá-Bogota D.C.
3832010438;Funza -Cundinamarca
3901300456;Bogotá, D.C. - Bogotá
3800149306;Cartagena -Bolivar
3900959339;Bogotá-Bogota D.C.
3832000591;Yopal -Casanare
3901388276;Ibagué - Tolima
3900737989;Pereira - Risaralda
3830010908;Bogotá-Bogota D.C.
3830058959;Funza -Cundinamarca
3900620701;Bogotá-Bogota D.C.
3901788253;Soacha - Cundinamarca
3901481488;Cartagena - Bolívar
3860403588;Mosquera -Cundinamarca
3860058952;Bogotá-Bogota D.C.
3830051073;Bogotá-Bogota D.C.
3901043387;Villavicencio -Meta
3900740477;Tuluá -Valle
3900389459;Cali -Valle
3900814688;Bogotá-Bogota D.C.
3901673767;Cartago -Valle
3901025892;Cali -Valle
3860048429;Bogotá-Bogota D.C.
3860532931;Mosquera -Cundinamarca
3901455277;Villavicencio -Meta
3800202084;Dosquebradas - Risaralda
3800143492;Palestina - Caldas
3830075806;Bogotá-Bogota D.C.
3901298054;Bogotá-Bogota D.C.
3900786718;Riofrio -Valle
3832000283;Yopal -Casanare
3900812184;Medellin -Antioquia
3901153096;Villavicencio -Meta
3805015744;Cali -Valle
3901243308;Bogotá, D.C. - Bogotá
3900430412;Bogotá-Bogota D.C.
3900179381;Bogotá-Bogota D.C.
3900130301;Bogotá-Bogota D.C.
3900653441;Bogotá-Bogota D.C.
3830029703;Bogotá-Bogota D.C.
3901483615;Funza - Cundinamarca
3890300279;Cali -Valle
3800047781;Itaguí -Antioquia
3900532925;Cali -Valle
3890200219;Floridablanca -Santander
3900563168;Cali -Valle
3901745359;Tausa -Cundinamarca
3901386211;Mosquera -Cundinamarca
3900571157;Bogotá-Bogota D.C.
3900784089;Bogotá-Bogota D.C.
3901242421;Cali -Valle
3900600930;Villavicencio -Meta
3860030808;Bogotá, D.C. - Bogotá
3900446934;Villa De San Diego De Ubaté - Cundinamarca
3890320123;Cali -Valle
3901221313;Villavicencio - Meta
3830117145;Bogotá-Bogota D.C.
3830097901;Bogotá-Bogota D.C.
3830500836;Bogotá-Bogota D.C.
3830000356;Bogotá-Bogota D.C.
3901305186;Pereira - Risaralda
3800028332;Bogotá-Bogota D.C.
3830101973;Bogotá-Bogota D.C.
3900462076;Pereira - Risaralda
3900556141;Castilla La Nueva - Meta
3900137929;Mosquera -Cundinamarca
3822005145;Villavicencio -Meta
3800001845;Yopal -Casanare
3901415545;Villavicencio -Meta
3800058607;Bogotá-Bogota D.C.
3900535088;Cota -Cundinamarca
3901062131;Bogotá, D.C. - Bogotá
3805009601;Villavicencio -Meta
3901267153;Villavicencio -Meta
3900092414;Cúcuta - Norte de Santander
3900012728;Santa Marta -Magdalena
3900988497;Bogotá-Bogota D.C.
3900417353;Bogotá-Bogota D.C.
3900158836;Bogotá, D.C. - Bogotá
3900810543;Fusagasugá - Cundinamarca
3900262123;Cali -Valle
3830139036;Bogotá, D.C. - Bogotá
3900766811;Bogotá-Bogota D.C.
3900591441;Bogotá-Bogota D.C.
3891301831;Cali -Valle
3805029170;Yumbo -Valle
3901160439;Medellin -Antioquia
3900414903;Bogotá, D.C. - Bogotá
3901372503;Bogotá-Bogota D.C.
3900874446;Bogotá-Bogota D.C.
3900989715;Bogotá-Bogota D.C.
3830073703;Bogotá-Bogota D.C.
3901458816;Yopal -Casanare
3890906878;Medellin -Antioquia
3830124312;Bogotá-Bogota D.C.
3900852977;Villavicencio -Meta
3800231021;Bogotá-Bogota D.C.
3900373678;Girardot - Cundinamarca
3800137414;Bogotá-Bogota D.C.
3901108733;Bogotá-Bogota D.C.
3900299283;Cumaral -Meta
3805012283;Cali -Valle
3800227937;Bogotá-Bogota D.C.
3900301329;Bogotá-Bogota D.C.
3800129336;Palmira - Valle Del Cauca
3901580167;Madrid - Cundinamarca
3901143563;Bogotá-Bogota D.C.
3900502729;Ibagué -Tolima
3900979519;Cali -Valle
3901200839;Villavicencio - Meta
3900700303;Bogotá-Bogota D.C.
3900906181;Bogotá, D.C. - Bogotá
3901264185;Funza -Cundinamarca
3830017419;Funza -Cundinamarca
3900760840;Ipiales - Nariño
3900410895;Puerto Gaitán - Meta
3830134152;Bogotá-Bogota D.C.
3892002109;Villavicencio -Meta
3901126504;Bogotá-Bogota D.C.
3830111863;Bogotá, D.C. - Bogotá
3901611386;Pereira - Risaralda
3900008955;Ibagué -Tolima
3900777650;Bogotá, D.C. - Bogotá
3900881750;Bogotá-Bogota D.C.
3901253282;Villavicencio -Meta
3900213428;Buenaventura -Valle
3890001662;Armenia -Quindio
3832005569;Mosquera - Cundinamarca
3901257415;Mosquera - Cundinamarca
3900635002;Facatativá -Cundinamarca
3901727244;Samacá - Boyacá
3900693347;Bogotá-Bogota D.C.
3900783922;Chía -Cundinamarca
3901078494;Tuluá -Valle
3800142820;Bogotá-Bogota D.C.
3901543195;Bogotá-Bogota D.C.
3890399039;Cali -Valle
3800086501;Bogotá-Bogota D.C.
3901301544;Cali -Valle
3800172715;Guadalajara De Buga -Valle
3901069806;Acacias - Meta
3901701954;Bogotá-Bogota D.C.
3901230681;Bogotá-Bogota D.C.
3830024999;Bogotá-Bogota D.C.
3901172491;Palmira -Valle
3900822038;Cali -Valle
3901226589;Mosquera -Cundinamarca
3891800045;Sogamoso -Boyaca
3901131651;Facatativá -Cundinamarca
3900924778;Abejorral -Antioquia
3900646882;Madrid - Cundinamarca
3900383170;Bogotá-Bogota D.C.
3901574619;Tocancipá -Cundinamarca
3800225919;Cali -Valle
3901531184;Villavicencio -Meta
3900630973;Bogotá-Bogota D.C.
3900297700;Bogotá, D.C. - Bogotá
3900342509;Villavicencio -Meta
3901615237;Tuluá -Valle
3830120992;Bogotá-Bogota D.C.
3900928986;Cali -Valle
3900625296;Bogotá-Bogota D.C.
3800093320;Yumbo -Valle
3901108928;Villavicencio -Meta
3900222266;Bogotá-Bogota D.C.
3900253903;Manizales - Caldas
3901325917;Villavicencio - Meta
3830063479;Mosquera -Cundinamarca
3901206165;Bogotá-Bogota D.C.
3900732240;Bogotá-Bogota D.C.
3900963088;Bogotá, D.C. - Bogotá
3900914680;Villavicencio - Meta
3830077886;Bogotá-Bogota D.C.
3890321213;Guadalajara De Buga -Valle
3901429024;Cota -Cundinamarca
3830146345;Abejorral -Antioquia
3900504895;Chía - Cundinamarca
3901145592;Abejorral -Antioquia
3900439889;Bogotá-Bogota D.C.
3901002967;Tuluá -Valle
3900220311;Yumbo -Valle
3800034190;Bogotá-Bogota D.C.
3900888633;Villavicencio -Meta
3900625902;Facatativá -Cundinamarca
3805027317;Cali -Valle
3901266057;Bogotá, D.C. - Bogotá
3830507292;Bogotá-Bogota D.C.
3890302442;Cali -Valle
3899999333;Bogotá-Bogota D.C.
3860064081;Bogotá-Bogota D.C.
3901186849;Mosquera -Cundinamarca
3900374815;Villavicencio -Meta
3900468504;Bogotá-Bogota D.C.
3900745219;Bogotá-Bogota D.C.
3832011102;Bogotá-Bogota D.C.
3900455455;Tuluá -Valle
3900424295;Bogotá-Bogota D.C.
3890803304;Manizales - Caldas
3830053209;Bogotá-Bogota D.C.
3900650380;Acacias -Meta
3900552241;Bojacá -Cundinamarca
3901160410;Bogotá-Bogota D.C.
3900751370;Villavicencio - Meta
3805020771;Bogotá-Bogota D.C.
3901631618;Bogotá, D.C. - Bogotá
3900016606;Guamal -Meta
3901281881;Bogotá-Bogota D.C.
3901799287;Madrid - Cundinamarca
3901126978;Funza -Cundinamarca
3901598316;Bogotá, D.C. - Bogotá
3901395431;Medellín - Antioquia
3890903501;Mosquera -Cundinamarca
3800193265;Bogotá, D.C. - Bogotá
3900822829;Bogotá, D.C. - Bogotá
3800096122;Bogotá-Bogota D.C.
3830009940;Bogotá, D.C. - Bogotá
3900438520;Guadalajara De Buga -Valle
3901526202;Bogotá-Bogota D.C.
3901259344;Cartagena -Bolivar
3125457;Tunja - Boyacá
3891501133;Cali -Valle
3800210426;Mosquera -Cundinamarca
3900396230;Villavicencio -Meta
3900424365;Cota -Cundinamarca
3830121796;Bogotá-Bogota D.C.
3830101528;Bogotá, D.C. - Bogotá
3900219291;Bogotá-Bogota D.C.
3901212477;San Martín - Cesar
3901310767;Ibagué -Tolima
3900657511;Palmira - Valle Del Cauca
3800195354;Neiva -Huila
3900200435;Bogotá-Bogota D.C.
3900496884;Bogotá-Bogota D.C.
3800092967;Cota -Cundinamarca
3900085539;Bogotá-Bogota D.C.
3860533311;Bogotá-Bogota D.C.
3901002137;Palmira - Valle Del Cauca
3830026824;Bogotá, D.C. - Bogotá
3901625432;San Jose Del Guaviare - Guaviare
3900055029;Yumbo -Valle
3901490547;Bogotá, D.C. - Bogotá
3900628459;Cali - Valle Del Cauca
3900267734;Mosquera -Cundinamarca
3900174857;Bogotá-Bogota D.C.
3900745904;Cali -Valle
3900697624;Bogotá-Bogota D.C.
3900807035;Chía -Cundinamarca
3900354371;Bogotá-Bogota D.C.
3900539103;Bogotá-Bogota D.C.
3891800075;Sogamoso -Boyaca
3800237677;Itaguí -Antioquia
3900068145;Duitama -Boyaca
3901043453;Mosquera -Cundinamarca
3890300012;Cali -Valle
3891900481;La Victoria -Valle
3901206903;Bogotá-Bogota D.C.
3901784891;Bogotá, D.C. - Bogotá
3800251712;Acacias -Meta
3822005333;Villavicencio -Meta
3890305124;Cali -Valle
3860403026;Bogotá-Bogota D.C.
3901267557;Cartago - Valle Del Cauca
3900473551;Mosquera -Cundinamarca
3900989305;Candelaria - Valle Del Cauca
3901202234;Bogotá, D.C. - Bogotá
3901258883;Bogotá-Bogota D.C.
3900534310;Bogotá-Bogota D.C.
3860017055;Mosquera -Cundinamarca
3901109290;Armenia -Quindio
3891300120;Palmira -Valle
3900817105;Yopal -Casanare
3901526900;Fómeque - Cundinamarca
3901041907;Cali -Valle
3901436569;Bogotá, D.C. - Bogotá
3822005431;Paratebueno -Cundinamarca
3900872976;Villavicencio - Meta
3900400717;Floridablanca - Santander
3900323642;Bojacá -Cundinamarca
3901359170;Bogotá-Bogota D.C.
3900972063;Cartago - Valle Del Cauca
3901126180;Yopal -Casanare
3891901123;Trujillo -Valle
3900634842;Acacias - Meta
3901022711;Bogotá, D.C. - Bogotá
3900222512;Manizales -Caldas
3800169966;La Calera -Cundinamarca
3901464033;Bogotá-Bogota D.C.
3891300233;Palmira - Valle Del Cauca
3900205840;Bogotá, D.C. - Bogotá
3901221351;Bogotá-Bogota D.C.
3900480172;Mosquera -Cundinamarca
3901091518;Bogotá, D.C. - Bogotá
3900732561;Palmira -Valle
3900426056;Villavicencio - Meta
3901243337;Cali -Valle
3900891195;Duitama - Boyacá
3806003042;Cartagena - Bolívar
3901081434;Bogotá-Bogota D.C.
3860033633;Soacha -Cundinamarca
3900394065;Mosquera -Cundinamarca
3890680026;La Mesa -Cundinamarca
3800063486;Bogotá-Bogota D.C.
3900429057;Mosquera -Cundinamarca
3900006794;Tuluá -Valle
3811007279;Medellín - Antioquia
3830012035;Bogotá-Bogota D.C.
3901345968;Villavicencio -Meta
3800038944;Guayabal De Síquima -Cundinamarca
3901400310;Barrancabermeja - Santander
3901347542;El Rosal - Cundinamarca
3901042268;Tenjo - Cundinamarca
3901360718;Girardot -Cundinamarca
3901342866;Bogotá-Bogota D.C.
3832010290;La Calera -Cundinamarca
3890704105;Ibagué -Tolima
3800230209;Bogotá-Bogota D.C.
3901356782;Villavicencio -Meta
3901019698;Sesquilé -Cundinamarca
3860517465;Bogotá-Bogota D.C.
3891855362;Duitama - Boyacá
3901461735;Chinácota - Norte de Santander
3830065629;Villavicencio -Meta
3901270297;Zipaquirá - Cundinamarca
3900231860;Dosquebradas -Risaralda
3900165784;Bogotá-Bogota D.C.
3900265359;Madrid -Cundinamarca
3901059336;Villavicencio -Meta
3901630816;Medellín - Antioquia
3900208605;Bogotá-Bogota D.C.
3901265608;Bogotá-Bogota D.C.
3811005050;Marinilla -Antioquia
3900500215;Mosquera -Cundinamarca
3901554869;Bogotá-Bogota D.C.
3900974371;Madrid -Cundinamarca
3890702015;Guamo - Tolima
3901267735;Villavicencio -Meta
3901082493;Medellín - Antioquia
3900602495;Facatativá -Cundinamarca
3830002619;Bogotá-Bogota D.C.
3900635698;Bogotá, D.C. - Bogotá
3900986050;Bogotá-Bogota D.C.
3900623073;Tuluá -Valle
3900044916;Villeta - Cundinamarca
3901487733;Bogotá-Bogota D.C.
3901140217;Bogotá-Bogota D.C.
3900718239;Bogotá-Bogota D.C.
3901100860;Dosquebradas - Risaralda
3800181855;Facatativá -Cundinamarca
3900672167;Bogotá-Bogota D.C.
3901759830;Acacias - Meta
3860005068;Bogotá-Bogota D.C.
3901033062;Cota -Cundinamarca
3900844031;Bogotá-Bogota D.C.
3901711726;Chipaque - Cundinamarca
3901032572;Bogotá-Bogota D.C.
3900705489;Medellin -Antioquia
3901610181;Cali - Valle Del Cauca
3900018710;Funza -Cundinamarca
351597245;Bogotá, D.C. - Bogotá
3800179368;Bogotá-Bogota D.C.
3900657570;Abejorral -Antioquia
3900161642;Bogotá-Bogota D.C.
3900229438;Villavicencio -Meta
3900069119;Bogotá-Bogota D.C.
3830069032;Bogotá-Bogota D.C.
3900450226;Bogotá, D.C. - Bogotá
3830021122;Funza - Cundinamarca
3900842644;Bogotá-Bogota D.C.
3900962026;Bogotá-Bogota D.C.
3900516152;Pereira - Risaralda
3830502614;Bogotá, D.C. - Bogotá
3900164343;Bogotá-Bogota D.C.
3900305904;Bogotá-Bogota D.C.
3800053110;Cali -Valle
3900777823;Funza -Cundinamarca
3900377097;Girardot -Cundinamarca
3901748826;Bogotá, D.C. - Bogotá
3900998324;Bogotá, D.C. - Bogotá
3900923291;Circasia - Quindío
3901711843;Bogotá, D.C. - Bogotá
3800040620;Bogotá-Bogota D.C.
3900462032;Medellin -Antioquia
3860007399;Bogotá-Bogota D.C.
3901070866;Villavicencio -Meta
3900119333;Bogotá-Bogota D.C.
3900859333;Bogotá-Bogota D.C.
3890333023;Yumbo -Valle
3900266210;Bogotá-Bogota D.C.
3900931709;Bogotá-Bogota D.C.
379381173;Bogotá, D.C. - Bogotá
3900668997;Bogotá-Bogota D.C.
3830131031;Girardot -Cundinamarca
3832006950;Funza -Cundinamarca
3900950765;Cali - Valle Del Cauca
3900647058;Cáqueza -Cundinamarca
3900377085;Bogotá, D.C. - Bogotá
3901631921;Puerto Colombia - Atlántico
3805031256;Cali -Valle
3901310032;La Virginia - Risaralda
3830085087;Funza -Cundinamarca
3900030700;Chivata -Boyaca
3900488773;Bogotá, D.C. - Bogotá
3900744471;El Rosal -Cundinamarca
3900728547;Manizales - Caldas
3900919400;Bogotá-Bogota D.C.
3891802151;San Luis De Gaceno -Boyaca
3901214081;Bogotá, D.C. - Bogotá
3891800031;Sogamoso - Boyacá
3891900361;Toro - Valle Del Cauca
3830041027;Bogotá-Bogota D.C.
3900462901;Bogotá-Bogota D.C.
3900084088;Funza - Cundinamarca
3830501091;Facatativá -Cundinamarca
3900507401;Mosquera -Cundinamarca
3900818707;Candelaria -Valle
3820000086;Duitama - Boyacá
3800215543;Soacha - Cundinamarca
3901006770;Bogotá, D.C. - Bogotá
3860020382;Bogotá-Bogota D.C.
3901232052;Bogotá, D.C. - Bogotá
3900802877;Guadalajara De Buga - Valle Del Cauca
3900368250;Bogotá-Bogota D.C.
3900518605;Barranquilla -Atlantico
3900694415;Bogotá-Bogota D.C.
3830085847;Abejorral -Antioquia
3901471327;Bogotá-Bogota D.C.
3900383669;Orito - Putumayo
3900064823;Bogotá-Bogota D.C.
3900702844;La Mesa - Cundinamarca
3900571527;Bogotá-Bogota D.C.
3901360814;Restrepo -Meta
3901559759;Armenia -Quindio
3901150577;Soacha -Cundinamarca
3901408272;Villavicencio - Meta
3901734291;Villavicencio - Meta
3830131935;Bogotá-Bogota D.C.
3891901779;Tuluá -Valle
3901143791;Bogotá-Bogota D.C.
3901648731;Villavicencio - Meta
3892002085;Villavicencio -Meta
3901236460;Chinchiná - Caldas
3900710194;Bogotá-Bogota D.C.
3901017451;Bogotá, D.C. - Bogotá
3901399676;Bogotá-Bogota D.C.
3901346227;Zarzal -Valle
3900569226;Cajicá -Cundinamarca
3821002115;Tuluá -Valle
3900788851;Madrid -Cundinamarca
3901710625;Cali - Valle Del Cauca
3800061347;Funza - Cundinamarca
3900348312;Bogotá-Bogota D.C.
3901055291;Bogotá-Bogota D.C.
3901078030;Yumbo -Valle
3800178459;Cali -Valle
3901134358;Cabuyaro - Meta
3900429573;Cali -Valle
3800137059;Barranquilla -Atlantico
3900457899;Entrerríos -Antioquia
3900820111;Bogotá-Bogota D.C.
3900710987;Palmira -Valle
3900574191;Yumbo -Valle
3860008386;Dosquebradas -Risaralda
3900548572;Mosquera -Cundinamarca
3901168719;Bogotá-Bogota D.C.
3832003291;Bogotá-Bogota D.C.
3800164764;Bogotá-Bogota D.C.
3900849832;Bogotá-Bogota D.C.
3901375414;Bogotá-Bogota D.C.
3901660591;Ibagué -Tolima
3901094365;Yopal -Casanare
3900328389;Villavicencio -Meta
3800228215;Pereira - Risaralda
3901013709;Bogotá-Bogota D.C.
3900995003;Facatativá -Cundinamarca
3830136863;Bogotá-Bogota D.C.
3900907274;Pereira -Risaralda
3900052148;Toribío - Cauca
3901456763;Cali -Valle
3860402332;Bogotá-Bogota D.C.
3901691387;Villa De San Diego De Ubaté -Cundinamarca
3901049558;Zipaquirá -Cundinamarca
3805001071;Cali - Valle Del Cauca
3900220563;Bogotá-Bogota D.C.
3900346779;Bogotá, D.C. - Bogotá
3800197463;Cali -Valle
3900881466;Puerto Gaitán - Meta
3900582872;Villavicencio -Meta
3900103833;Dosquebradas -Risaralda
3800066619;Tuluá -Valle
3892099421;Bogotá-Bogota D.C.
3860532598;Bogotá-Bogota D.C.
3900329135;Villeta -Cundinamarca
3900811348;Bogotá-Bogota D.C.
3800042210;Bogotá-Bogota D.C.
3830099423;Bogotá-Bogota D.C.
3900112787;Pereira -Risaralda
3900746235;Mosquera -Cundinamarca
3901125016;Madrid -Cundinamarca
3900298102;Bogotá-Bogota D.C.
3800176862;Bogotá-Bogota D.C.
3900291801;Bogotá-Bogota D.C.
3807008249;Villavicencio -Meta
3901721024;Palmira -Valle
3900056425;Bogotá-Bogota D.C.
3900609683;Funza - Cundinamarca
3901212769;Bogotá-Bogota D.C.
3900386719;Bogotá-Bogota D.C.
3901357324;Espinal - Tolima
3900488509;Villavicencio -Meta
3901077792;Madrid -Cundinamarca
3800007955;Candelaria -Valle
3830041326;Bogotá-Bogota D.C.
3830085540;Bogotá-Bogota D.C.
3830050353;Bogotá-Bogota D.C.
3800077552;Tocancipá -Cundinamarca
3900182294;Cota -Cundinamarca
3900386516;Barranquilla -Atlantico
3901470571;Bogotá-Bogota D.C.
3901086334;Bogotá, D.C. - Bogotá
3900578375;Bogotá-Bogota D.C.
3901691610;Cáqueza -Cundinamarca
3900194508;Cota - Cundinamarca
3830099596;Bogotá-Bogota D.C.
3900041883;Bogotá-Bogota D.C.
3900740571;Bogotá-Bogota D.C.
3830050247;Bogotá-Bogota D.C.
3901744725;Villavicencio - Meta
3900535512;Mosquera -Cundinamarca
3900724641;Madrid -Cundinamarca
3901169970;Palmira - Valle Del Cauca
3900457996;Bogotá, D.C. - Bogotá
3900074101;Villavicencio -Meta
3901119542;Bogotá, D.C. - Bogotá
3901326697;Cali -Valle
3900493566;Mosquera -Cundinamarca
3900299815;Bogotá-Bogota D.C.
3900494910;Mosquera -Cundinamarca
3860046201;Bogotá-Bogota D.C.
3901165962;Villavicencio -Meta
3900750650;Villavicencio - Meta
3900883707;Medellin -Antioquia
3822006143;Villavicencio -Meta
3901535520;Mosquera -Cundinamarca
3830007073;Barrancabermeja - Santander
3900296635;Funza - Cundinamarca
3899999059;Bogotá-Bogota D.C.
3890308051;Cali -Valle
3900591038;Cajicá -Cundinamarca
3900416765;Villavicencio -Meta
3900988658;Bogotá, D.C. - Bogotá
3900529261;Bogotá-Bogota D.C.
3901157351;Pereira -Risaralda
3901005018;Bogotá-Bogota D.C.
3900795782;Bogotá-Bogota D.C.
3800204462;Bogotá-Bogota D.C.
3901719905;Ibagué - Tolima
3901543054;Bogotá-Bogota D.C.
3800038129;Sabaneta -Antioquia
3830118439;Bogotá-Bogota D.C.
3900225474;Bogotá-Bogota D.C.
3891900196;Cali -Valle
3900476053;Bogotá-Bogota D.C.
3900560452;Facatativá -Cundinamarca
3844000522;Yopal -Casanare
3890801157;Manizales -Caldas
3900374660;Cabuyaro - Meta
3822006605;Bogotá-Bogota D.C.
3900633094;Bogotá-Bogota D.C.
3830093991;Bogotá, D.C. - Bogotá
3890405519;Canalete -Cordoba
3900579872;Villavicencio -Meta
3890304130;Medellin -Antioquia
3832001401;Madrid -Cundinamarca
3900461658;Tauramena -Casanare
3901047361;Villavicencio -Meta
3901446430;Restrepo - Meta
3900298562;Popayán -Cauca
3900528724;Yumbo -Valle
3901390483;Villavicencio -Meta
3900922095;Mosquera -Cundinamarca
3901353439;Granada -Meta
3900222989;La Calera -Cundinamarca
3901228895;Cali -Valle
3900203566;Yumbo -Valle
3830108403;Bogotá-Bogota D.C.
3900688486;Bogotá-Bogota D.C.
3900696448;Barrancabermeja -Santander
3901308613;Facatativá -Cundinamarca
3900761657;Bogotá-Bogota D.C.
3900361572;Bogotá, D.C. - Bogotá
3901097823;Villavicencio - Meta
3891380089;Guacarí -Valle
3900004059;Castilla La Nueva - Meta
3901606734;Villavicencio - Meta
3900039770;Bogotá-Bogota D.C.
3901182867;Bogotá-Bogota D.C.
3900631799;Bogotá-Bogota D.C.
3900590589;Duitama - Boyacá
3901479965;Bogotá-Bogota D.C.
3900040176;Bogotá-Bogota D.C.
3891801940;Tunja - Boyacá
3901459036;Villavicencio -Meta
3900021319;Palermo - Huila
3901308906;Villavicencio - Meta
3900057744;Mosquera -Cundinamarca
3900149757;Cali -Valle
3830513235;Bogotá-Bogota D.C.
3901208927;Villavicencio -Meta
3900578634;Bogotá-Bogota D.C.
3901233451;Villavicencio -Meta
3900565233;Armenia - Quindío
3860077014;Bogotá-Bogota D.C.
3900649397;Villavicencio - Meta
3900451662;Mosquera -Cundinamarca
3901418699;Bucaramanga - Santander
3830131279;Bogotá-Bogota D.C.
3901237115;Cali - Valle Del Cauca
3830038007;Funza -Cundinamarca
3900478208;Bogotá, D.C. - Bogotá
3860012357;Bogotá-Bogota D.C.
3800143588;Villavicencio - Meta
3900171000;Villavicencio -Meta
3860522683;Facatativá -Cundinamarca
3900168181;Medellin -Antioquia
3901308096;Girardot -Cundinamarca
3901050833;Villavicencio -Meta
3800226013;Yumbo - Valle Del Cauca
3900359837;Cali - Valle Del Cauca
3901458342;Villavicencio -Meta
3844004994;Cali -Valle
3817003532;Santander De Quilichao - Cauca
3830113749;Bogotá-Bogota D.C.
3832008716;Mosquera -Cundinamarca
3900449881;Bogotá-Bogota D.C.
3830023738;Bogotá-Bogota D.C.
3899999364;Fómeque -Cundinamarca
3901252272;Bogotá-Bogota D.C.
3901010817;Villavicencio -Meta
3900665788;Bogotá-Bogota D.C.
3800155100;Bogotá-Bogota D.C.
3900995118;Bogotá-Bogota D.C.
3901098400;Bogotá, D.C. - Bogotá
3860508234;Bogotá-Bogota D.C.
3830001584;Bogotá-Bogota D.C.
3900712613;Candelaria - Valle Del Cauca
3900139854;Villavicencio -Meta
3901459205;Chía - Cundinamarca
3901339102;Cali - Valle Del Cauca
3901512223;Bogotá, D.C. - Bogotá
3822006639;Villavicencio -Meta
3900410889;Bogotá-Bogota D.C.
3900171163;Yumbo -Valle
3815003959;Palmira -Valle
3900647556;Villavicencio -Meta
3900694704;Floridablanca - Santander
3901686802;Fusagasugá -Cundinamarca
3900691640;Bogotá, D.C. - Bogotá
3901444417;Villeta -Cundinamarca
3901375771;Cali -Valle
3830052168;Bogotá-Bogota D.C.
3860006187;Zipaquirá -Cundinamarca
3900640290;Bogotá-Bogota D.C.
3900423007;Bogotá-Bogota D.C.
3800001520;Pereira -Risaralda
3900628905;Bogotá-Bogota D.C.
3901257212;Pital - Huila
3900649444;Tuluá -Valle
3830514578;Funza -Cundinamarca
3900600200;Bogotá, D.C. - Bogotá
3900325828;Tuluá -Valle
3901680375;Villavicencio -Meta
3900490594;Bogotá-Bogota D.C.
3900376278;Acacias -Meta
3830039900;Bogotá, D.C. - Bogotá
3900102229;Funza -Cundinamarca
3901716857;Mosquera -Cundinamarca
3900300613;Bogotá-Bogota D.C.
3900711931;Bogotá-Bogota D.C.
3830131802;Bogotá-Bogota D.C.
3830012157;Bogotá-Bogota D.C.
32955838;Villavicencio - Meta
3901509372;Medellin -Antioquia
3900902976;Bogotá-Bogota D.C.
3901285073;Castilla La Nueva - Meta
3900301544;Cali - Valle Del Cauca
3900035083;Bogotá-Bogota D.C.
3901584091;Madrid - Cundinamarca
3900033859;Valledupar -Cesar
3901084861;La Calera -Cundinamarca
3899999385;Ubalá -Cundinamarca
3901374497;Bogotá, D.C. - Bogotá
3901672847;Guacarí -Valle
3901515392;Cumaral -Meta
3900485333;Madrid -Cundinamarca
3901474278;Bogotá, D.C. - Bogotá
3900468318;Bogotá-Bogota D.C.
3900366228;Mosquera - Cundinamarca
3900660468;Bogotá-Bogota D.C.
3860032057;Bogotá-Bogota D.C.
3890304345;Cali -Valle
3901137554;Villavicencio -Meta
3900997528;Funza -Cundinamarca
3901252455;Tuluá -Valle
3900212550;Cali -Valle
3830126659;Funza -Cundinamarca
3822007837;Villavicencio -Meta
3901005435;Ibagué -Tolima
3900264393;Bogotá-Bogota D.C.
3900454116;La Calera -Cundinamarca
3900069648;Bogotá-Bogota D.C.
3900474647;Madrid - Cundinamarca
3901260983;Cali -Valle
3900681255;Medellin -Antioquia
3900007356;Bogotá, D.C. - Bogotá
3860505983;Bogotá-Bogota D.C.
3901254246;Bogotá-Bogota D.C.
3800214706;Bogotá-Bogota D.C.
3901493608;Manizales - Caldas
3900427788;Bogotá, D.C. - Bogotá
3901289171;Villavicencio -Meta
3805013141;Cali -Valle
3901269571;Villavicencio -Meta
3800127368;Bogotá-Bogota D.C.
3900083863;Manizales -Caldas
3811018676;Bogotá-Bogota D.C.
3900646224;Cáqueza -Cundinamarca
3901478244;Palestina -Caldas
3901320610;Bogotá-Bogota D.C.
31113646155;Palmira - Valle Del Cauca
3900810246;La Victoria -Valle
3900278276;Ibagué - Tolima
3901095058;Bogotá-Bogota D.C.
3800248541;Bogotá, D.C. - Bogotá
3844001863;Yopal - Casanare
3900276962;Risaralda -Caldas
3901760827;Villavicencio -Meta
3830116936;Bogotá-Bogota D.C.
3900008004;Manizales -Caldas
3900704867;La Calera -Cundinamarca
3800177854;Villavicencio - Meta
3830040872;Bogotá-Bogota D.C.
3900439716;Soacha -Cundinamarca
3900671862;Mosquera -Cundinamarca
3900311657;Villavicencio -Meta
3900279400;Villavicencio -Meta
3901343196;Bogotá, D.C. - Bogotá
3901108380;Villavicencio - Meta
3900167617;Bogotá-Bogota D.C.
3900524959;Cali -Valle
3901013883;Mosquera -Cundinamarca
3900459311;Bogotá-Bogota D.C.
3901638190;Granada - Meta
3800006900;Madrid -Cundinamarca
3900601974;Pereira -Risaralda
3900464648;Bogotá-Bogota D.C.
3901047848;Yumbo -Valle
3901194847;Bogotá, D.C. - Bogotá
3830008309;Funza - Cundinamarca
319387408;Bogotá, D.C. - Bogotá
3800098983;Bogotá-Bogota D.C.
3901692567;Bogotá, D.C. - Bogotá
3900991207;Bogotá, D.C. - Bogotá
3900317546;Bogotá-Bogota D.C.
31001295323;Bogotá, D.C. - Bogotá
3901352058;Villavicencio -Meta
3901128801;Madrid -Cundinamarca
3900253793;Bogotá-Bogota D.C.
3900638161;Bogotá, D.C. - Bogotá
3901393708;Medellín - Antioquia
3900414322;San Martín -Cesar
3900894074;Villavicencio -Meta
3900712820;Ibagué -Tolima
3900301315;Yumbo -Valle
3900166879;Cota -Cundinamarca
3900173496;Tunja - Boyacá
3901186448;Acacias -Meta
3900021506;Bogotá-Bogota D.C.
3800016505;Bogotá-Bogota D.C.
3900388588;Cabuyaro -Meta
3900941757;Chipaque -Cundinamarca
3901063966;Yumbo -Valle
3860038626;Bogotá-Bogota D.C.
3800079125;Madrid -Cundinamarca
3900399801;Yopal -Casanare
3900218241;Bogotá-Bogota D.C.
3901490803;Armenia - Quindío
3890705453;Espinal -Tolima
3800133630;Bogotá-Bogota D.C.
3900515171;Cali -Valle
3900982154;Bogotá-Bogota D.C.
3900979798;Bogotá-Bogota D.C.
3900670545;Pore - Casanare
3901394746;Bogotá-Bogota D.C.
3901650350;Bogotá-Bogota D.C.
3900525616;Cali - Valle Del Cauca
3901404991;Bogotá-Bogota D.C.
3900737242;Bogotá-Bogota D.C.
3817000639;Jamundí -Valle
3900393484;Villanueva -Casanare
3900122962;Bogotá-Bogota D.C.
3900161921;Cali - Valle Del Cauca
3900813739;Bogotá, D.C. - Bogotá
3900131688;Cali -Valle
3800178816;Cota -Cundinamarca
3900488849;Bogotá-Bogota D.C.
3900368453;Villavicencio -Meta
3900103929;Bogotá, D.C. - Bogotá
3900422419;Cali -Valle
3900889845;Cartagena -Bolivar
3901017683;Bogotá-Bogota D.C.
3901057870;Villavicencio -Meta
3901413838;Cali -Valle
3901526525;Tuluá - Valle Del Cauca
3900359334;Cali -Valle
3901797000;Dosquebradas - Risaralda
3900438602;Bogotá-Bogota D.C.
3800159776;Bogotá, D.C. - Bogotá
3900974337;Bogotá-Bogota D.C.
3900076003;Bogotá-Bogota D.C.
3901399148;Bogotá-Bogota D.C.
3900248716;Bogotá, D.C. - Bogotá
3900345494;Sogamoso -Boyaca
3901236527;Bogotá-Bogota D.C.
3830069880;Facatativá -Cundinamarca
3800248113;Bogotá-Bogota D.C.
3900458786;Bogotá, D.C. - Bogotá
3901651849;La Ceja -Antioquia
3901134389;Cali -Valle
3800055599;Bogotá-Bogota D.C.
3901345173;Montería - Córdoba
3901154885;Simijacá - Cundinamarca
3800194486;Bogotá-Bogota D.C.
3900721443;Tuluá - Valle Del Cauca
3900201062;Cachipay -Cundinamarca
3900958778;Mosquera -Cundinamarca
3860013771;Bogotá-Bogota D.C.
3800165377;Cali - Valle Del Cauca
3901206821;Cúcuta -Norte de Santander
3900725269;Bogotá-Bogota D.C.
3892002960;Villavicencio -Meta
3901002573;Bogotá-Bogota D.C.
3900109610;Funza -Cundinamarca
3830001432;Bogotá-Bogota D.C.
3900489401;Villavicencio - Meta
3901621257;Bogotá-Bogota D.C.
3900208746;Pereira - Risaralda
3830143834;Bogotá-Bogota D.C.
3860516954;Bogotá-Bogota D.C.
3901381560;Pereira - Risaralda
3900901012;Cali - Valle Del Cauca
3900488489;Armenia -Quindio
321189482;Restrepo - Meta
3900653530;Villeta -Cundinamarca
3900193101;Villanueva -Casanare
3800096021;San Marcos -Sucre
3900127145;Bogotá-Bogota D.C.
3800153963;Cota -Cundinamarca
3800067861;Madrid -Cundinamarca
3901774310;Piedecuesta - Santander
3816007544;Bogotá-Bogota D.C.
3900563603;Villavicencio -Meta
3901288229;Acacias -Meta
3805030398;Cali - Valle Del Cauca
3901263957;Villavicencio - Meta
3900444434;Bogotá, D.C. - Bogotá
3900136456;Bogotá-Bogota D.C.
3901756838;Tuluá - Valle Del Cauca
3901608923;Ibagué -Tolima
3901170592;Bogotá-Bogota D.C.
3900702986;Funza -Cundinamarca
3900634306;Bogotá-Bogota D.C.
3800175937;Bogotá-Bogota D.C.
3900618453;Tenjo - Cundinamarca
3900577147;Bogotá-Bogota D.C.
3900104907;Cota - Cundinamarca
3805012368;Cali -Valle
3901083757;Cali -Valle
3900605173;Bogotá, D.C. - Bogotá
3900130710;Bogotá-Bogota D.C.
3830095793;Cartagena - Bolívar
3901506325;Ibagué -Tolima
3901209052;Funza - Cundinamarca
3890201881;Bogotá-Bogota D.C.
3830075862;Bogotá-Bogota D.C.
3822007442;Villavicencio -Meta
3860062581;Bogotá-Bogota D.C.
3900375325;Girardot - Cundinamarca
3901579560;Ibagué -Tolima
3891100881;Bogotá-Bogota D.C.
3901007685;Anolaima - Cundinamarca
3809027988;Abejorral -Antioquia
3901342827;Yopal -Casanare
3800165632;Funza - Cundinamarca
3900338125;Bogotá-Bogota D.C.
3900725066;Cali -Valle
3901144395;Villavicencio -Meta
3860078780;Funza -Cundinamarca
3800185572;Bogotá-Bogota D.C.
3901090134;Bogotá-Bogota D.C.
3900665926;Bogotá-Bogota D.C.
3900671915;Mosquera -Cundinamarca
3800019993;Santander De Quilichao - Cauca
3860004285;Bogotá-Bogota D.C.
3901102084;Bogotá, D.C. - Bogotá
3901512616;Bogotá-Bogota D.C.
3901392717;Cali -Valle
3900517542;Fundación - Magdalena
3900338197;Bogotá-Bogota D.C.
3830074869;Neiva -Huila
3860024446;Soacha -Cundinamarca
3800082225;Bogotá, D.C. - Bogotá
3860072172;Bogotá-Bogota D.C.
3901214716;Bogotá-Bogota D.C.
3901307793;Sesquilé -Cundinamarca
3900775103;Cota -Cundinamarca
3901473226;Acacias - Meta
3901698339;Manizales - Caldas
3890900135;Ibagué -Tolima
3900321459;Bogotá-Bogota D.C.
3860000824;Bogotá-Bogota D.C.
3860016640;Medellin -Antioquia
3830063376;Bogotá-Bogota D.C.
3860072800;Funza -Cundinamarca
3901705651;Bogotá, D.C. - Bogotá
3900412695;Mosquera -Cundinamarca
3800236772;Bogotá-Bogota D.C.
3900443259;Bogotá-Bogota D.C.
3900871012;Villanueva -Casanare
3800160940;Cali - Valle Del Cauca
3901381571;Ibagué - Tolima
3830031597;Bogotá-Bogota D.C.
3900797803;Guadalajara De Buga -Valle
3900331817;Funza -Cundinamarca
3860005108;Bogotá-Bogota D.C.
3901712463;Bogotá, D.C. - Bogotá
3830110718;Bogotá, D.C. - Bogotá
3900950210;Bogotá-Bogota D.C.
3901011962;Villavicencio -Meta
3890322449;Yumbo -Valle
3901231894;Bogotá-Bogota D.C.
380656366;Funza -Cundinamarca
3900610090;Bogotá-Bogota D.C.
3805017444;Cali - Valle Del Cauca
3901026875;Guadalajara De Buga -Valle
3900365660;Dosquebradas -Risaralda
3890807056;Manizales - Caldas
3901221466;Villavicencio -Meta
3901265353;Villavicencio - Meta
3860038800;Bogotá-Bogota D.C.
3900717638;Bogotá-Bogota D.C.
3892000873;Villavicencio -Meta
3800013536;Bogotá-Bogota D.C.
3800147021;Bogotá-Bogota D.C.
3901662478;Bogotá-Bogota D.C.
3900409892;Mosquera -Cundinamarca
3860045671;Mosquera -Cundinamarca
3900381565;Bogotá, D.C. - Bogotá
3901798726;Barranquilla - Atlántico
3900345765;Agustín Codazzi -Cesar
3901387618;Villavicencio -Meta
3900627186;Bogotá-Bogota D.C.
3901639908;Sogamoso - Boyacá
3901702257;Bogotá, D.C. - Bogotá
3900205225;Cali -Valle
3860040872;Bogotá-Bogota D.C.
3900252208;Bogotá-Bogota D.C.
3900322901;Bogotá-Bogota D.C.
3901072637;Villavicencio -Meta
3832002227;Bogotá-Bogota D.C.
3901508251;Madrid - Cundinamarca
3892000569;Villavicencio -Meta
3830091733;Bogotá-Bogota D.C.
3900502264;Villavicencio -Meta
3901141001;Villavicencio -Meta
3830025916;Bogotá-Bogota D.C.
3809012233;Ibagué -Tolima
3901352779;Bogotá-Bogota D.C.
3900906009;Bogotá-Bogota D.C.
3900219950;Bogotá, D.C. - Bogotá
3800051673;Bogotá-Bogota D.C.
3900608787;Bogotá-Bogota D.C.
3900689732;Guadalajara De Buga -Valle
3900448835;La Estrella -Antioquia
3901015049;Bogotá-Bogota D.C.
3808002390;Fusagasugá -Cundinamarca
3817007055;Palmira -Valle
3860001371;Bogotá-Bogota D.C.
3811040774;Envigado -Antioquia
3901421516;Bogotá-Bogota D.C.
3800082770;Cartagena -Bolivar
3800090910;Bogotá-Bogota D.C.
3901249222;Pereira - Risaralda
3901657250;Yumbo -Valle
3816004795;Dosquebradas - Risaralda
3900776784;Bogotá-Bogota D.C.
3900625723;Cali -Valle
3830049344;Bogotá-Bogota D.C.
3900968645;Cali -Valle
3901793305;Cali - Valle Del Cauca
3901212564;San Gil -Santander
3900548409;Bogotá-Bogota D.C.
3901249287;Villavicencio - Meta
3901261923;Montería - Córdoba
3901598347;Bogotá-Bogota D.C.
3900820946;Bogotá-Bogota D.C.
3901247978;Villavicencio -Meta
3800197269;Funza -Cundinamarca
3901796365;Ibagué - Tolima
3900712540;Tena - Cundinamarca
3901097954;Bogotá, D.C. - Bogotá
3901022313;Bogotá, D.C. - Bogotá
3901386546;Bogotá-Bogota D.C.
3901575110;Ibagué - Tolima
3830133460;Bogotá-Bogota D.C.
3900729816;Sincelejo - Sucre
3901266061;Villavicencio -Meta
3800099089;Funes - Nariño
3830066054;Bogotá, D.C. - Bogotá
3900964988;Bogotá-Bogota D.C.
3900502659;Apartado - Antioquia
3800080323;Madrid -Cundinamarca
3900563086;Bogotá-Bogota D.C.
3900651112;Villavicencio - Meta
3891103343;Bojacá -Cundinamarca
3900607097;Sogamoso - Boyacá
3890300378;Cali -Valle
3901342799;Bogotá-Bogota D.C.
3900006406;Medellín - Antioquia
3901478818;Bogotá, D.C. - Bogotá
3900281394;Bogotá-Bogota D.C.
3891580016;Popayán - Cauca
3901118824;Bogotá-Bogota D.C.
3860510315;Villavicencio -Meta
3901158416;Bogotá-Bogota D.C.
3860067643;Mosquera -Cundinamarca
3900497175;Tuluá -Valle
3900524239;Bogotá-Bogota D.C.
3900882422;Mosquera -Cundinamarca
3901195195;Fusagasugá - Cundinamarca
3830501576;Bucaramanga - Santander
3900106821;Guadalajara De Buga -Valle
3901232982;Mosquera - Cundinamarca
3800248889;Dosquebradas - Risaralda
3830064700;Cota -Cundinamarca
3830030694;Bogotá-Bogota D.C.
3900389337;Monterrey -Casanare
3900146006;Caloto - Cauca
3901030159;Bogotá, D.C. - Bogotá
3900029820;Madrid -Cundinamarca
3860518673;Bogotá-Bogota D.C.
3900603633;Medellin -Antioquia
3899999400;Chaguaní -Cundinamarca
3900079188;Mosquera -Cundinamarca
3900150299;Villavicencio -Meta
3901222891;Soacha -Cundinamarca
3830024204;Bogotá-Bogota D.C.
3900108594;Bogotá-Bogota D.C.
3817001532;Yumbo -Valle
3901331167;Villavicencio -Meta
3900042474;Bogotá-Bogota D.C.
3900220547;Villavicencio -Meta
3901299541;Bogotá-Bogota D.C.
3805000674;Cali -Valle
3901664147;Sogamoso - Boyacá
3901371795;Pueblo Nuevo -Cordoba
3860000655;Bogotá-Bogota D.C.
3900255587;Bogotá-Bogota D.C.
3900409701;Bogotá, D.C. - Bogotá
3900761131;Bogotá-Bogota D.C.
3900156781;Acacias -Meta
3900344349;Cali - Valle Del Cauca
3830063769;Bogotá-Bogota D.C.
3900940421;Bogotá, D.C. - Bogotá
3900932716;Mosquera - Cundinamarca
3900445182;Medellín - Antioquia
3900124221;Bogotá-Bogota D.C.
3811016822;Medellin -Antioquia
3800228515;Manizales - Caldas
3901792710;Cali - Valle Del Cauca
3830120298;Bogotá-Bogota D.C.
3901100411;Bogotá, D.C. - Bogotá
3900403064;Bogotá-Bogota D.C.
3800250926;Bogotá-Bogota D.C.
3800098870;Ibagué -Tolima
3901416477;Granada - Meta
3830501223;Cali -Valle
3900559515;Facatativá -Cundinamarca
3860535482;Mosquera -Cundinamarca
3830054002;Bogotá-Bogota D.C.
3900490788;Pereira -Risaralda
3830068762;Bogotá, D.C. - Bogotá
3900637562;Zarzal -Valle
3901381425;Bogotá-Bogota D.C.
3891903664;Tuluá -Valle
3901029807;Bogotá-Bogota D.C.
3900880277;Bogotá-Bogota D.C.
3901456385;Ibagué -Tolima
3901326034;Bogotá-Bogota D.C.
3900803589;Guadalajara De Buga -Valle
3860400765;Bogotá-Bogota D.C.
3901471724;Villavicencio -Meta
3901592479;Bogotá-Bogota D.C.
3800234792;Cali -Valle
3800250475;Bogotá-Bogota D.C.
3901328173;Villavicencio -Meta
3901146240;Facatativá -Cundinamarca
3901713150;Villavicencio - Meta
3800007310;Bogotá, D.C. - Bogotá
3800003781;Bogotá-Bogota D.C.
3900731055;Bogotá-Bogota D.C.
3800046286;Villavicencio - Meta
3800234154;Villavicencio -Meta
3900337842;Mosquera -Cundinamarca
3901727798;Villavicencio - Meta
3830120152;Bogotá-Bogota D.C.
3901353043;Bogotá-Bogota D.C.
3901246958;Bogotá-Bogota D.C.
3901149663;Bogotá-Bogota D.C.
3900502031;Jamundí -Valle
3900594987;Bogotá-Bogota D.C.
3900156309;Bogotá-Bogota D.C.
3900607559;Bogotá-Bogota D.C.
3901413059;Bogotá-Bogota D.C.
3901094000;Palmira -Valle
3900496355;Valledupar -Cesar
3891301530;Cali - Valle Del Cauca
3900613669;Bogotá-Bogota D.C.
3900809001;Cartago -Valle
3900145100;Flandes - Tolima
3901540361;La Calera - Cundinamarca
3899999325;Madrid -Cundinamarca
3900311356;Armero - Tolima
3901486955;Sonsón - Antioquia
3901180548;Bogotá-Bogota D.C.
3800079536;Bogotá-Bogota D.C.
3901542540;Facatativá - Cundinamarca
3805016737;Yumbo -Valle
3900171128;Bogotá, D.C. - Bogotá
3830027231;Tenjo -Cundinamarca
3900967731;La Calera -Cundinamarca
3860005986;Bogotá-Bogota D.C.
3901493422;Tuluá - Valle Del Cauca
3901740704;Funza - Cundinamarca
3891800609;Chiquinquirá - Boyacá
3900705854;Bogotá-Bogota D.C.
3830066251;Bogotá-Bogota D.C.
3832010100;Cogua -Cundinamarca
3830071114;Bogotá-Bogota D.C.
3805012896;Cali -Valle
3901107252;La Calera -Cundinamarca
3900275974;Villavicencio -Meta
3900971733;Paratebueno -Cundinamarca
3901114294;Bogotá-Bogota D.C.
3891904303;Tuluá -Valle
3900612398;Villavicencio - Meta
3901445509;Madrid -Cundinamarca
3800018488;Espinal - Tolima
3900151260;Restrepo -Meta
3901045252;Acacias - Meta
3890110188;Bogotá-Bogota D.C.
3800131512;Bogotá-Bogota D.C.
3901140912;Popayán -Cauca
3800031119;Mosquera -Cundinamarca
3860000315;Bogotá, D.C. - Bogotá
3900719939;Bogotá-Bogota D.C.
3900813952;Bogotá-Bogota D.C.
3901342471;Bogotá-Bogota D.C.
3900649025;Bogotá-Bogota D.C.
3900248845;Bogotá, D.C. - Bogotá
3900997614;Funza -Cundinamarca
3900540382;Bogotá-Bogota D.C.
3890802753;Manizales -Caldas
3901719478;Cali - Valle Del Cauca
3900690985;Palermo -Huila
374180060;Bogotá, D.C. - Bogotá
3900377847;Bogotá-Bogota D.C.
3900285025;Palmira - Valle Del Cauca
3900128137;Bogotá-Bogota D.C.
3900142217;Tuluá - Valle Del Cauca
3800135595;Cali -Valle
3860075498;Bogotá-Bogota D.C.
3860006334;Bogotá, D.C. - Bogotá
3901254796;Bogotá-Bogota D.C.
3900425436;Bogotá-Bogota D.C.
3900731792;Espinal -Tolima
3830006735;Bogotá-Bogota D.C.
3891303015;Palmira -Valle
3900782409;Mosquera -Nariño
3900329507;Bogotá, D.C. - Bogotá
3901651763;Acacias -Meta
3900465583;Bogotá, D.C. - Bogotá
3899999151;Facatativá -Cundinamarca
3830083386;Bogotá-Bogota D.C.
3900937674;Tenjo -Cundinamarca
3901092454;Paratebueno -Cundinamarca
3900873809;Melgar -Tolima
3830060953;Funza -Cundinamarca
3901659067;Barrancabermeja - Santander
3901015950;Bogotá-Bogota D.C.
3901190645;Bogotá-Bogota D.C.
3901281257;Cali -Valle
3900184558;Ibagué -Tolima
3900673876;Buenaventura - Valle Del Cauca
3900361316;Bogotá-Bogota D.C.
3860353950;Bogotá, D.C. - Bogotá
3900498442;Yopal -Casanare
3901037125;Mosquera -Cundinamarca
3900569135;Mosquera -Cundinamarca
3901468413;Bogotá-Bogota D.C.
3800031358;Barranquilla -Atlantico
3900757267;Bogotá-Bogota D.C.
3800215063;Cali -Valle
3900491498;Cali -Valle
3901424074;Cubarral - Meta
3900745044;Mosquera - Cundinamarca
3901119210;Villavicencio -Meta
3901569366;Pereira -Risaralda
3901698466;Tuluá -Valle
3900451443;Bogotá-Bogota D.C.
3901019138;Fusagasugá -Cundinamarca
3900892889;Bogotá-Bogota D.C.
3901546524;Manizales -Caldas
3830021692;Cota - Cundinamarca
3900520890;Itaguí -Antioquia
3800234784;Mosquera -Cundinamarca
3901065408;Bogotá-Bogota D.C.
3900442930;Tuluá -Valle
3901056632;Bogotá-Bogota D.C.
3900104899;Cota -Cundinamarca
3901264054;Bogotá-Bogota D.C.
3860535263;Villavicencio -Meta
3901478424;Abejorral -Antioquia
3830029582;Bogotá-Bogota D.C.
3901352415;Bogotá, D.C. - Bogotá
3900672307;Palmira -Valle
3860042585;Bogotá-Bogota D.C.
3900418144;Pereira - Risaralda
3800254476;Cali -Valle
3860504882;Bogotá-Bogota D.C.
3822006281;Villavicencio -Meta
3900221402;Yumbo -Valle
3804005914;Mosquera -Cundinamarca
3830064013;Bogotá-Bogota D.C.
3830510270;Villavicencio -Meta
3901141160;Bogotá-Bogota D.C.
3900524925;Bogotá, D.C. - Bogotá
3890702731;Espinal - Tolima
3901114718;Bogotá-Bogota D.C.
3901532835;Bogotá-Bogota D.C.
3901377087;Villavicencio - Meta
3860002182;Bogotá-Bogota D.C.
3901459538;Bogotá-Bogota D.C.
3811045845;Bogotá-Bogota D.C.
3900060018;Bogotá-Bogota D.C.
3830123305;Bogotá-Bogota D.C.
3900130240;Bogotá-Bogota D.C.
3900502901;Villavicencio -Meta
3900516700;Bogotá-Bogota D.C.
3900831342;Bogotá-Bogota D.C.
3901709862;Valledupar - Cesar
3900730695;Tuluá -Valle
3900826776;Bogotá, D.C. - Bogotá
3800034069;Bogotá-Bogota D.C.
3900979995;Barranquilla - Atlántico
3900235322;Bogotá-Bogota D.C.
3900599978;Acacias -Meta
3900748670;Bogotá-Bogota D.C.
3900489885;Villavicencio - Meta
3832006798;Tocancipá -Cundinamarca
3860058070;Bogotá-Bogota D.C.
3901061282;Yopal - Casanare
3901231113;Cabuyaro -Meta
3901097235;Santander De Quilichao -Cauca
3900703608;Bogotá-Bogota D.C.
3900137926;Mosquera -Cundinamarca
3900742894;La Mesa - Cundinamarca
3830003273;Bogotá-Bogota D.C.
3900414529;Bogotá-Bogota D.C.
3901126410;Villavicencio -Meta
3901529606;Bogotá, D.C. - Bogotá
3900690627;La Virginia -Risaralda
3901500702;Villavicencio - Meta
3900575287;Bogotá-Bogota D.C.
3860529657;Bogotá-Bogota D.C.
3901358970;Manizales - Caldas
3700115474;Pereira - Risaralda
3901596322;Cali -Valle
3900679913;Bogotá-Bogota D.C.
3901450523;Guachetá - Cundinamarca
3860065736;Bogotá-Bogota D.C.
3900941283;Villavicencio -Meta
3901547675;Armenia -Quindio
3901579273;Bogotá-Bogota D.C.
3900786869;Funza -Cundinamarca
3901150604;Medellin -Antioquia
3901335153;Restrepo -Meta
3900152835;Bogotá-Bogota D.C.
3900432887;Cali -Valle
3900864244;Bogotá-Bogota D.C.
3800120135;Bogotá-Bogota D.C.
3900211167;Cali -Valle
3900071228;Bogotá-Bogota D.C.
3900636586;Villavicencio -Meta
3900480923;Cajicá -Cundinamarca
3860511886;Funza -Cundinamarca
3890315140;Cali -Valle
3900500644;Bogotá-Bogota D.C.
3901192646;Mosquera -Cundinamarca
3800202366;Bogotá, D.C. - Bogotá
3900378893;Bogotá-Bogota D.C.
3890307682;Armenia -Quindio
3890315430;Cali -Valle
3890327556;Popayán - Cauca
3900546555;Villavicencio -Meta
3901149000;Bogotá-Bogota D.C.
3832000489;Monterrey - Casanare
3900756575;Bogotá-Bogota D.C.
3901473190;Cachipay - Cundinamarca
3900787684;Puerto Gaitán -Meta
3900266988;Tocancipá -Cundinamarca
3900851457;Villavicencio -Meta
3901169821;Bogotá-Bogota D.C.
3900235531;Cali -Valle
3900206717;Bogotá-Bogota D.C.
3901666416;Bogotá, D.C. - Bogotá
3860525661;Bogotá-Bogota D.C.
3890302646;Bogotá-Bogota D.C.
3901050732;Madrid -Cundinamarca
3800109274;Yumbo -Valle
3900451723;Villavicencio - Meta
3800047904;Bogotá-Bogota D.C.
3800070074;Bogotá, D.C. - Bogotá
380031665;Bogotá, D.C. - Bogotá
3900205288;Ibagué -Tolima
3901637127;Villavicencio -Meta
3901153197;Bogotá-Bogota D.C.
3900555789;Cali -Valle
3892001087;Villavicencio -Meta
3901253015;Bogotá-Bogota D.C.
3900517421;Bogotá-Bogota D.C.
319439383;Bogotá, D.C. - Bogotá
3901367695;Mosquera -Cundinamarca
3800010298;Cali - Valle Del Cauca
3901278629;Villavicencio -Meta
3901730028;Pereira - Risaralda
3900266781;Bogotá-Bogota D.C.
3830000213;Bogotá-Bogota D.C.
3901506691;Bogotá-Bogota D.C.
3900923429;Cáqueza -Cundinamarca
3805011844;Yumbo - Valle Del Cauca
3901452206;Tocaima - Cundinamarca
3830048667;Bogotá-Bogota D.C.
3901409357;Acacias - Meta
3900501856;Aguazul -Casanare
3901282019;Bogotá-Bogota D.C.
3800196449;Bogotá-Bogota D.C.
3809002262;Ibagué - Tolima
3830028762;Bogotá-Bogota D.C.
3901244480;Cota -Cundinamarca
3901373557;Fusagasugá -Cundinamarca
3900553469;Villavicencio - Meta
3800172668;Villavicencio -Meta
3901007653;Villavicencio - Meta
3901539288;La Mesa -Cundinamarca
3900037572;Bogotá-Bogota D.C.
3830071139;Bogotá-Bogota D.C.
3900753498;San Pedro -Valle
3860000258;Bogotá-Bogota D.C.
3900909669;Bogotá-Bogota D.C.
3901613268;Villavicencio - Meta
3901398869;Facatativá -Cundinamarca
3901199942;Cota - Cundinamarca
3900956973;Bogotá, D.C. - Bogotá
3900772097;Yumbo -Valle
3901041808;Villavicencio -Meta
3901670199;Bogotá-Bogota D.C.
3900687331;Espinal -Tolima
3811006840;Funza - Cundinamarca
3901297504;Bogotá-Bogota D.C.
3830046757;Bogotá-Bogota D.C.
3901254178;Cartagena -Bolivar
3832008475;Bogotá-Bogota D.C.
3900907909;Bogotá-Bogota D.C.
3900936031;Bogotá-Bogota D.C.
3901597434;Villavicencio -Meta
3800083329;Bogotá, D.C. - Bogotá
3900023785;Villa De San Diego De Ubaté -Cundinamarca
3890399012;Palmira -Valle
3901474443;Bogotá-Bogota D.C.
3900314868;Cali -Valle
3900338016;Bogotá-Bogota D.C.
3900980455;Granada -Cundinamarca
3800093475;Bogotá-Bogota D.C.
3900216566;Bogotá-Bogota D.C.
3901065395;Bogotá-Bogota D.C.
3901048003;Bogotá, D.C. - Bogotá
3800216878;Bogotá-Bogota D.C.
3830514235;San Martín -Cesar
3900078025;Acacias -Meta
3900595497;Ibagué - Tolima
3800006955;Bogotá-Bogota D.C.
3900132262;Mosquera -Cundinamarca
3900777593;Villavicencio -Meta
3901070257;Bogotá-Bogota D.C.
3901677082;Madrid -Cundinamarca
3900991500;Bogotá, D.C. - Bogotá
3900812757;Risaralda -Caldas
3901631890;Bogotá, D.C. - Bogotá
3900614415;Cota - Cundinamarca
3860006764;Bogotá-Bogota D.C.
3901560494;Bogotá-Bogota D.C.
3809000555;Bogotá-Bogota D.C.
3830016868;Palmira -Valle
3901471449;Zarzal - Valle Del Cauca
3900721717;Bogotá-Bogota D.C.
3901328858;Manizales -Caldas
3900537192;Bogotá-Bogota D.C.
3800151555;Bogotá-Bogota D.C.
3900096154;Bogotá-Bogota D.C.
3901502921;Bogotá, D.C. - Bogotá
3900326576;Abejorral -Antioquia
37224461;Duitama - Boyacá
3900725200;Duitama -Boyaca
3901571739;Bogotá-Bogota D.C.
3900192134;Riosucio -Caldas
3804011573;Bucaramanga -Santander
3900576791;Bogotá-Bogota D.C.
3901784869;Cali - Valle Del Cauca
3901392762;Villavicencio - Meta
3900296172;Cali -Valle
3900457461;Abejorral -Antioquia
3800160933;Bogotá-Bogota D.C.
3832006548;Funza -Cundinamarca
3830138557;Bogotá-Bogota D.C.
3800035583;Bojacá - Cundinamarca
3890304140;Yumbo - Valle Del Cauca
3800005151;La Calera -Cundinamarca
3800172158;Bogotá-Bogota D.C.
3901672861;Bogotá-Bogota D.C.
3900752989;Bogotá-Bogota D.C.
3800185056;Bogotá-Bogota D.C.
3900035804;Sibaté -Cundinamarca
3800141506;Facatativá -Cundinamarca
3900494377;Villavicencio -Meta
3900894268;Bogotá, D.C. - Bogotá
3900870755;Bogotá-Bogota D.C.
3900606034;Subachoque -Cundinamarca
3826002829;Sogamoso - Boyacá
3900950531;Villavicencio -Meta
3900506815;Bogotá-Bogota D.C.
3900018769;Villavicencio -Meta
3900103925;Bogotá-Bogota D.C.
3901809344;Neiva - Huila
3900308902;Palmira - Valle Del Cauca
3901704188;Chía - Cundinamarca
3900150646;Bogotá-Bogota D.C.
3900487325;Villavicencio -Meta
3800148262;Cali -Valle
3900238552;Pereira - Risaralda
3900767343;Bogotá-Bogota D.C.
3900956512;Bogotá-Bogota D.C.
3900333452;Cali -Valle
3900561665;Manizales -Caldas
3900314686;Bogotá, D.C. - Bogotá
3900582036;Cajicá - Cundinamarca
3900558756;Bogotá-Bogota D.C.
3901582066;Tunja - Boyacá
3901611114;Ibagué -Tolima
3901310317;Mosquera -Cundinamarca
3900592696;Madrid -Cundinamarca
3860519046;Bogotá-Bogota D.C.
3900061224;Cali - Valle Del Cauca
3901189057;Villavicencio -Meta
3900200903;Bogotá-Bogota D.C.
3901298473;Bogotá-Bogota D.C.
3900824641;Cali -Valle
3900812432;Ibagué -Tolima
3901556948;Villanueva -Casanare
3810003036;Manizales - Caldas
3901560716;La Calera - Cundinamarca
3816004954;Pereira -Risaralda
3900915872;Bogotá-Bogota D.C.
3800162592;Bogotá-Bogota D.C.
3901163281;Guadalajara De Buga - Valle Del Cauca
3901542044;Ibagué -Tolima
3900944377;Bogotá-Bogota D.C.
3901250165;Cali - Valle Del Cauca
3900170109;Bogotá-Bogota D.C.
3901339957;Madrid -Cundinamarca
3900618248;Cali -Valle
3900292285;Funza -Cundinamarca
3830092264;Bogotá-Bogota D.C.
3901639331;Villavicencio -Meta
3901776815;Bogotá, D.C. - Bogotá
3900145350;Yopal -Casanare
3860517522;Bogotá-Bogota D.C.
3900474007;Mosquera -Cundinamarca
3901112804;Guadalajara De Buga -Valle
3800013912;Girón - Santander
3900797325;Bogotá-Bogota D.C.
3900304675;Bogotá-Bogota D.C.
3900035972;Bogotá-Bogota D.C.
3900972365;Bogotá-Bogota D.C.
3800133158;Cali - Valle Del Cauca
3901083398;Bogotá-Bogota D.C.
3830008843;Funza -Cundinamarca
3901546199;Puerto Gaitán - Meta
3830043645;Bogotá-Bogota D.C.
3830088350;Bogotá-Bogota D.C.
3800141644;Bogotá, D.C. - Bogotá
3901604382;Cali - Valle Del Cauca
3900381610;Bogotá-Bogota D.C.
3900321520;Cajicá -Cundinamarca
3901346888;Cali -Valle
3901271745;Cota -Cundinamarca
39800467;Armenia - Quindío
3900351943;Funza -Cundinamarca
3900349565;Villavicencio - Meta
3900622945;Castilla La Nueva -Meta
3901490304;Palmira -Valle
3901110908;Villavicencio - Meta
3800048076;Cali -Valle
3900155994;Santa Marta - Magdalena
3890000440;Abejorral -Antioquia
3800158432;Mosquera -Cundinamarca
3900591473;Bogotá, D.C. - Bogotá
3800136310;Duitama - Boyacá
3830060056;Cali - Valle Del Cauca
3900838567;Bogotá-Bogota D.C.
39002966351;Funza - Cundinamarca
3901003092;Cali - Valle Del Cauca
3830503784;Santa Ana -Magdalena
3900384726;Mosquera -Cundinamarca
3830100805;Bogotá, D.C. - Bogotá
3900435994;Bogotá-Bogota D.C.
3901505987;Tuluá -Valle
3832001989;Facatativá -Cundinamarca
3860034155;Bogotá-Bogota D.C.
3860516806;Bogotá-Bogota D.C.
3901738304;Bogotá, D.C. - Bogotá
3811020969;Medellin -Antioquia
3901101222;Bogotá-Bogota D.C.
3901743262;Barrancabermeja - Santander
3830043424;Bogotá-Bogota D.C.
3800134497;Bogotá-Bogota D.C.
3830514557;Zipaquirá - Cundinamarca
3901352683;Tuluá -Valle
3892100110;Acacias -Meta
3900965235;Villavicencio -Meta
3900534062;Popayán - Cauca
3844000205;Yopal -Casanare
3901471251;Villavicencio -Meta
3900652083;Bogotá-Bogota D.C.
3800094685;Guayabal De Síquima -Cundinamarca
3830023345;Bogotá-Bogota D.C.
3901763083;Bogotá-Bogota D.C.
3900370585;Madrid -Cundinamarca
3901675272;Bogotá-Bogota D.C.
3830066396;Bogotá, D.C. - Bogotá
3901374704;Villavicencio - Meta
3901732065;Puerto Gaitán - Meta
3900792264;Villanueva -Casanare
3900448255;Cali - Valle Del Cauca
3900645281;Bogotá-Bogota D.C.
3900458346;Mosquera -Cundinamarca
3901143341;Facatativá -Cundinamarca
3816001644;Pereira - Risaralda
3901502508;Bogotá-Bogota D.C.
3860527046;San Antonio Del Tequendama -Cundinamarca
3900783640;Villavicencio -Meta
3901585744;Facatativá -Cundinamarca
3900840044;Bogotá, D.C. - Bogotá
3890301082;Cali -Valle
3900031737;Bogotá-Bogota D.C.
3900352593;Facatativá -Cundinamarca
3901120134;Cali -Valle
3900786502;Villavicencio -Meta
3900076284;Villapinzón -Cundinamarca
3860508382;Bogotá-Bogota D.C.
3900473140;Cumaral -Meta
3900132476;Acacias -Meta
3901314342;Villavicencio -Meta
3900962657;Mosquera -Cundinamarca
3901552823;Chía - Cundinamarca
3900689075;Cali -Valle
3900750474;Mosquera -Cundinamarca
3901031752;Apia -Risaralda
3901601146;Granada -Meta
3900490219;Facatativá -Cundinamarca
3899999470;Medina -Cundinamarca
3901397468;Mosquera - Cundinamarca
3901446279;Villavicencio -Meta
3900639700;Bogotá-Bogota D.C.
3901447021;Villa De San Diego De Ubaté - Cundinamarca
3900746832;Cali -Valle
3901268872;Duitama - Boyacá
3830094294;Bogotá-Bogota D.C.
3901110863;Bogotá-Bogota D.C.
3901425564;Bogotá-Bogota D.C.
3800173111;Bogotá-Bogota D.C.
3901085972;Bogotá-Bogota D.C.
3824001126;Valledupar - Cesar
3860010443;Bogotá-Bogota D.C.
3900842680;Bogotá-Bogota D.C.
3900731893;Bogotá-Bogota D.C.
3900883243;Restrepo -Meta
3901633424;Manizales -Caldas
3900709502;Bogotá-Bogota D.C.
3890700058;Ibagué -Tolima
3890311243;Bogotá-Bogota D.C.
3900645765;Bogotá-Bogota D.C.
3901088462;Bogotá-Bogota D.C.
34271970;Sogamoso - Boyacá
3900240093;Candelaria -Valle
3901067629;Tauramena -Casanare
3901062649;Nobsa - Boyacá
3900327307;Villavicencio -Meta
3830128889;Bogotá-Bogota D.C.
3901711921;Cali - Valle Del Cauca
3900081160;Villavicencio -Meta
3901520190;Puerto Lopez - Meta
3901799477;Mosquera - Cundinamarca
3901553014;Facatativá -Cundinamarca
3901414651;Saldaña - Tolima
3800164351;Bogotá-Bogota D.C.
3900896314;Bogotá-Bogota D.C.
3901747670;Bogotá, D.C. - Bogotá
3811024067;Bogotá-Bogota D.C.
3901196689;Valledupar - Cesar
3901419460;Villavicencio -Meta
3901128488;Bogotá-Bogota D.C.
3822002315;Villavicencio -Meta
3901681056;Suesca -Cundinamarca
3900653943;Bogotá, D.C. - Bogotá
3901412210;Funza -Cundinamarca
3844002349;Villavicencio -Meta
3900567192;Bogotá-Bogota D.C.
3832008769;Funza -Cundinamarca
3900503506;Mosquera -Cundinamarca
3900840125;Manizales -Caldas
3901386343;Cartagena -Bolivar
3900045328;Villavicencio -Meta
3800176090;Neiva -Huila
3900570293;Bogotá-Bogota D.C.
3900893919;Montería -Cordoba
3827000723;Medellin -Antioquia
3901193667;Bogotá-Bogota D.C.
3900927718;Bogotá-Bogota D.C.
3901163085;Bogotá-Bogota D.C.
3901590357;Bogotá, D.C. - Bogotá
3901122694;Bogotá, D.C. - Bogotá
3860039686;Funza -Cundinamarca
3900843915;Roldanillo - Valle Del Cauca
3901325309;Venadillo -Tolima
3900853450;Villavicencio -Meta
3805013338;Yumbo -Valle
3800202133;Bogotá, D.C. - Bogotá
3830044266;Bogotá-Bogota D.C.
3901506988;Bogotá-Bogota D.C.
3900515813;Soacha - Cundinamarca
3900438414;Abejorral -Antioquia
3900733087;Villavicencio -Meta
3901015577;Bogotá-Bogota D.C.
3901524562;Bogotá-Bogota D.C.
3830023782;Bogotá, D.C. - Bogotá
3901247762;Funza - Cundinamarca
3901293027;Bogotá-Bogota D.C.
3900437809;Pereira - Risaralda
3901328328;Facatativá -Cundinamarca
3901311727;Villanueva -Casanare
3901462174;Granada - Meta
3900284183;Bogotá-Bogota D.C.
3901166416;Madrid - Cundinamarca
3901139706;Caicedonia -Valle
3901457406;Duitama - Boyacá
3805023915;Cali -Valle
3900271539;Bogotá-Bogota D.C.
3901575593;Neiva - Huila
3901310287;Palmira -Valle
37218616;Duitama - Boyacá
3830067746;Bogotá-Bogota D.C.
3800167916;La Calera -Cundinamarca
3900407315;Mosquera -Cundinamarca
3900700109;Bogotá, D.C. - Bogotá
3901713343;Acacias - Meta
3901307301;La Dorada - Caldas
3900489960;Bogotá, D.C. - Bogotá
3901546255;Madrid - Cundinamarca
3901606107;Bogotá-Bogota D.C.
3100028;Medellín - Antioquia
3900354829;Bogotá-Bogota D.C.
3901244381;Cota - Cundinamarca
3830006833;Madrid -Cundinamarca
3900913507;Bogotá-Bogota D.C.
3901222573;Ibagué -Tolima
3900652520;Medina -Cundinamarca
3800053789;Cali -Valle
3830128976;Bogotá-Bogota D.C.
3901592430;Ibagué -Tolima
3900110601;Villavicencio -Meta
3900542731;Cereté - Córdoba
3901599923;Popayán - Cauca
3900010096;Villavicencio - Meta
3900385074;Facatativá - Cundinamarca
3900409006;Villavicencio -Meta
3800444818;Mosquera -Cundinamarca
3900587972;Bogotá-Bogota D.C.
3900936745;Bogotá-Bogota D.C.
3901385737;Villavicencio - Meta
3901561163;Mosquera -Cundinamarca
3830507982;Bogotá-Bogota D.C.
3901108921;Bogotá-Bogota D.C.
3901178179;Mosquera -Cundinamarca
3900550544;Villavicencio -Meta
3812006001;Montería - Córdoba
3900188835;Mosquera -Cundinamarca
3830060377;Funza -Cundinamarca
3830130469;Bogotá, D.C. - Bogotá
3900455438;Bogotá-Bogota D.C.
3901048265;Bogotá-Bogota D.C.
3900052123;Bogotá-Bogota D.C.
3901265547;Mosquera -Cundinamarca
3901077177;Bogotá-Bogota D.C.
3901036260;Barrancabermeja -Santander
3860516847;Bogotá-Bogota D.C.
3901335977;Bogotá-Bogota D.C.
3900444487;Bogotá, D.C. - Bogotá
3901016331;Bogotá, D.C. - Bogotá
3800218958;Bogotá-Bogota D.C.
3900926346;Bogotá-Bogota D.C.
3901553849;Bucaramanga -Santander
3830101830;Bogotá-Bogota D.C.
3830081407;Funza - Cundinamarca
3901203041;Montería -Cordoba
3830011376;Bogotá-Bogota D.C.
3900621136;Barrancabermeja -Santander
3900810531;Bogotá, D.C. - Bogotá
3901193050;Bogotá-Bogota D.C.
3830135535;Bogotá, D.C. - Bogotá
3830127194;Funza -Cundinamarca
3901627386;Bogotá, D.C. - Bogotá
3900833879;Bogotá-Bogota D.C.
3800098112;Tuluá -Valle
3900796762;Bogotá-Bogota D.C.
3901420847;Ibagué - Tolima
3901479862;Villavicencio -Meta
3900593382;Bogotá, D.C. - Bogotá
3900018975;Chía -Cundinamarca
3900067858;Mosquera -Cundinamarca
3901460869;Chinchiná - Caldas
3901056774;Villavicencio -Meta
3900448330;Bogotá-Bogota D.C.
3804010123;Villavicencio -Meta
3900959200;Bogotá-Bogota D.C.
3901195579;Cali -Valle
3890906413;Fonseca - La Guajira
3901252678;Bogotá, D.C. - Bogotá
3901053528;Bogotá-Bogota D.C.
3830147073;Mosquera -Cundinamarca
3830500326;Bogotá-Bogota D.C.
3901207129;Armenia -Quindio
3901490555;Bogotá-Bogota D.C.
3805010341;Cali -Valle
3890700574;Guadalajara De Buga - Valle Del Cauca
3901768845;Villavicencio - Meta
3901153422;Bogotá, D.C. - Bogotá
3900161996;Mosquera -Cundinamarca
3830003159;Bogotá, D.C. - Bogotá
3801004063;Armenia -Quindio
3890700982;Armero - Tolima
3901253838;Tuluá - Valle Del Cauca
3900152573;Bogotá-Bogota D.C.
3900527898;Bogotá-Bogota D.C.
3901386643;Bogotá-Bogota D.C.
3900964285;Bogotá-Bogota D.C.
3901252118;Bogotá-Bogota D.C.
3800189974;Bogotá-Bogota D.C.
3890680437;Silvania -Cundinamarca
3800168800;Madrid - Cundinamarca
3900970984;Bogotá-Bogota D.C.
3805007221;Cali -Valle
3900401845;Trujillo -Valle
3900761581;Villavicencio - Meta
3900694384;Bogotá-Bogota D.C.
3900392471;Cogua -Cundinamarca
3900743222;Facatativá -Cundinamarca
3860511458;Bogotá-Bogota D.C.
3900910810;Acacias - Meta
3900107077;Guadalajara De Buga -Valle
3900071465;Yopal -Casanare
3900016411;Bogotá-Bogota D.C.
3901651647;Villavicencio -Meta
3900656137;Bogotá-Bogota D.C.
3901420375;Cali -Valle
3830045573;Bogotá-Bogota D.C.
3830095998;Bogotá-Bogota D.C.
3900716966;Cereté - Córdoba
3900769160;Castilla La Nueva -Meta
3900555485;Madrid - Cundinamarca
3901485090;Palmira - Valle Del Cauca
3900597768;Bogotá-Bogota D.C.
3900527320;Yopal -Casanare
3900457688;Itaguí -Antioquia
3901662779;Cartagena -Bolivar
3900536901;Ibagué -Tolima
3830091939;Bogotá-Bogota D.C.
3901289247;Soacha - Cundinamarca
3900193579;Aguazul -Casanare
3900641174;Bogotá, D.C. - Bogotá
3800012375;Guadalajara De Buga -Valle
3900885216;Villavicencio -Meta
3800033094;Bogotá-Bogota D.C.
3900804156;Bogotá-Bogota D.C.
3900436883;Villavicencio -Meta
3900834378;Bogotá-Bogota D.C.
3900995530;Facatativá -Cundinamarca
3901700659;Bogotá, D.C. - Bogotá
3900607964;Bogotá, D.C. - Bogotá
3900109656;Bogotá-Bogota D.C.
3860079972;La Calera -Cundinamarca
3901211800;Bogotá-Bogota D.C.
3900422605;Ibagué -Tolima
3900725153;Villavicencio -Meta
3830089377;Bogotá-Bogota D.C.
3800155057;Mosquera -Cundinamarca
3901286232;Cali -Valle
3901748537;Abejorral -Antioquia
3900497367;Bogotá-Bogota D.C.
3901075267;Bogotá, D.C. - Bogotá
3901521873;Bogotá-Bogota D.C.
3890680062;Fusagasugá -Cundinamarca
3860061912;Bogotá, D.C. - Bogotá
3900085630;Medellín - Antioquia
3900136052;Cali -Valle
3900847776;Bogotá, D.C. - Bogotá
3900784659;Yopal -Casanare
3901195903;Villavicencio -Meta
3900429890;Bogotá-Bogota D.C.
3900093151;Bogotá, D.C. - Bogotá
3800242427;Itaguí -Antioquia
3805007853;Bogotá-Bogota D.C.
3804012759;Bucaramanga - Santander
3900369003;Barranquilla - Atlántico
3900877367;Villavicencio -Meta
3901244263;Villavicencio -Meta
3900591448;Chía -Cundinamarca
3800177674;Bogotá-Bogota D.C.
3901261866;Fómeque - Cundinamarca
3900226110;Villavicencio - Meta
3901607700;Bogotá-Bogota D.C.
3900703782;Villavicencio - Meta
3900109849;Bogotá-Bogota D.C.
3860009808;Bogotá-Bogota D.C.
3901012848;Villavicencio - Meta
3901208937;Colombia -Huila
3815000992;Palmira - Valle Del Cauca
3901074741;Cali - Valle Del Cauca
3800174339;Funza -Cundinamarca
3830128202;Bogotá, D.C. - Bogotá
3860511681;Bogotá-Bogota D.C.
3900607402;Medellin -Antioquia
3830137517;Bogotá-Bogota D.C.
3830051740;Funza -Cundinamarca
3900356160;Bogotá-Bogota D.C.
3900756893;Cumaral -Meta
3900449939;Villavicencio -Meta
3901154710;Yopal -Casanare
3900309589;Bogotá-Bogota D.C.
3800121752;Villavicencio -Meta
3900544202;Pereira -Risaralda
3900630894;Bogotá, D.C. - Bogotá
3900010107;Yumbo -Valle
3900490148;Mosquera -Cundinamarca
3890802546;Anserma -Caldas
3860074186;Acacias - Meta
3816003379;Belén De Umbría -Risaralda
3901073450;Acacias - Meta
3901169857;Cali - Valle Del Cauca
3900827489;Bogotá-Bogota D.C.
3800047359;Bogotá, D.C. - Bogotá
3901143087;Puerto Boyacá - Boyacá
3822004859;Villavicencio - Meta
3901131523;Villavicencio - Meta
3901247983;Palmira -Valle
3900968414;Bogotá-Bogota D.C.
3901218860;Bogotá, D.C. - Bogotá
3900448168;La Calera -Cundinamarca
3832005736;La Calera -Cundinamarca
3901404524;Bojacá -Cundinamarca
3900305406;Fusagasugá -Cundinamarca
3901787068;Bogotá, D.C. - Bogotá
3830506116;Bogotá-Bogota D.C.
3800228667;Mosquera - Cundinamarca
3901628421;Fusagasugá - Cundinamarca
3900120369;Bogotá-Bogota D.C.
3900030261;Bogotá-Bogota D.C.
3900659905;Mosquera -Cundinamarca
3900173936;Bogotá-Bogota D.C.
3900454607;Bogotá-Bogota D.C.
3900772319;Villanueva -Casanare
3900672513;Bogotá-Bogota D.C.
3800030235;Cota -Cundinamarca
3900894480;Bogotá-Bogota D.C.
3832001178;Facatativá -Cundinamarca
3899999431;Quipilé -Cundinamarca
3822005433;Villavicencio -Meta
3900550116;Cota -Cundinamarca
3900854145;Mosquera -Cundinamarca
3830120073;Mosquera -Cundinamarca
3900872259;Cali -Valle
3901013101;Yopal - Casanare
3900624905;Bogotá, D.C. - Bogotá
3830129381;Bogotá, D.C. - Bogotá
3900006128;Monterrey -Casanare
3900259964;Medellin -Antioquia
3900151827;Bogotá-Bogota D.C.
3900796644;La Calera -Cundinamarca
3900127462;Pasto -Nariño
3832001364;Bogotá-Bogota D.C.
3900970638;Bogotá, D.C. - Bogotá
3900415051;Bogotá-Bogota D.C.
3900955188;Bogotá, D.C. - Bogotá
3830130782;Bogotá-Bogota D.C.
