personId;city;cityNew;flag
3891900390;Andalucía -Valle;Andalucía - Valle Del Cauca;SI
194355775;Andalucía -Valle;Andalucía - Valle Del Cauca;SI
3900217466;Andalucía -Valle;Andalucía - Valle Del Cauca;SI
3901371395;Andalucía -Valle;Andalucía - Valle Del Cauca;SI
3901369365;Armenia -Quindio;Armenia - Quindío;SI
3801001676;Armenia -Quindio;Armenia - Quindío;SI
3901592047;Armenia -Quindio;Armenia - Quindío;SI
3900488961;Armenia -Quindio;Armenia - Quindío;SI
39733979;Armenia -Quindio;Armenia - Quindío;SI
3890003838;Armenia -Quindio;Armenia - Quindío;SI
170049757;Armenia -Quindio;Armenia - Quindío;SI
3890001662;Armenia -Quindio;Armenia - Quindío;SI
3901109290;Armenia -Quindio;Armenia - Quindío;SI
116715234;Armenia -Quindio;Armenia - Quindío;SI
3901559759;Armenia -Quindio;Armenia - Quindío;SI
3900488489;Armenia -Quindio;Armenia - Quindío;SI
3901547675;Armenia -Quindio;Armenia - Quindío;SI
3890307682;Armenia -Quindio;Armenia - Quindío;SI
11094915008;Armenia -Quindio;Armenia - Quindío;SI
3901207129;Armenia -Quindio;Armenia - Quindío;SI
3801004063;Armenia -Quindio;Armenia - Quindío;SI
3830095035;Bagadó -Choco;Bagadó - Chocó;SI
180267606;Barranco Minas -Guainia;Barranco Minas - Guainía;SI
11140892471;Barranquilla -Atlantico;Barranquilla - Atlántico;SI
3890111175;Barranquilla -Atlantico;Barranquilla - Atlántico;SI
3900107992;Barranquilla -Atlantico;Barranquilla - Atlántico;SI
110768212;Barranquilla -Atlantico;Barranquilla - Atlántico;SI
172357133;Barranquilla -Atlantico;Barranquilla - Atlántico;SI
3900548985;Barranquilla -Atlantico;Barranquilla - Atlántico;SI
3901395237;Barranquilla -Atlantico;Barranquilla - Atlántico;SI
3900177052;Barranquilla -Atlantico;Barranquilla - Atlántico;SI
3900518605;Barranquilla -Atlantico;Barranquilla - Atlántico;SI
3800137059;Barranquilla -Atlantico;Barranquilla - Atlántico;SI
3900386516;Barranquilla -Atlantico;Barranquilla - Atlántico;SI
11140821023;Barranquilla -Atlantico;Barranquilla - Atlántico;SI
172347673;Barranquilla -Atlantico;Barranquilla - Atlántico;SI
11140843467;Barranquilla -Atlantico;Barranquilla - Atlántico;SI
3800031358;Barranquilla -Atlantico;Barranquilla - Atlántico;SI
11143227664;Barranquilla -Atlantico;Barranquilla - Atlántico;SI
11001939582;Barranquilla -Atlantico;Barranquilla - Atlántico;SI
11043001755;Barranquilla -Atlantico;Barranquilla - Atlántico;SI
11031128411;Boavita -Boyaca;Boavita - Boyacá;SI
180880960;Boavita -Boyaca;Boavita - Boyacá;SI
179578785;Boavita -Boyaca;Boavita - Boyacá;SI
180246578;Boavita -Boyaca;Boavita - Boyacá;SI
174323017;Boavita -Boyaca;Boavita - Boyacá;SI
171792258;Boavita -Boyaca;Boavita - Boyacá;SI
14269919;Boavita -Boyaca;Boavita - Boyacá;SI
119418066;Bogotá-Bogota D.C.;Bogotá, D.C. - Bogotá;SI
179292558;Bogotá-Bogota D.C.;Bogotá, D.C. - Bogotá;SI
11019120374;Bogotá-Bogota D.C.;Bogotá, D.C. - Bogotá;SI
111437070;Bogotá-Bogota D.C.;Bogotá, D.C. - Bogotá;SI
3900785215;Bogotá-Bogota D.C.;Bogotá, D.C. - Bogotá;SI
179878392;Bogotá-Bogota D.C.;Bogotá, D.C. - Bogotá;SI
179627026;Bogotá-Bogota D.C.;Bogotá, D.C. - Bogotá;SI
3830073841;Bogotá-Bogota D.C.;Bogotá, D.C. - Bogotá;SI
18316032;Bogotá-Bogota D.C.;Bogotá, D.C. - Bogotá;SI
11037613064;Bogotá-Bogota D.C.;Bogotá, D.C. - Bogotá;SI
11020721254;Bogotá-Bogota D.C.;Bogotá, D.C. - Bogotá;SI
179400654;Bogotá-Bogota D.C.;Bogotá, D.C. - Bogotá;SI
179967071;Bogotá-Bogota D.C.;Bogotá, D.C. - Bogotá;SI
11022368407;Bogotá-Bogota D.C.;Bogotá, D.C. - Bogotá;SI
152020506;Bogotá-Bogota D.C.;Bogotá, D.C. - Bogotá;SI
11031150501;Bogotá-Bogota D.C.;Bogotá, D.C. - Bogotá;SI
3901123451;Bogotá-Bogota D.C.;Bogotá, D.C. - Bogotá;SI
111413094;Bogotá-Bogota D.C.;Bogotá, D.C. - Bogotá;SI
3900459157;Bogotá-Bogota D.C.;Bogotá, D.C. - Bogotá;SI
116288033;Bogotá-Bogota D.C.;Bogotá, D.C. - Bogotá;SI
3860530559;Bogotá-Bogota D.C.;Bogotá, D.C. - Bogotá;SI
139639339;Bogotá-Bogota D.C.;Bogotá, D.C. - Bogotá;SI
179463190;Bogotá-Bogota D.C.;Bogotá, D.C. - Bogotá;SI
180073539;Bogotá-Bogota D.C.;Bogotá, D.C. - Bogotá;SI
180164734;Bogotá-Bogota D.C.;Bogotá, D.C. - Bogotá;SI
153177441;Bogotá-Bogota D.C.;Bogotá, D.C. - Bogotá;SI
3901000057;Bogotá-Bogota D.C.;Bogotá, D.C. - Bogotá;SI
3900532663;Bogotá-Bogota D.C.;Bogotá, D.C. - Bogotá;SI
13291460;Bogotá-Bogota D.C.;Bogotá, D.C. - Bogotá;SI
179626672;Bogotá-Bogota D.C.;Bogotá, D.C. - Bogotá;SI
186072877;Bogotá-Bogota D.C.;Bogotá, D.C. - Bogotá;SI
11019046553;Bogotá-Bogota D.C.;Bogotá, D.C. - Bogotá;SI
3900909397;Bogotá-Bogota D.C.;Bogotá, D.C. - Bogotá;SI
151572501;Bogotá-Bogota D.C.;Bogotá, D.C. - Bogotá;SI
179898053;Bogotá-Bogota D.C.;Bogotá, D.C. - Bogotá;SI
211518637;Bogotá-Bogota D.C.;Bogotá, D.C. - Bogotá;SI
179948242;Bogotá-Bogota D.C.;Bogotá, D.C. - Bogotá;SI
180311927;Bogotá-Bogota D.C.;Bogotá, D.C. - Bogotá;SI
3830054581;Bogotá-Bogota D.C.;Bogotá, D.C. - Bogotá;SI
119348518;Bogotá-Bogota D.C.;Bogotá, D.C. - Bogotá;SI
3901474491;Bogotá-Bogota D.C.;Bogotá, D.C. - Bogotá;SI
3900024602;Bogotá-Bogota D.C.;Bogotá, D.C. - Bogotá;SI
119457086;Bogotá-Bogota D.C.;Bogotá, D.C. - Bogotá;SI
121181075;Bogotá-Bogota D.C.;Bogotá, D.C. - Bogotá;SI
179133181;Bogotá-Bogota D.C.;Bogotá, D.C. - Bogotá;SI
11023025190;Bogotá-Bogota D.C.;Bogotá, D.C. - Bogotá;SI
172255138;Bogotá-Bogota D.C.;Bogotá, D.C. - Bogotá;SI
3860058831;Bogotá-Bogota D.C.;Bogotá, D.C. - Bogotá;SI
179950699;Bogotá-Bogota D.C.;Bogotá, D.C. - Bogotá;SI
152862604;Bogotá-Bogota D.C.;Bogotá, D.C. - Bogotá;SI
119112666;Bogotá-Bogota D.C.;Bogotá, D.C. - Bogotá;SI
179499871;Bogotá-Bogota D.C.;Bogotá, D.C. - Bogotá;SI
3900148470;Bogotá-Bogota D.C.;Bogotá, D.C. - Bogotá;SI
3900991912;Bogotá-Bogota D.C.;Bogotá, D.C. - Bogotá;SI
12954100;Bogotá-Bogota D.C.;Bogotá, D.C. - Bogotá;SI
3860001615;Bogotá-Bogota D.C.;Bogotá, D.C. - Bogotá;SI
3900260317;Bogotá-Bogota D.C.;Bogotá, D.C. - Bogotá;SI
3860531602;Bogotá-Bogota D.C.;Bogotá, D.C. - Bogotá;SI
119251591;Bogotá-Bogota D.C.;Bogotá, D.C. - Bogotá;SI
11014228498;Bogotá-Bogota D.C.;Bogotá, D.C. - Bogotá;SI
3901073314;Bogotá-Bogota D.C.;Bogotá, D.C. - Bogotá;SI
132895987;Bogotá-Bogota D.C.;Bogotá, D.C. - Bogotá;SI
180755745;Bogotá-Bogota D.C.;Bogotá, D.C. - Bogotá;SI
152030812;Bogotá-Bogota D.C.;Bogotá, D.C. - Bogotá;SI
3900339467;Bogotá-Bogota D.C.;Bogotá, D.C. - Bogotá;SI
3901021294;Bogotá-Bogota D.C.;Bogotá, D.C. - Bogotá;SI
11022418572;Bogotá-Bogota D.C.;Bogotá, D.C. - Bogotá;SI
11032403489;Bogotá-Bogota D.C.;Bogotá, D.C. - Bogotá;SI
180779453;Bogotá-Bogota D.C.;Bogotá, D.C. - Bogotá;SI
114979713;Bogotá-Bogota D.C.;Bogotá, D.C. - Bogotá;SI
179684322;Bogotá-Bogota D.C.;Bogotá, D.C. - Bogotá;SI
116272128;Bogotá-Bogota D.C.;Bogotá, D.C. - Bogotá;SI
3800244319;Bogotá-Bogota D.C.;Bogotá, D.C. - Bogotá;SI
3901514822;Bogotá-Bogota D.C.;Bogotá, D.C. - Bogotá;SI
3901074152;Bogotá-Bogota D.C.;Bogotá, D.C. - Bogotá;SI
179417450;Bogotá-Bogota D.C.;Bogotá, D.C. - Bogotá;SI
3830508846;Bogotá-Bogota D.C.;Bogotá, D.C. - Bogotá;SI
152774555;Bogotá-Bogota D.C.;Bogotá, D.C. - Bogotá;SI
11010168865;Bogotá-Bogota D.C.;Bogotá, D.C. - Bogotá;SI
114987247;Bogotá-Bogota D.C.;Bogotá, D.C. - Bogotá;SI
3900119390;Bogotá-Bogota D.C.;Bogotá, D.C. - Bogotá;SI
11032404289;Bogotá-Bogota D.C.;Bogotá, D.C. - Bogotá;SI
121231457;Bogotá-Bogota D.C.;Bogotá, D.C. - Bogotá;SI
3800180390;Bogotá-Bogota D.C.;Bogotá, D.C. - Bogotá;SI
3900341241;Bogotá-Bogota D.C.;Bogotá, D.C. - Bogotá;SI
11037574171;Bogotá-Bogota D.C.;Bogotá, D.C. - Bogotá;SI
152354687;Bogotá-Bogota D.C.;Bogotá, D.C. - Bogotá;SI
11073701140;Bogotá-Bogota D.C.;Bogotá, D.C. - Bogotá;SI
3900298510;Bogotá-Bogota D.C.;Bogotá, D.C. - Bogotá;SI
179142311;Bogotá-Bogota D.C.;Bogotá, D.C. - Bogotá;SI
114327002;Bogotá-Bogota D.C.;Bogotá, D.C. - Bogotá;SI
186059024;Bogotá-Bogota D.C.;Bogotá, D.C. - Bogotá;SI
11090425261;Bogotá-Bogota D.C.;Bogotá, D.C. - Bogotá;SI
3900462686;Bogotá-Bogota D.C.;Bogotá, D.C. - Bogotá;SI
179731756;Bogotá-Bogota D.C.;Bogotá, D.C. - Bogotá;SI
119224611;Bogotá-Bogota D.C.;Bogotá, D.C. - Bogotá;SI
11057574585;Bogotá-Bogota D.C.;Bogotá, D.C. - Bogotá;SI
3830051924;Bogotá-Bogota D.C.;Bogotá, D.C. - Bogotá;SI
3830000556;Bogotá-Bogota D.C.;Bogotá, D.C. - Bogotá;SI
180048280;Bogotá-Bogota D.C.;Bogotá, D.C. - Bogotá;SI
180852531;Bogotá-Bogota D.C.;Bogotá, D.C. - Bogotá;SI
3900645079;Bogotá-Bogota D.C.;Bogotá, D.C. - Bogotá;SI
3901044911;Bogotá-Bogota D.C.;Bogotá, D.C. - Bogotá;SI
179879942;Bogotá-Bogota D.C.;Bogotá, D.C. - Bogotá;SI
3900014559;Bogotá-Bogota D.C.;Bogotá, D.C. - Bogotá;SI
3901354300;Bogotá-Bogota D.C.;Bogotá, D.C. - Bogotá;SI
3900296271;Bogotá-Bogota D.C.;Bogotá, D.C. - Bogotá;SI
179242781;Bogotá-Bogota D.C.;Bogotá, D.C. - Bogotá;SI
11010188113;Bogotá-Bogota D.C.;Bogotá, D.C. - Bogotá;SI
3900497713;Bogotá-Bogota D.C.;Bogotá, D.C. - Bogotá;SI
180206415;Bogotá-Bogota D.C.;Bogotá, D.C. - Bogotá;SI
11016014160;Bogotá-Bogota D.C.;Bogotá, D.C. - Bogotá;SI
3900159568;Bogotá-Bogota D.C.;Bogotá, D.C. - Bogotá;SI
18277097;Bogotá-Bogota D.C.;Bogotá, D.C. - Bogotá;SI
3900313728;Bogotá-Bogota D.C.;Bogotá, D.C. - Bogotá;SI
179645421;Bogotá-Bogota D.C.;Bogotá, D.C. - Bogotá;SI
3830094598;Bogotá-Bogota D.C.;Bogotá, D.C. - Bogotá;SI
179605025;Bogotá-Bogota D.C.;Bogotá, D.C. - Bogotá;SI
11032399229;Bogotá-Bogota D.C.;Bogotá, D.C. - Bogotá;SI
14979948;Bogotá-Bogota D.C.;Bogotá, D.C. - Bogotá;SI
11019003692;Bogotá-Bogota D.C.;Bogotá, D.C. - Bogotá;SI
3830104746;Bogotá-Bogota D.C.;Bogotá, D.C. - Bogotá;SI
179809454;Bogotá-Bogota D.C.;Bogotá, D.C. - Bogotá;SI
2352135;Bogotá-Bogota D.C.;Bogotá, D.C. - Bogotá;SI
3900134635;Bogotá-Bogota D.C.;Bogotá, D.C. - Bogotá;SI
11120498026;Bogotá-Bogota D.C.;Bogotá, D.C. - Bogotá;SI
180809200;Bogotá-Bogota D.C.;Bogotá, D.C. - Bogotá;SI
3901513194;Bogotá-Bogota D.C.;Bogotá, D.C. - Bogotá;SI
152542725;Bogotá-Bogota D.C.;Bogotá, D.C. - Bogotá;SI
141601847;Bogotá-Bogota D.C.;Bogotá, D.C. - Bogotá;SI
180402268;Bogotá-Bogota D.C.;Bogotá, D.C. - Bogotá;SI
3900426171;Bogotá-Bogota D.C.;Bogotá, D.C. - Bogotá;SI
179979653;Bogotá-Bogota D.C.;Bogotá, D.C. - Bogotá;SI
180188634;Bogotá-Bogota D.C.;Bogotá, D.C. - Bogotá;SI
172008949;Bogotá-Bogota D.C.;Bogotá, D.C. - Bogotá;SI
119196381;Bogotá-Bogota D.C.;Bogotá, D.C. - Bogotá;SI
140341714;Bogotá-Bogota D.C.;Bogotá, D.C. - Bogotá;SI
175107667;Bogotá-Bogota D.C.;Bogotá, D.C. - Bogotá;SI
3800134597;Bogotá-Bogota D.C.;Bogotá, D.C. - Bogotá;SI
173582705;Bogotá-Bogota D.C.;Bogotá, D.C. - Bogotá;SI
3900192581;Bogotá-Bogota D.C.;Bogotá, D.C. - Bogotá;SI
3900687495;Bogotá-Bogota D.C.;Bogotá, D.C. - Bogotá;SI
180871997;Bogotá-Bogota D.C.;Bogotá, D.C. - Bogotá;SI
153123040;Bogotá-Bogota D.C.;Bogotá, D.C. - Bogotá;SI
179485327;Bogotá-Bogota D.C.;Bogotá, D.C. - Bogotá;SI
119420269;Bogotá-Bogota D.C.;Bogotá, D.C. - Bogotá;SI
179942291;Bogotá-Bogota D.C.;Bogotá, D.C. - Bogotá;SI
179944184;Bogotá-Bogota D.C.;Bogotá, D.C. - Bogotá;SI
3830111586;Bogotá-Bogota D.C.;Bogotá, D.C. - Bogotá;SI
128553440;Bogotá-Bogota D.C.;Bogotá, D.C. - Bogotá;SI
11233688848;Bogotá-Bogota D.C.;Bogotá, D.C. - Bogotá;SI
3900529038;Bogotá-Bogota D.C.;Bogotá, D.C. - Bogotá;SI
3900410496;Bogotá-Bogota D.C.;Bogotá, D.C. - Bogotá;SI
179912645;Bogotá-Bogota D.C.;Bogotá, D.C. - Bogotá;SI
11015439004;Bogotá-Bogota D.C.;Bogotá, D.C. - Bogotá;SI
180165082;Bogotá-Bogota D.C.;Bogotá, D.C. - Bogotá;SI
179960497;Bogotá-Bogota D.C.;Bogotá, D.C. - Bogotá;SI
3901323496;Bogotá-Bogota D.C.;Bogotá, D.C. - Bogotá;SI
3900671116;Bogotá-Bogota D.C.;Bogotá, D.C. - Bogotá;SI
11116789994;Bogotá-Bogota D.C.;Bogotá, D.C. - Bogotá;SI
3830500828;Bogotá-Bogota D.C.;Bogotá, D.C. - Bogotá;SI
3900420787;Bogotá-Bogota D.C.;Bogotá, D.C. - Bogotá;SI
179043389;Bogotá-Bogota D.C.;Bogotá, D.C. - Bogotá;SI
179750254;Bogotá-Bogota D.C.;Bogotá, D.C. - Bogotá;SI
11094242156;Bogotá-Bogota D.C.;Bogotá, D.C. - Bogotá;SI
152885657;Bogotá-Bogota D.C.;Bogotá, D.C. - Bogotá;SI
3900396961;Bogotá-Bogota D.C.;Bogotá, D.C. - Bogotá;SI
3900517405;Bogotá-Bogota D.C.;Bogotá, D.C. - Bogotá;SI
16770016;Bogotá-Bogota D.C.;Bogotá, D.C. - Bogotá;SI
179646353;Bogotá-Bogota D.C.;Bogotá, D.C. - Bogotá;SI
152898556;Bogotá-Bogota D.C.;Bogotá, D.C. - Bogotá;SI
3901364667;Bogotá-Bogota D.C.;Bogotá, D.C. - Bogotá;SI
117123841;Bogotá-Bogota D.C.;Bogotá, D.C. - Bogotá;SI
3830096060;Bogotá-Bogota D.C.;Bogotá, D.C. - Bogotá;SI
3901055828;Bogotá-Bogota D.C.;Bogotá, D.C. - Bogotá;SI
3900838988;Bogotá-Bogota D.C.;Bogotá, D.C. - Bogotá;SI
153117832;Bogotá-Bogota D.C.;Bogotá, D.C. - Bogotá;SI
3800105031;Bogotá-Bogota D.C.;Bogotá, D.C. - Bogotá;SI
179103077;Bogotá-Bogota D.C.;Bogotá, D.C. - Bogotá;SI
151706240;Bogotá-Bogota D.C.;Bogotá, D.C. - Bogotá;SI
186067566;Bogotá-Bogota D.C.;Bogotá, D.C. - Bogotá;SI
179648637;Bogotá-Bogota D.C.;Bogotá, D.C. - Bogotá;SI
179811055;Bogotá-Bogota D.C.;Bogotá, D.C. - Bogotá;SI
11023871969;Bogotá-Bogota D.C.;Bogotá, D.C. - Bogotá;SI
11015422339;Bogotá-Bogota D.C.;Bogotá, D.C. - Bogotá;SI
11070705463;Bogotá-Bogota D.C.;Bogotá, D.C. - Bogotá;SI
11010198034;Bogotá-Bogota D.C.;Bogotá, D.C. - Bogotá;SI
119389091;Bogotá-Bogota D.C.;Bogotá, D.C. - Bogotá;SI
11010214574;Bogotá-Bogota D.C.;Bogotá, D.C. - Bogotá;SI
116662226;Bogotá-Bogota D.C.;Bogotá, D.C. - Bogotá;SI
179562429;Bogotá-Bogota D.C.;Bogotá, D.C. - Bogotá;SI
179428528;Bogotá-Bogota D.C.;Bogotá, D.C. - Bogotá;SI
11015998464;Bogotá-Bogota D.C.;Bogotá, D.C. - Bogotá;SI
11095803043;Bogotá-Bogota D.C.;Bogotá, D.C. - Bogotá;SI
11121889525;Bogotá-Bogota D.C.;Bogotá, D.C. - Bogotá;SI
3860024529;Bogotá-Bogota D.C.;Bogotá, D.C. - Bogotá;SI
179942516;Bogotá-Bogota D.C.;Bogotá, D.C. - Bogotá;SI
3901162580;Bogotá-Bogota D.C.;Bogotá, D.C. - Bogotá;SI
13289470;Bogotá-Bogota D.C.;Bogotá, D.C. - Bogotá;SI
2464011;Bogotá-Bogota D.C.;Bogotá, D.C. - Bogotá;SI
11098636377;Bogotá-Bogota D.C.;Bogotá, D.C. - Bogotá;SI
3900759329;Bogotá-Bogota D.C.;Bogotá, D.C. - Bogotá;SI
180762919;Bogotá-Bogota D.C.;Bogotá, D.C. - Bogotá;SI
180027646;Bogotá-Bogota D.C.;Bogotá, D.C. - Bogotá;SI
180761621;Bogotá-Bogota D.C.;Bogotá, D.C. - Bogotá;SI
119261463;Bogotá-Bogota D.C.;Bogotá, D.C. - Bogotá;SI
11012327836;Bogotá-Bogota D.C.;Bogotá, D.C. - Bogotá;SI
3805002491;Bogotá-Bogota D.C.;Bogotá, D.C. - Bogotá;SI
119336926;Bogotá-Bogota D.C.;Bogotá, D.C. - Bogotá;SI
179717508;Bogotá-Bogota D.C.;Bogotá, D.C. - Bogotá;SI
141548880;Bogotá-Bogota D.C.;Bogotá, D.C. - Bogotá;SI
180413881;Bogotá-Bogota D.C.;Bogotá, D.C. - Bogotá;SI
152322797;Bogotá-Bogota D.C.;Bogotá, D.C. - Bogotá;SI
180794467;Bogotá-Bogota D.C.;Bogotá, D.C. - Bogotá;SI
16089221;Bogotá-Bogota D.C.;Bogotá, D.C. - Bogotá;SI
3900026312;Bogotá-Bogota D.C.;Bogotá, D.C. - Bogotá;SI
119247148;Bogotá-Bogota D.C.;Bogotá, D.C. - Bogotá;SI
117183012;Bogotá-Bogota D.C.;Bogotá, D.C. - Bogotá;SI
111226678;Bogotá-Bogota D.C.;Bogotá, D.C. - Bogotá;SI
179898307;Bogotá-Bogota D.C.;Bogotá, D.C. - Bogotá;SI
123273726;Bogotá-Bogota D.C.;Bogotá, D.C. - Bogotá;SI
3900335765;Bogotá-Bogota D.C.;Bogotá, D.C. - Bogotá;SI
179656388;Bogotá-Bogota D.C.;Bogotá, D.C. - Bogotá;SI
179791600;Bogotá-Bogota D.C.;Bogotá, D.C. - Bogotá;SI
117096749;Bogotá-Bogota D.C.;Bogotá, D.C. - Bogotá;SI
180134024;Bogotá-Bogota D.C.;Bogotá, D.C. - Bogotá;SI
180864029;Bogotá-Bogota D.C.;Bogotá, D.C. - Bogotá;SI
111439609;Bogotá-Bogota D.C.;Bogotá, D.C. - Bogotá;SI
11015460026;Bogotá-Bogota D.C.;Bogotá, D.C. - Bogotá;SI
111384007;Bogotá-Bogota D.C.;Bogotá, D.C. - Bogotá;SI
3901367806;Bogotá-Bogota D.C.;Bogotá, D.C. - Bogotá;SI
180241215;Bogotá-Bogota D.C.;Bogotá, D.C. - Bogotá;SI
14130842;Bogotá-Bogota D.C.;Bogotá, D.C. - Bogotá;SI
180039094;Bogotá-Bogota D.C.;Bogotá, D.C. - Bogotá;SI
135512128;Bogotá-Bogota D.C.;Bogotá, D.C. - Bogotá;SI
2321944;Bogotá-Bogota D.C.;Bogotá, D.C. - Bogotá;SI
139619937;Bogotá-Bogota D.C.;Bogotá, D.C. - Bogotá;SI
3900700927;Bogotá-Bogota D.C.;Bogotá, D.C. - Bogotá;SI
117336455;Bogotá-Bogota D.C.;Bogotá, D.C. - Bogotá;SI
112188903;Bogotá-Bogota D.C.;Bogotá, D.C. - Bogotá;SI
11018419101;Bogotá-Bogota D.C.;Bogotá, D.C. - Bogotá;SI
1447451;Bogotá-Bogota D.C.;Bogotá, D.C. - Bogotá;SI
3830038561;Bogotá-Bogota D.C.;Bogotá, D.C. - Bogotá;SI
3900489160;Bogotá-Bogota D.C.;Bogotá, D.C. - Bogotá;SI
180082459;Bogotá-Bogota D.C.;Bogotá, D.C. - Bogotá;SI
117172789;Bogotá-Bogota D.C.;Bogotá, D.C. - Bogotá;SI
111443412;Bogotá-Bogota D.C.;Bogotá, D.C. - Bogotá;SI
11104707629;Bogotá-Bogota D.C.;Bogotá, D.C. - Bogotá;SI
11122647124;Bogotá-Bogota D.C.;Bogotá, D.C. - Bogotá;SI
3900900403;Bogotá-Bogota D.C.;Bogotá, D.C. - Bogotá;SI
3901226533;Bogotá-Bogota D.C.;Bogotá, D.C. - Bogotá;SI
11018403068;Bogotá-Bogota D.C.;Bogotá, D.C. - Bogotá;SI
180192100;Bogotá-Bogota D.C.;Bogotá, D.C. - Bogotá;SI
3900543902;Bogotá-Bogota D.C.;Bogotá, D.C. - Bogotá;SI
180051968;Bogotá-Bogota D.C.;Bogotá, D.C. - Bogotá;SI
11013638904;Bogotá-Bogota D.C.;Bogotá, D.C. - Bogotá;SI
3900418024;Bogotá-Bogota D.C.;Bogotá, D.C. - Bogotá;SI
11022352668;Bogotá-Bogota D.C.;Bogotá, D.C. - Bogotá;SI
11032437141;Bogotá-Bogota D.C.;Bogotá, D.C. - Bogotá;SI
186060765;Bogotá-Bogota D.C.;Bogotá, D.C. - Bogotá;SI
179421466;Bogotá-Bogota D.C.;Bogotá, D.C. - Bogotá;SI
13209948;Bogotá-Bogota D.C.;Bogotá, D.C. - Bogotá;SI
151968103;Bogotá-Bogota D.C.;Bogotá, D.C. - Bogotá;SI
179554024;Bogotá-Bogota D.C.;Bogotá, D.C. - Bogotá;SI
179844936;Bogotá-Bogota D.C.;Bogotá, D.C. - Bogotá;SI
11136881644;Bogotá-Bogota D.C.;Bogotá, D.C. - Bogotá;SI
3860506419;Bogotá-Bogota D.C.;Bogotá, D.C. - Bogotá;SI
13227092;Bogotá-Bogota D.C.;Bogotá, D.C. - Bogotá;SI
152849652;Bogotá-Bogota D.C.;Bogotá, D.C. - Bogotá;SI
11018444052;Bogotá-Bogota D.C.;Bogotá, D.C. - Bogotá;SI
3900112573;Bogotá-Bogota D.C.;Bogotá, D.C. - Bogotá;SI
3890211325;Bogotá-Bogota D.C.;Bogotá, D.C. - Bogotá;SI
3900599033;Bogotá-Bogota D.C.;Bogotá, D.C. - Bogotá;SI
3900789008;Bogotá-Bogota D.C.;Bogotá, D.C. - Bogotá;SI
152223725;Bogotá-Bogota D.C.;Bogotá, D.C. - Bogotá;SI
155062724;Bogotá-Bogota D.C.;Bogotá, D.C. - Bogotá;SI
119064326;Bogotá-Bogota D.C.;Bogotá, D.C. - Bogotá;SI
180114585;Bogotá-Bogota D.C.;Bogotá, D.C. - Bogotá;SI
13250641;Bogotá-Bogota D.C.;Bogotá, D.C. - Bogotá;SI
194523238;Bogotá-Bogota D.C.;Bogotá, D.C. - Bogotá;SI
179454292;Bogotá-Bogota D.C.;Bogotá, D.C. - Bogotá;SI
179749535;Bogotá-Bogota D.C.;Bogotá, D.C. - Bogotá;SI
152333808;Bogotá-Bogota D.C.;Bogotá, D.C. - Bogotá;SI
11026279721;Bogotá-Bogota D.C.;Bogotá, D.C. - Bogotá;SI
3901159715;Bogotá-Bogota D.C.;Bogotá, D.C. - Bogotá;SI
179056638;Bogotá-Bogota D.C.;Bogotá, D.C. - Bogotá;SI
11026272544;Bogotá-Bogota D.C.;Bogotá, D.C. - Bogotá;SI
11082975313;Bogotá-Bogota D.C.;Bogotá, D.C. - Bogotá;SI
3890108661;Bogotá-Bogota D.C.;Bogotá, D.C. - Bogotá;SI
179449380;Bogotá-Bogota D.C.;Bogotá, D.C. - Bogotá;SI
140440381;Bogotá-Bogota D.C.;Bogotá, D.C. - Bogotá;SI
152887009;Bogotá-Bogota D.C.;Bogotá, D.C. - Bogotá;SI
180100800;Bogotá-Bogota D.C.;Bogotá, D.C. - Bogotá;SI
179879117;Bogotá-Bogota D.C.;Bogotá, D.C. - Bogotá;SI
3830071212;Bogotá-Bogota D.C.;Bogotá, D.C. - Bogotá;SI
11077970143;Bogotá-Bogota D.C.;Bogotá, D.C. - Bogotá;SI
11019092069;Bogotá-Bogota D.C.;Bogotá, D.C. - Bogotá;SI
3901326839;Bogotá-Bogota D.C.;Bogotá, D.C. - Bogotá;SI
119089809;Bogotá-Bogota D.C.;Bogotá, D.C. - Bogotá;SI
3900889430;Bogotá-Bogota D.C.;Bogotá, D.C. - Bogotá;SI
180181672;Bogotá-Bogota D.C.;Bogotá, D.C. - Bogotá;SI
13153027;Bogotá-Bogota D.C.;Bogotá, D.C. - Bogotá;SI
152145133;Bogotá-Bogota D.C.;Bogotá, D.C. - Bogotá;SI
152086941;Bogotá-Bogota D.C.;Bogotá, D.C. - Bogotá;SI
3900655519;Bogotá-Bogota D.C.;Bogotá, D.C. - Bogotá;SI
3901298356;Bogotá-Bogota D.C.;Bogotá, D.C. - Bogotá;SI
180228554;Bogotá-Bogota D.C.;Bogotá, D.C. - Bogotá;SI
3900298745;Bogotá-Bogota D.C.;Bogotá, D.C. - Bogotá;SI
180192428;Bogotá-Bogota D.C.;Bogotá, D.C. - Bogotá;SI
179787580;Bogotá-Bogota D.C.;Bogotá, D.C. - Bogotá;SI
194064114;Bogotá-Bogota D.C.;Bogotá, D.C. - Bogotá;SI
116488226;Bogotá-Bogota D.C.;Bogotá, D.C. - Bogotá;SI
179695212;Bogotá-Bogota D.C.;Bogotá, D.C. - Bogotá;SI
11022326078;Bogotá-Bogota D.C.;Bogotá, D.C. - Bogotá;SI
119230389;Bogotá-Bogota D.C.;Bogotá, D.C. - Bogotá;SI
13227608;Bogotá-Bogota D.C.;Bogotá, D.C. - Bogotá;SI
13100133;Bogotá-Bogota D.C.;Bogotá, D.C. - Bogotá;SI
11020717291;Bogotá-Bogota D.C.;Bogotá, D.C. - Bogotá;SI
152706886;Bogotá-Bogota D.C.;Bogotá, D.C. - Bogotá;SI
111202605;Bogotá-Bogota D.C.;Bogotá, D.C. - Bogotá;SI
180120069;Bogotá-Bogota D.C.;Bogotá, D.C. - Bogotá;SI
3900057203;Bogotá-Bogota D.C.;Bogotá, D.C. - Bogotá;SI
11020796177;Bogotá-Bogota D.C.;Bogotá, D.C. - Bogotá;SI
152447402;Bogotá-Bogota D.C.;Bogotá, D.C. - Bogotá;SI
179130170;Bogotá-Bogota D.C.;Bogotá, D.C. - Bogotá;SI
119101673;Bogotá-Bogota D.C.;Bogotá, D.C. - Bogotá;SI
180759101;Bogotá-Bogota D.C.;Bogotá, D.C. - Bogotá;SI
180156678;Bogotá-Bogota D.C.;Bogotá, D.C. - Bogotá;SI
179100212;Bogotá-Bogota D.C.;Bogotá, D.C. - Bogotá;SI
179953664;Bogotá-Bogota D.C.;Bogotá, D.C. - Bogotá;SI
152310169;Bogotá-Bogota D.C.;Bogotá, D.C. - Bogotá;SI
119197868;Bogotá-Bogota D.C.;Bogotá, D.C. - Bogotá;SI
11032373492;Bogotá-Bogota D.C.;Bogotá, D.C. - Bogotá;SI
179754913;Bogotá-Bogota D.C.;Bogotá, D.C. - Bogotá;SI
3900208201;Bogotá-Bogota D.C.;Bogotá, D.C. - Bogotá;SI
11026575076;Bogotá-Bogota D.C.;Bogotá, D.C. - Bogotá;SI
180203280;Bogotá-Bogota D.C.;Bogotá, D.C. - Bogotá;SI
11015460386;Bogotá-Bogota D.C.;Bogotá, D.C. - Bogotá;SI
179786387;Bogotá-Bogota D.C.;Bogotá, D.C. - Bogotá;SI
119309791;Bogotá-Bogota D.C.;Bogotá, D.C. - Bogotá;SI
179046663;Bogotá-Bogota D.C.;Bogotá, D.C. - Bogotá;SI
3900756735;Bogotá-Bogota D.C.;Bogotá, D.C. - Bogotá;SI
3860076919;Bogotá-Bogota D.C.;Bogotá, D.C. - Bogotá;SI
11032373807;Bogotá-Bogota D.C.;Bogotá, D.C. - Bogotá;SI
110287400;Bogotá-Bogota D.C.;Bogotá, D.C. - Bogotá;SI
3900266949;Bogotá-Bogota D.C.;Bogotá, D.C. - Bogotá;SI
11030528552;Bogotá-Bogota D.C.;Bogotá, D.C. - Bogotá;SI
179663115;Bogotá-Bogota D.C.;Bogotá, D.C. - Bogotá;SI
119318132;Bogotá-Bogota D.C.;Bogotá, D.C. - Bogotá;SI
3900297138;Bogotá-Bogota D.C.;Bogotá, D.C. - Bogotá;SI
179865235;Bogotá-Bogota D.C.;Bogotá, D.C. - Bogotá;SI
3900339379;Bogotá-Bogota D.C.;Bogotá, D.C. - Bogotá;SI
11032456755;Bogotá-Bogota D.C.;Bogotá, D.C. - Bogotá;SI
128537877;Bogotá-Bogota D.C.;Bogotá, D.C. - Bogotá;SI
180221085;Bogotá-Bogota D.C.;Bogotá, D.C. - Bogotá;SI
180775314;Bogotá-Bogota D.C.;Bogotá, D.C. - Bogotá;SI
179948703;Bogotá-Bogota D.C.;Bogotá, D.C. - Bogotá;SI
180040693;Bogotá-Bogota D.C.;Bogotá, D.C. - Bogotá;SI
179290586;Bogotá-Bogota D.C.;Bogotá, D.C. - Bogotá;SI
119157984;Bogotá-Bogota D.C.;Bogotá, D.C. - Bogotá;SI
3900933604;Bogotá-Bogota D.C.;Bogotá, D.C. - Bogotá;SI
3900675804;Bogotá-Bogota D.C.;Bogotá, D.C. - Bogotá;SI
198552199;Bogotá-Bogota D.C.;Bogotá, D.C. - Bogotá;SI
3830092876;Bogotá-Bogota D.C.;Bogotá, D.C. - Bogotá;SI
180901285;Bogotá-Bogota D.C.;Bogotá, D.C. - Bogotá;SI
152422029;Bogotá-Bogota D.C.;Bogotá, D.C. - Bogotá;SI
3860506714;Bogotá-Bogota D.C.;Bogotá, D.C. - Bogotá;SI
11015427717;Bogotá-Bogota D.C.;Bogotá, D.C. - Bogotá;SI
180492244;Bogotá-Bogota D.C.;Bogotá, D.C. - Bogotá;SI
11015999322;Bogotá-Bogota D.C.;Bogotá, D.C. - Bogotá;SI
11014191616;Bogotá-Bogota D.C.;Bogotá, D.C. - Bogotá;SI
180014944;Bogotá-Bogota D.C.;Bogotá, D.C. - Bogotá;SI
3860030168;Bogotá-Bogota D.C.;Bogotá, D.C. - Bogotá;SI
179944979;Bogotá-Bogota D.C.;Bogotá, D.C. - Bogotá;SI
11012367798;Bogotá-Bogota D.C.;Bogotá, D.C. - Bogotá;SI
3900508010;Bogotá-Bogota D.C.;Bogotá, D.C. - Bogotá;SI
11085250278;Bogotá-Bogota D.C.;Bogotá, D.C. - Bogotá;SI
179046997;Bogotá-Bogota D.C.;Bogotá, D.C. - Bogotá;SI
11031131015;Bogotá-Bogota D.C.;Bogotá, D.C. - Bogotá;SI
179813424;Bogotá-Bogota D.C.;Bogotá, D.C. - Bogotá;SI
116468076;Bogotá-Bogota D.C.;Bogotá, D.C. - Bogotá;SI
11013643041;Bogotá-Bogota D.C.;Bogotá, D.C. - Bogotá;SI
180801229;Bogotá-Bogota D.C.;Bogotá, D.C. - Bogotá;SI
11010180667;Bogotá-Bogota D.C.;Bogotá, D.C. - Bogotá;SI
3830069311;Bogotá-Bogota D.C.;Bogotá, D.C. - Bogotá;SI
114220465;Bogotá-Bogota D.C.;Bogotá, D.C. - Bogotá;SI
179560351;Bogotá-Bogota D.C.;Bogotá, D.C. - Bogotá;SI
178690608;Bogotá-Bogota D.C.;Bogotá, D.C. - Bogotá;SI
113955227;Bogotá-Bogota D.C.;Bogotá, D.C. - Bogotá;SI
119402331;Bogotá-Bogota D.C.;Bogotá, D.C. - Bogotá;SI
119366889;Bogotá-Bogota D.C.;Bogotá, D.C. - Bogotá;SI
11030599273;Bogotá-Bogota D.C.;Bogotá, D.C. - Bogotá;SI
124674995;Bogotá-Bogota D.C.;Bogotá, D.C. - Bogotá;SI
3901459927;Bogotá-Bogota D.C.;Bogotá, D.C. - Bogotá;SI
11110490631;Bogotá-Bogota D.C.;Bogotá, D.C. - Bogotá;SI
3860517560;Bogotá-Bogota D.C.;Bogotá, D.C. - Bogotá;SI
139640807;Bogotá-Bogota D.C.;Bogotá, D.C. - Bogotá;SI
119080022;Bogotá-Bogota D.C.;Bogotá, D.C. - Bogotá;SI
3901372026;Bogotá-Bogota D.C.;Bogotá, D.C. - Bogotá;SI
3900444014;Bogotá-Bogota D.C.;Bogotá, D.C. - Bogotá;SI
191521668;Bogotá-Bogota D.C.;Bogotá, D.C. - Bogotá;SI
180431531;Bogotá-Bogota D.C.;Bogotá, D.C. - Bogotá;SI
179327638;Bogotá-Bogota D.C.;Bogotá, D.C. - Bogotá;SI
152422467;Bogotá-Bogota D.C.;Bogotá, D.C. - Bogotá;SI
12911285;Bogotá-Bogota D.C.;Bogotá, D.C. - Bogotá;SI
3800052674;Bogotá-Bogota D.C.;Bogotá, D.C. - Bogotá;SI
3901320666;Bogotá-Bogota D.C.;Bogotá, D.C. - Bogotá;SI
3901602453;Bogotá-Bogota D.C.;Bogotá, D.C. - Bogotá;SI
18731294;Bogotá-Bogota D.C.;Bogotá, D.C. - Bogotá;SI
11087007087;Bogotá-Bogota D.C.;Bogotá, D.C. - Bogotá;SI
3900947157;Bogotá-Bogota D.C.;Bogotá, D.C. - Bogotá;SI
179796585;Bogotá-Bogota D.C.;Bogotá, D.C. - Bogotá;SI
179234905;Bogotá-Bogota D.C.;Bogotá, D.C. - Bogotá;SI
179063297;Bogotá-Bogota D.C.;Bogotá, D.C. - Bogotá;SI
11032480677;Bogotá-Bogota D.C.;Bogotá, D.C. - Bogotá;SI
119293851;Bogotá-Bogota D.C.;Bogotá, D.C. - Bogotá;SI
11010162432;Bogotá-Bogota D.C.;Bogotá, D.C. - Bogotá;SI
3860001697;Bogotá-Bogota D.C.;Bogotá, D.C. - Bogotá;SI
3860040584;Bogotá-Bogota D.C.;Bogotá, D.C. - Bogotá;SI
3811036744;Bogotá-Bogota D.C.;Bogotá, D.C. - Bogotá;SI
152254567;Bogotá-Bogota D.C.;Bogotá, D.C. - Bogotá;SI
3900310014;Bogotá-Bogota D.C.;Bogotá, D.C. - Bogotá;SI
179705570;Bogotá-Bogota D.C.;Bogotá, D.C. - Bogotá;SI
152838422;Bogotá-Bogota D.C.;Bogotá, D.C. - Bogotá;SI
146375184;Bogotá-Bogota D.C.;Bogotá, D.C. - Bogotá;SI
179419093;Bogotá-Bogota D.C.;Bogotá, D.C. - Bogotá;SI
186070218;Bogotá-Bogota D.C.;Bogotá, D.C. - Bogotá;SI
3900479195;Bogotá-Bogota D.C.;Bogotá, D.C. - Bogotá;SI
135455996;Bogotá-Bogota D.C.;Bogotá, D.C. - Bogotá;SI
3800028582;Bogotá-Bogota D.C.;Bogotá, D.C. - Bogotá;SI
11010198899;Bogotá-Bogota D.C.;Bogotá, D.C. - Bogotá;SI
152332667;Bogotá-Bogota D.C.;Bogotá, D.C. - Bogotá;SI
3900432381;Bogotá-Bogota D.C.;Bogotá, D.C. - Bogotá;SI
179645172;Bogotá-Bogota D.C.;Bogotá, D.C. - Bogotá;SI
3800013331;Bogotá-Bogota D.C.;Bogotá, D.C. - Bogotá;SI
179120831;Bogotá-Bogota D.C.;Bogotá, D.C. - Bogotá;SI
3900099727;Bogotá-Bogota D.C.;Bogotá, D.C. - Bogotá;SI
3830090655;Bogotá-Bogota D.C.;Bogotá, D.C. - Bogotá;SI
181720523;Bogotá-Bogota D.C.;Bogotá, D.C. - Bogotá;SI
179991460;Bogotá-Bogota D.C.;Bogotá, D.C. - Bogotá;SI
180353041;Bogotá-Bogota D.C.;Bogotá, D.C. - Bogotá;SI
123607762;Bogotá-Bogota D.C.;Bogotá, D.C. - Bogotá;SI
152321801;Bogotá-Bogota D.C.;Bogotá, D.C. - Bogotá;SI
117187365;Bogotá-Bogota D.C.;Bogotá, D.C. - Bogotá;SI
3901259996;Bogotá-Bogota D.C.;Bogotá, D.C. - Bogotá;SI
179782365;Bogotá-Bogota D.C.;Bogotá, D.C. - Bogotá;SI
3901177272;Bogotá-Bogota D.C.;Bogotá, D.C. - Bogotá;SI
3900098524;Bogotá-Bogota D.C.;Bogotá, D.C. - Bogotá;SI
3900173896;Bogotá-Bogota D.C.;Bogotá, D.C. - Bogotá;SI
179519595;Bogotá-Bogota D.C.;Bogotá, D.C. - Bogotá;SI
152837396;Bogotá-Bogota D.C.;Bogotá, D.C. - Bogotá;SI
3900741776;Bogotá-Bogota D.C.;Bogotá, D.C. - Bogotá;SI
117644549;Bogotá-Bogota D.C.;Bogotá, D.C. - Bogotá;SI
11117493016;Bogotá-Bogota D.C.;Bogotá, D.C. - Bogotá;SI
11020721186;Bogotá-Bogota D.C.;Bogotá, D.C. - Bogotá;SI
180201899;Bogotá-Bogota D.C.;Bogotá, D.C. - Bogotá;SI
151930266;Bogotá-Bogota D.C.;Bogotá, D.C. - Bogotá;SI
175089236;Bogotá-Bogota D.C.;Bogotá, D.C. - Bogotá;SI
113924380;Bogotá-Bogota D.C.;Bogotá, D.C. - Bogotá;SI
3830097026;Bogotá-Bogota D.C.;Bogotá, D.C. - Bogotá;SI
112139171;Bogotá-Bogota D.C.;Bogotá, D.C. - Bogotá;SI
3900291811;Bogotá-Bogota D.C.;Bogotá, D.C. - Bogotá;SI
180180373;Bogotá-Bogota D.C.;Bogotá, D.C. - Bogotá;SI
179748844;Bogotá-Bogota D.C.;Bogotá, D.C. - Bogotá;SI
11032501139;Bogotá-Bogota D.C.;Bogotá, D.C. - Bogotá;SI
3860023264;Bogotá-Bogota D.C.;Bogotá, D.C. - Bogotá;SI
179394636;Bogotá-Bogota D.C.;Bogotá, D.C. - Bogotá;SI
2462782;Bogotá-Bogota D.C.;Bogotá, D.C. - Bogotá;SI
3901110888;Bogotá-Bogota D.C.;Bogotá, D.C. - Bogotá;SI
151677511;Bogotá-Bogota D.C.;Bogotá, D.C. - Bogotá;SI
180166813;Bogotá-Bogota D.C.;Bogotá, D.C. - Bogotá;SI
117221524;Bogotá-Bogota D.C.;Bogotá, D.C. - Bogotá;SI
3901337208;Bogotá-Bogota D.C.;Bogotá, D.C. - Bogotá;SI
3900900122;Bogotá-Bogota D.C.;Bogotá, D.C. - Bogotá;SI
3900185361;Bogotá-Bogota D.C.;Bogotá, D.C. - Bogotá;SI
151993655;Bogotá-Bogota D.C.;Bogotá, D.C. - Bogotá;SI
180218682;Bogotá-Bogota D.C.;Bogotá, D.C. - Bogotá;SI
179949996;Bogotá-Bogota D.C.;Bogotá, D.C. - Bogotá;SI
3800155565;Bogotá-Bogota D.C.;Bogotá, D.C. - Bogotá;SI
3901268508;Bogotá-Bogota D.C.;Bogotá, D.C. - Bogotá;SI
11049611533;Bogotá-Bogota D.C.;Bogotá, D.C. - Bogotá;SI
2279367;Bogotá-Bogota D.C.;Bogotá, D.C. - Bogotá;SI
117180422;Bogotá-Bogota D.C.;Bogotá, D.C. - Bogotá;SI
145538841;Bogotá-Bogota D.C.;Bogotá, D.C. - Bogotá;SI
13707869;Bogotá-Bogota D.C.;Bogotá, D.C. - Bogotá;SI
3900150640;Bogotá-Bogota D.C.;Bogotá, D.C. - Bogotá;SI
139702738;Bogotá-Bogota D.C.;Bogotá, D.C. - Bogotá;SI
179459249;Bogotá-Bogota D.C.;Bogotá, D.C. - Bogotá;SI
119458188;Bogotá-Bogota D.C.;Bogotá, D.C. - Bogotá;SI
3830109367;Bogotá-Bogota D.C.;Bogotá, D.C. - Bogotá;SI
143724651;Bogotá-Bogota D.C.;Bogotá, D.C. - Bogotá;SI
1130759;Bogotá-Bogota D.C.;Bogotá, D.C. - Bogotá;SI
3900133093;Bogotá-Bogota D.C.;Bogotá, D.C. - Bogotá;SI
180180916;Bogotá-Bogota D.C.;Bogotá, D.C. - Bogotá;SI
11036939238;Bogotá-Bogota D.C.;Bogotá, D.C. - Bogotá;SI
3900265987;Bogotá-Bogota D.C.;Bogotá, D.C. - Bogotá;SI
3900490972;Bogotá-Bogota D.C.;Bogotá, D.C. - Bogotá;SI
180188911;Bogotá-Bogota D.C.;Bogotá, D.C. - Bogotá;SI
180792534;Bogotá-Bogota D.C.;Bogotá, D.C. - Bogotá;SI
180833191;Bogotá-Bogota D.C.;Bogotá, D.C. - Bogotá;SI
11022355943;Bogotá-Bogota D.C.;Bogotá, D.C. - Bogotá;SI
153106413;Bogotá-Bogota D.C.;Bogotá, D.C. - Bogotá;SI
180016950;Bogotá-Bogota D.C.;Bogotá, D.C. - Bogotá;SI
11121960164;Bogotá-Bogota D.C.;Bogotá, D.C. - Bogotá;SI
179364432;Bogotá-Bogota D.C.;Bogotá, D.C. - Bogotá;SI
3819000939;Bogotá-Bogota D.C.;Bogotá, D.C. - Bogotá;SI
186048122;Bogotá-Bogota D.C.;Bogotá, D.C. - Bogotá;SI
180369742;Bogotá-Bogota D.C.;Bogotá, D.C. - Bogotá;SI
180224871;Bogotá-Bogota D.C.;Bogotá, D.C. - Bogotá;SI
11032445742;Bogotá-Bogota D.C.;Bogotá, D.C. - Bogotá;SI
153090760;Bogotá-Bogota D.C.;Bogotá, D.C. - Bogotá;SI
18310239;Bogotá-Bogota D.C.;Bogotá, D.C. - Bogotá;SI
180063422;Bogotá-Bogota D.C.;Bogotá, D.C. - Bogotá;SI
179263267;Bogotá-Bogota D.C.;Bogotá, D.C. - Bogotá;SI
3901438665;Bogotá-Bogota D.C.;Bogotá, D.C. - Bogotá;SI
3901002898;Bogotá-Bogota D.C.;Bogotá, D.C. - Bogotá;SI
198669852;Bogotá-Bogota D.C.;Bogotá, D.C. - Bogotá;SI
116161168;Bogotá-Bogota D.C.;Bogotá, D.C. - Bogotá;SI
119367241;Bogotá-Bogota D.C.;Bogotá, D.C. - Bogotá;SI
180391136;Bogotá-Bogota D.C.;Bogotá, D.C. - Bogotá;SI
3900953824;Bogotá-Bogota D.C.;Bogotá, D.C. - Bogotá;SI
179943353;Bogotá-Bogota D.C.;Bogotá, D.C. - Bogotá;SI
11018441734;Bogotá-Bogota D.C.;Bogotá, D.C. - Bogotá;SI
152866398;Bogotá-Bogota D.C.;Bogotá, D.C. - Bogotá;SI
3900320775;Bogotá-Bogota D.C.;Bogotá, D.C. - Bogotá;SI
3900372820;Bogotá-Bogota D.C.;Bogotá, D.C. - Bogotá;SI
11015395277;Bogotá-Bogota D.C.;Bogotá, D.C. - Bogotá;SI
3900418527;Bogotá-Bogota D.C.;Bogotá, D.C. - Bogotá;SI
186054864;Bogotá-Bogota D.C.;Bogotá, D.C. - Bogotá;SI
193373973;Bogotá-Bogota D.C.;Bogotá, D.C. - Bogotá;SI
179881031;Bogotá-Bogota D.C.;Bogotá, D.C. - Bogotá;SI
3830048209;Bogotá-Bogota D.C.;Bogotá, D.C. - Bogotá;SI
180830112;Bogotá-Bogota D.C.;Bogotá, D.C. - Bogotá;SI
119182764;Bogotá-Bogota D.C.;Bogotá, D.C. - Bogotá;SI
3901371473;Bogotá-Bogota D.C.;Bogotá, D.C. - Bogotá;SI
11022382316;Bogotá-Bogota D.C.;Bogotá, D.C. - Bogotá;SI
3830041080;Bogotá-Bogota D.C.;Bogotá, D.C. - Bogotá;SI
3800126785;Bogotá-Bogota D.C.;Bogotá, D.C. - Bogotá;SI
3901744793;Bogotá-Bogota D.C.;Bogotá, D.C. - Bogotá;SI
112102082;Bogotá-Bogota D.C.;Bogotá, D.C. - Bogotá;SI
193394941;Bogotá-Bogota D.C.;Bogotá, D.C. - Bogotá;SI
179946838;Bogotá-Bogota D.C.;Bogotá, D.C. - Bogotá;SI
3901488444;Bogotá-Bogota D.C.;Bogotá, D.C. - Bogotá;SI
3900766127;Bogotá-Bogota D.C.;Bogotá, D.C. - Bogotá;SI
3900090889;Bogotá-Bogota D.C.;Bogotá, D.C. - Bogotá;SI
3901254696;Bogotá-Bogota D.C.;Bogotá, D.C. - Bogotá;SI
2369742;Bogotá-Bogota D.C.;Bogotá, D.C. - Bogotá;SI
178715824;Bogotá-Bogota D.C.;Bogotá, D.C. - Bogotá;SI
115989959;Bogotá-Bogota D.C.;Bogotá, D.C. - Bogotá;SI
198431908;Bogotá-Bogota D.C.;Bogotá, D.C. - Bogotá;SI
152428873;Bogotá-Bogota D.C.;Bogotá, D.C. - Bogotá;SI
11094039;Bogotá-Bogota D.C.;Bogotá, D.C. - Bogotá;SI
3901104737;Bogotá-Bogota D.C.;Bogotá, D.C. - Bogotá;SI
120461679;Bogotá-Bogota D.C.;Bogotá, D.C. - Bogotá;SI
179739532;Bogotá-Bogota D.C.;Bogotá, D.C. - Bogotá;SI
166996476;Bogotá-Bogota D.C.;Bogotá, D.C. - Bogotá;SI
119480613;Bogotá-Bogota D.C.;Bogotá, D.C. - Bogotá;SI
11072649031;Bogotá-Bogota D.C.;Bogotá, D.C. - Bogotá;SI
117349715;Bogotá-Bogota D.C.;Bogotá, D.C. - Bogotá;SI
151992844;Bogotá-Bogota D.C.;Bogotá, D.C. - Bogotá;SI
117013370;Bogotá-Bogota D.C.;Bogotá, D.C. - Bogotá;SI
3901554678;Bogotá-Bogota D.C.;Bogotá, D.C. - Bogotá;SI
179358269;Bogotá-Bogota D.C.;Bogotá, D.C. - Bogotá;SI
180170052;Bogotá-Bogota D.C.;Bogotá, D.C. - Bogotá;SI
3830030281;Bogotá-Bogota D.C.;Bogotá, D.C. - Bogotá;SI
174339206;Bogotá-Bogota D.C.;Bogotá, D.C. - Bogotá;SI
179453403;Bogotá-Bogota D.C.;Bogotá, D.C. - Bogotá;SI
3900519083;Bogotá-Bogota D.C.;Bogotá, D.C. - Bogotá;SI
119489521;Bogotá-Bogota D.C.;Bogotá, D.C. - Bogotá;SI
11037604025;Bogotá-Bogota D.C.;Bogotá, D.C. - Bogotá;SI
117328182;Bogotá-Bogota D.C.;Bogotá, D.C. - Bogotá;SI
11026274607;Bogotá-Bogota D.C.;Bogotá, D.C. - Bogotá;SI
3900605844;Bogotá-Bogota D.C.;Bogotá, D.C. - Bogotá;SI
116231154;Bogotá-Bogota D.C.;Bogotá, D.C. - Bogotá;SI
11032505994;Bogotá-Bogota D.C.;Bogotá, D.C. - Bogotá;SI
152698944;Bogotá-Bogota D.C.;Bogotá, D.C. - Bogotá;SI
3900932375;Bogotá-Bogota D.C.;Bogotá, D.C. - Bogotá;SI
153161440;Bogotá-Bogota D.C.;Bogotá, D.C. - Bogotá;SI
3900411302;Bogotá-Bogota D.C.;Bogotá, D.C. - Bogotá;SI
179655841;Bogotá-Bogota D.C.;Bogotá, D.C. - Bogotá;SI
11030604545;Bogotá-Bogota D.C.;Bogotá, D.C. - Bogotá;SI
3900215262;Bogotá-Bogota D.C.;Bogotá, D.C. - Bogotá;SI
179713204;Bogotá-Bogota D.C.;Bogotá, D.C. - Bogotá;SI
117011780;Bogotá-Bogota D.C.;Bogotá, D.C. - Bogotá;SI
179702783;Bogotá-Bogota D.C.;Bogotá, D.C. - Bogotá;SI
139538189;Bogotá-Bogota D.C.;Bogotá, D.C. - Bogotá;SI
3860501682;Bogotá-Bogota D.C.;Bogotá, D.C. - Bogotá;SI
3830015914;Bogotá-Bogota D.C.;Bogotá, D.C. - Bogotá;SI
3900611904;Bogotá-Bogota D.C.;Bogotá, D.C. - Bogotá;SI
3830062025;Bogotá-Bogota D.C.;Bogotá, D.C. - Bogotá;SI
1437696;Bogotá-Bogota D.C.;Bogotá, D.C. - Bogotá;SI
179722397;Bogotá-Bogota D.C.;Bogotá, D.C. - Bogotá;SI
11032411744;Bogotá-Bogota D.C.;Bogotá, D.C. - Bogotá;SI
111410736;Bogotá-Bogota D.C.;Bogotá, D.C. - Bogotá;SI
151973950;Bogotá-Bogota D.C.;Bogotá, D.C. - Bogotá;SI
180411801;Bogotá-Bogota D.C.;Bogotá, D.C. - Bogotá;SI
3900829470;Bogotá-Bogota D.C.;Bogotá, D.C. - Bogotá;SI
3901272353;Bogotá-Bogota D.C.;Bogotá, D.C. - Bogotá;SI
11019074702;Bogotá-Bogota D.C.;Bogotá, D.C. - Bogotá;SI
3860076394;Bogotá-Bogota D.C.;Bogotá, D.C. - Bogotá;SI
198761006;Bogotá-Bogota D.C.;Bogotá, D.C. - Bogotá;SI
3900339362;Bogotá-Bogota D.C.;Bogotá, D.C. - Bogotá;SI
180793260;Bogotá-Bogota D.C.;Bogotá, D.C. - Bogotá;SI
152710760;Bogotá-Bogota D.C.;Bogotá, D.C. - Bogotá;SI
119069515;Bogotá-Bogota D.C.;Bogotá, D.C. - Bogotá;SI
3890930545;Bogotá-Bogota D.C.;Bogotá, D.C. - Bogotá;SI
11069433331;Bogotá-Bogota D.C.;Bogotá, D.C. - Bogotá;SI
180756145;Bogotá-Bogota D.C.;Bogotá, D.C. - Bogotá;SI
3900446865;Bogotá-Bogota D.C.;Bogotá, D.C. - Bogotá;SI
152261628;Bogotá-Bogota D.C.;Bogotá, D.C. - Bogotá;SI
119385522;Bogotá-Bogota D.C.;Bogotá, D.C. - Bogotá;SI
3800060159;Bogotá-Bogota D.C.;Bogotá, D.C. - Bogotá;SI
179578160;Bogotá-Bogota D.C.;Bogotá, D.C. - Bogotá;SI
3830514597;Bogotá-Bogota D.C.;Bogotá, D.C. - Bogotá;SI
3900059215;Bogotá-Bogota D.C.;Bogotá, D.C. - Bogotá;SI
180010098;Bogotá-Bogota D.C.;Bogotá, D.C. - Bogotá;SI
11032455866;Bogotá-Bogota D.C.;Bogotá, D.C. - Bogotá;SI
179955570;Bogotá-Bogota D.C.;Bogotá, D.C. - Bogotá;SI
3900849269;Bogotá-Bogota D.C.;Bogotá, D.C. - Bogotá;SI
15960330;Bogotá-Bogota D.C.;Bogotá, D.C. - Bogotá;SI
152337991;Bogotá-Bogota D.C.;Bogotá, D.C. - Bogotá;SI
119320127;Bogotá-Bogota D.C.;Bogotá, D.C. - Bogotá;SI
3830083351;Bogotá-Bogota D.C.;Bogotá, D.C. - Bogotá;SI
3900680003;Bogotá-Bogota D.C.;Bogotá, D.C. - Bogotá;SI
11085286726;Bogotá-Bogota D.C.;Bogotá, D.C. - Bogotá;SI
11030611420;Bogotá-Bogota D.C.;Bogotá, D.C. - Bogotá;SI
119349840;Bogotá-Bogota D.C.;Bogotá, D.C. - Bogotá;SI
2310103;Bogotá-Bogota D.C.;Bogotá, D.C. - Bogotá;SI
180431200;Bogotá-Bogota D.C.;Bogotá, D.C. - Bogotá;SI
193293957;Bogotá-Bogota D.C.;Bogotá, D.C. - Bogotá;SI
11032372595;Bogotá-Bogota D.C.;Bogotá, D.C. - Bogotá;SI
3900415025;Bogotá-Bogota D.C.;Bogotá, D.C. - Bogotá;SI
139788491;Bogotá-Bogota D.C.;Bogotá, D.C. - Bogotá;SI
3830002366;Bogotá-Bogota D.C.;Bogotá, D.C. - Bogotá;SI
3900710052;Bogotá-Bogota D.C.;Bogotá, D.C. - Bogotá;SI
179335448;Bogotá-Bogota D.C.;Bogotá, D.C. - Bogotá;SI
111203944;Bogotá-Bogota D.C.;Bogotá, D.C. - Bogotá;SI
111411692;Bogotá-Bogota D.C.;Bogotá, D.C. - Bogotá;SI
3900446446;Bogotá-Bogota D.C.;Bogotá, D.C. - Bogotá;SI
111258526;Bogotá-Bogota D.C.;Bogotá, D.C. - Bogotá;SI
3860534244;Bogotá-Bogota D.C.;Bogotá, D.C. - Bogotá;SI
3901277240;Bogotá-Bogota D.C.;Bogotá, D.C. - Bogotá;SI
3901085449;Bogotá-Bogota D.C.;Bogotá, D.C. - Bogotá;SI
3900428531;Bogotá-Bogota D.C.;Bogotá, D.C. - Bogotá;SI
11024469157;Bogotá-Bogota D.C.;Bogotá, D.C. - Bogotá;SI
3900691502;Bogotá-Bogota D.C.;Bogotá, D.C. - Bogotá;SI
3901242663;Bogotá-Bogota D.C.;Bogotá, D.C. - Bogotá;SI
119479237;Bogotá-Bogota D.C.;Bogotá, D.C. - Bogotá;SI
119297641;Bogotá-Bogota D.C.;Bogotá, D.C. - Bogotá;SI
179626357;Bogotá-Bogota D.C.;Bogotá, D.C. - Bogotá;SI
3900940227;Bogotá-Bogota D.C.;Bogotá, D.C. - Bogotá;SI
3900192711;Bogotá-Bogota D.C.;Bogotá, D.C. - Bogotá;SI
141665832;Bogotá-Bogota D.C.;Bogotá, D.C. - Bogotá;SI
3900807456;Bogotá-Bogota D.C.;Bogotá, D.C. - Bogotá;SI
11022330759;Bogotá-Bogota D.C.;Bogotá, D.C. - Bogotá;SI
3900509538;Bogotá-Bogota D.C.;Bogotá, D.C. - Bogotá;SI
119164379;Bogotá-Bogota D.C.;Bogotá, D.C. - Bogotá;SI
186061174;Bogotá-Bogota D.C.;Bogotá, D.C. - Bogotá;SI
151943635;Bogotá-Bogota D.C.;Bogotá, D.C. - Bogotá;SI
11018453423;Bogotá-Bogota D.C.;Bogotá, D.C. - Bogotá;SI
11121821703;Bogotá-Bogota D.C.;Bogotá, D.C. - Bogotá;SI
3830048588;Bogotá-Bogota D.C.;Bogotá, D.C. - Bogotá;SI
119341071;Bogotá-Bogota D.C.;Bogotá, D.C. - Bogotá;SI
119350993;Bogotá-Bogota D.C.;Bogotá, D.C. - Bogotá;SI
3900606345;Bogotá-Bogota D.C.;Bogotá, D.C. - Bogotá;SI
3830043342;Bogotá-Bogota D.C.;Bogotá, D.C. - Bogotá;SI
3860515802;Bogotá-Bogota D.C.;Bogotá, D.C. - Bogotá;SI
3900175904;Bogotá-Bogota D.C.;Bogotá, D.C. - Bogotá;SI
3900752302;Bogotá-Bogota D.C.;Bogotá, D.C. - Bogotá;SI
3832006795;Bogotá-Bogota D.C.;Bogotá, D.C. - Bogotá;SI
115445144;Bogotá-Bogota D.C.;Bogotá, D.C. - Bogotá;SI
11026305157;Bogotá-Bogota D.C.;Bogotá, D.C. - Bogotá;SI
3900414079;Bogotá-Bogota D.C.;Bogotá, D.C. - Bogotá;SI
3800165142;Bogotá-Bogota D.C.;Bogotá, D.C. - Bogotá;SI
119282880;Bogotá-Bogota D.C.;Bogotá, D.C. - Bogotá;SI
179153755;Bogotá-Bogota D.C.;Bogotá, D.C. - Bogotá;SI
11012388431;Bogotá-Bogota D.C.;Bogotá, D.C. - Bogotá;SI
3901592515;Bogotá-Bogota D.C.;Bogotá, D.C. - Bogotá;SI
179359847;Bogotá-Bogota D.C.;Bogotá, D.C. - Bogotá;SI
3901133629;Bogotá-Bogota D.C.;Bogotá, D.C. - Bogotá;SI
3900640669;Bogotá-Bogota D.C.;Bogotá, D.C. - Bogotá;SI
180740551;Bogotá-Bogota D.C.;Bogotá, D.C. - Bogotá;SI
179619515;Bogotá-Bogota D.C.;Bogotá, D.C. - Bogotá;SI
179945801;Bogotá-Bogota D.C.;Bogotá, D.C. - Bogotá;SI
179565837;Bogotá-Bogota D.C.;Bogotá, D.C. - Bogotá;SI
19867729;Bogotá-Bogota D.C.;Bogotá, D.C. - Bogotá;SI
3860353462;Bogotá-Bogota D.C.;Bogotá, D.C. - Bogotá;SI
3901447306;Bogotá-Bogota D.C.;Bogotá, D.C. - Bogotá;SI
179262523;Bogotá-Bogota D.C.;Bogotá, D.C. - Bogotá;SI
16241139;Bogotá-Bogota D.C.;Bogotá, D.C. - Bogotá;SI
119499903;Bogotá-Bogota D.C.;Bogotá, D.C. - Bogotá;SI
3900942454;Bogotá-Bogota D.C.;Bogotá, D.C. - Bogotá;SI
119476603;Bogotá-Bogota D.C.;Bogotá, D.C. - Bogotá;SI
3900377800;Bogotá-Bogota D.C.;Bogotá, D.C. - Bogotá;SI
141701629;Bogotá-Bogota D.C.;Bogotá, D.C. - Bogotá;SI
11024483893;Bogotá-Bogota D.C.;Bogotá, D.C. - Bogotá;SI
180433876;Bogotá-Bogota D.C.;Bogotá, D.C. - Bogotá;SI
151921403;Bogotá-Bogota D.C.;Bogotá, D.C. - Bogotá;SI
11073679927;Bogotá-Bogota D.C.;Bogotá, D.C. - Bogotá;SI
135330772;Bogotá-Bogota D.C.;Bogotá, D.C. - Bogotá;SI
175076213;Bogotá-Bogota D.C.;Bogotá, D.C. - Bogotá;SI
179579949;Bogotá-Bogota D.C.;Bogotá, D.C. - Bogotá;SI
152961540;Bogotá-Bogota D.C.;Bogotá, D.C. - Bogotá;SI
11020766618;Bogotá-Bogota D.C.;Bogotá, D.C. - Bogotá;SI
180047436;Bogotá-Bogota D.C.;Bogotá, D.C. - Bogotá;SI
11015994377;Bogotá-Bogota D.C.;Bogotá, D.C. - Bogotá;SI
3860010527;Bogotá-Bogota D.C.;Bogotá, D.C. - Bogotá;SI
3860003956;Bogotá-Bogota D.C.;Bogotá, D.C. - Bogotá;SI
3830088215;Bogotá-Bogota D.C.;Bogotá, D.C. - Bogotá;SI
180020231;Bogotá-Bogota D.C.;Bogotá, D.C. - Bogotá;SI
3900409686;Bogotá-Bogota D.C.;Bogotá, D.C. - Bogotá;SI
3900852805;Bogotá-Bogota D.C.;Bogotá, D.C. - Bogotá;SI
11023942625;Bogotá-Bogota D.C.;Bogotá, D.C. - Bogotá;SI
112975072;Bogotá-Bogota D.C.;Bogotá, D.C. - Bogotá;SI
179397415;Bogotá-Bogota D.C.;Bogotá, D.C. - Bogotá;SI
3900232695;Bogotá-Bogota D.C.;Bogotá, D.C. - Bogotá;SI
179278133;Bogotá-Bogota D.C.;Bogotá, D.C. - Bogotá;SI
11013642163;Bogotá-Bogota D.C.;Bogotá, D.C. - Bogotá;SI
180228222;Bogotá-Bogota D.C.;Bogotá, D.C. - Bogotá;SI
3901233489;Bogotá-Bogota D.C.;Bogotá, D.C. - Bogotá;SI
270560305;Bogotá-Bogota D.C.;Bogotá, D.C. - Bogotá;SI
132786437;Bogotá-Bogota D.C.;Bogotá, D.C. - Bogotá;SI
179580034;Bogotá-Bogota D.C.;Bogotá, D.C. - Bogotá;SI
179782192;Bogotá-Bogota D.C.;Bogotá, D.C. - Bogotá;SI
179749895;Bogotá-Bogota D.C.;Bogotá, D.C. - Bogotá;SI
151898347;Bogotá-Bogota D.C.;Bogotá, D.C. - Bogotá;SI
3800202271;Bogotá-Bogota D.C.;Bogotá, D.C. - Bogotá;SI
180722340;Bogotá-Bogota D.C.;Bogotá, D.C. - Bogotá;SI
186055123;Bogotá-Bogota D.C.;Bogotá, D.C. - Bogotá;SI
11032449669;Bogotá-Bogota D.C.;Bogotá, D.C. - Bogotá;SI
152328010;Bogotá-Bogota D.C.;Bogotá, D.C. - Bogotá;SI
119487400;Bogotá-Bogota D.C.;Bogotá, D.C. - Bogotá;SI
1109029760;Bogotá-Bogota D.C.;Bogotá, D.C. - Bogotá;SI
179574378;Bogotá-Bogota D.C.;Bogotá, D.C. - Bogotá;SI
3901072109;Bogotá-Bogota D.C.;Bogotá, D.C. - Bogotá;SI
139684580;Bogotá-Bogota D.C.;Bogotá, D.C. - Bogotá;SI
3900394217;Bogotá-Bogota D.C.;Bogotá, D.C. - Bogotá;SI
3900394396;Bogotá-Bogota D.C.;Bogotá, D.C. - Bogotá;SI
3901433463;Bogotá-Bogota D.C.;Bogotá, D.C. - Bogotá;SI
180096209;Bogotá-Bogota D.C.;Bogotá, D.C. - Bogotá;SI
12991454;Bogotá-Bogota D.C.;Bogotá, D.C. - Bogotá;SI
3800024040;Bogotá-Bogota D.C.;Bogotá, D.C. - Bogotá;SI
17601244;Bogotá-Bogota D.C.;Bogotá, D.C. - Bogotá;SI
140396147;Bogotá-Bogota D.C.;Bogotá, D.C. - Bogotá;SI
152298617;Bogotá-Bogota D.C.;Bogotá, D.C. - Bogotá;SI
179150321;Bogotá-Bogota D.C.;Bogotá, D.C. - Bogotá;SI
17216489;Bogotá-Bogota D.C.;Bogotá, D.C. - Bogotá;SI
180773628;Bogotá-Bogota D.C.;Bogotá, D.C. - Bogotá;SI
3830117064;Bogotá-Bogota D.C.;Bogotá, D.C. - Bogotá;SI
172281123;Bogotá-Bogota D.C.;Bogotá, D.C. - Bogotá;SI
179124515;Bogotá-Bogota D.C.;Bogotá, D.C. - Bogotá;SI
3900692633;Bogotá-Bogota D.C.;Bogotá, D.C. - Bogotá;SI
13055121;Bogotá-Bogota D.C.;Bogotá, D.C. - Bogotá;SI
3830079006;Bogotá-Bogota D.C.;Bogotá, D.C. - Bogotá;SI
18241049;Bogotá-Bogota D.C.;Bogotá, D.C. - Bogotá;SI
119450973;Bogotá-Bogota D.C.;Bogotá, D.C. - Bogotá;SI
11000796530;Bogotá-Bogota D.C.;Bogotá, D.C. - Bogotá;SI
3900964733;Bogotá-Bogota D.C.;Bogotá, D.C. - Bogotá;SI
135263330;Bogotá-Bogota D.C.;Bogotá, D.C. - Bogotá;SI
180135962;Bogotá-Bogota D.C.;Bogotá, D.C. - Bogotá;SI
11032383037;Bogotá-Bogota D.C.;Bogotá, D.C. - Bogotá;SI
1101841137;Bogotá-Bogota D.C.;Bogotá, D.C. - Bogotá;SI
131135975;Bogotá-Bogota D.C.;Bogotá, D.C. - Bogotá;SI
119451247;Bogotá-Bogota D.C.;Bogotá, D.C. - Bogotá;SI
179610729;Bogotá-Bogota D.C.;Bogotá, D.C. - Bogotá;SI
11073153969;Bogotá-Bogota D.C.;Bogotá, D.C. - Bogotá;SI
3830125404;Bogotá-Bogota D.C.;Bogotá, D.C. - Bogotá;SI
179684731;Bogotá-Bogota D.C.;Bogotá, D.C. - Bogotá;SI
180857620;Bogotá-Bogota D.C.;Bogotá, D.C. - Bogotá;SI
11016003358;Bogotá-Bogota D.C.;Bogotá, D.C. - Bogotá;SI
180851142;Bogotá-Bogota D.C.;Bogotá, D.C. - Bogotá;SI
3901399874;Bogotá-Bogota D.C.;Bogotá, D.C. - Bogotá;SI
180771690;Bogotá-Bogota D.C.;Bogotá, D.C. - Bogotá;SI
179600539;Bogotá-Bogota D.C.;Bogotá, D.C. - Bogotá;SI
11013636522;Bogotá-Bogota D.C.;Bogotá, D.C. - Bogotá;SI
180736028;Bogotá-Bogota D.C.;Bogotá, D.C. - Bogotá;SI
11052358606;Bogotá-Bogota D.C.;Bogotá, D.C. - Bogotá;SI
179362156;Bogotá-Bogota D.C.;Bogotá, D.C. - Bogotá;SI
1502730;Bogotá-Bogota D.C.;Bogotá, D.C. - Bogotá;SI
179689045;Bogotá-Bogota D.C.;Bogotá, D.C. - Bogotá;SI
3900495143;Bogotá-Bogota D.C.;Bogotá, D.C. - Bogotá;SI
3900013518;Bogotá-Bogota D.C.;Bogotá, D.C. - Bogotá;SI
3800201048;Bogotá-Bogota D.C.;Bogotá, D.C. - Bogotá;SI
3830082693;Bogotá-Bogota D.C.;Bogotá, D.C. - Bogotá;SI
11019078265;Bogotá-Bogota D.C.;Bogotá, D.C. - Bogotá;SI
179813200;Bogotá-Bogota D.C.;Bogotá, D.C. - Bogotá;SI
11026284967;Bogotá-Bogota D.C.;Bogotá, D.C. - Bogotá;SI
117055973;Bogotá-Bogota D.C.;Bogotá, D.C. - Bogotá;SI
179635129;Bogotá-Bogota D.C.;Bogotá, D.C. - Bogotá;SI
119333544;Bogotá-Bogota D.C.;Bogotá, D.C. - Bogotá;SI
174370921;Bogotá-Bogota D.C.;Bogotá, D.C. - Bogotá;SI
3830074603;Bogotá-Bogota D.C.;Bogotá, D.C. - Bogotá;SI
11013626884;Bogotá-Bogota D.C.;Bogotá, D.C. - Bogotá;SI
11071629424;Bogotá-Bogota D.C.;Bogotá, D.C. - Bogotá;SI
19525414;Bogotá-Bogota D.C.;Bogotá, D.C. - Bogotá;SI
3830008439;Bogotá-Bogota D.C.;Bogotá, D.C. - Bogotá;SI
180154404;Bogotá-Bogota D.C.;Bogotá, D.C. - Bogotá;SI
11032398281;Bogotá-Bogota D.C.;Bogotá, D.C. - Bogotá;SI
179967681;Bogotá-Bogota D.C.;Bogotá, D.C. - Bogotá;SI
180002764;Bogotá-Bogota D.C.;Bogotá, D.C. - Bogotá;SI
3830014588;Bogotá-Bogota D.C.;Bogotá, D.C. - Bogotá;SI
11126745478;Bogotá-Bogota D.C.;Bogotá, D.C. - Bogotá;SI
13087777;Bogotá-Bogota D.C.;Bogotá, D.C. - Bogotá;SI
179321453;Bogotá-Bogota D.C.;Bogotá, D.C. - Bogotá;SI
3830512304;Bogotá-Bogota D.C.;Bogotá, D.C. - Bogotá;SI
179150338;Bogotá-Bogota D.C.;Bogotá, D.C. - Bogotá;SI
140189581;Bogotá-Bogota D.C.;Bogotá, D.C. - Bogotá;SI
3900547399;Bogotá-Bogota D.C.;Bogotá, D.C. - Bogotá;SI
179956410;Bogotá-Bogota D.C.;Bogotá, D.C. - Bogotá;SI
179895487;Bogotá-Bogota D.C.;Bogotá, D.C. - Bogotá;SI
179958848;Bogotá-Bogota D.C.;Bogotá, D.C. - Bogotá;SI
11024478857;Bogotá-Bogota D.C.;Bogotá, D.C. - Bogotá;SI
3830035631;Bogotá-Bogota D.C.;Bogotá, D.C. - Bogotá;SI
141743209;Bogotá-Bogota D.C.;Bogotá, D.C. - Bogotá;SI
3860028019;Bogotá-Bogota D.C.;Bogotá, D.C. - Bogotá;SI
171592096;Bogotá-Bogota D.C.;Bogotá, D.C. - Bogotá;SI
179621190;Bogotá-Bogota D.C.;Bogotá, D.C. - Bogotá;SI
3830030986;Bogotá-Bogota D.C.;Bogotá, D.C. - Bogotá;SI
11032423853;Bogotá-Bogota D.C.;Bogotá, D.C. - Bogotá;SI
180098229;Bogotá-Bogota D.C.;Bogotá, D.C. - Bogotá;SI
179539419;Bogotá-Bogota D.C.;Bogotá, D.C. - Bogotá;SI
115875600;Bogotá-Bogota D.C.;Bogotá, D.C. - Bogotá;SI
3860042521;Bogotá-Bogota D.C.;Bogotá, D.C. - Bogotá;SI
180759509;Bogotá-Bogota D.C.;Bogotá, D.C. - Bogotá;SI
3800162553;Bogotá-Bogota D.C.;Bogotá, D.C. - Bogotá;SI
11000723010;Bogotá-Bogota D.C.;Bogotá, D.C. - Bogotá;SI
121768732;Bogotá-Bogota D.C.;Bogotá, D.C. - Bogotá;SI
179389226;Bogotá-Bogota D.C.;Bogotá, D.C. - Bogotá;SI
117085776;Bogotá-Bogota D.C.;Bogotá, D.C. - Bogotá;SI
119297555;Bogotá-Bogota D.C.;Bogotá, D.C. - Bogotá;SI
179201555;Bogotá-Bogota D.C.;Bogotá, D.C. - Bogotá;SI
119268688;Bogotá-Bogota D.C.;Bogotá, D.C. - Bogotá;SI
179346819;Bogotá-Bogota D.C.;Bogotá, D.C. - Bogotá;SI
179916763;Bogotá-Bogota D.C.;Bogotá, D.C. - Bogotá;SI
179713865;Bogotá-Bogota D.C.;Bogotá, D.C. - Bogotá;SI
153075796;Bogotá-Bogota D.C.;Bogotá, D.C. - Bogotá;SI
119426475;Bogotá-Bogota D.C.;Bogotá, D.C. - Bogotá;SI
11069488349;Bogotá-Bogota D.C.;Bogotá, D.C. - Bogotá;SI
179910837;Bogotá-Bogota D.C.;Bogotá, D.C. - Bogotá;SI
152259517;Bogotá-Bogota D.C.;Bogotá, D.C. - Bogotá;SI
3901415627;Bogotá-Bogota D.C.;Bogotá, D.C. - Bogotá;SI
179539760;Bogotá-Bogota D.C.;Bogotá, D.C. - Bogotá;SI
119146113;Bogotá-Bogota D.C.;Bogotá, D.C. - Bogotá;SI
3900699599;Bogotá-Bogota D.C.;Bogotá, D.C. - Bogotá;SI
135262120;Bogotá-Bogota D.C.;Bogotá, D.C. - Bogotá;SI
3860068802;Bogotá-Bogota D.C.;Bogotá, D.C. - Bogotá;SI
11010200853;Bogotá-Bogota D.C.;Bogotá, D.C. - Bogotá;SI
179985396;Bogotá-Bogota D.C.;Bogotá, D.C. - Bogotá;SI
179121003;Bogotá-Bogota D.C.;Bogotá, D.C. - Bogotá;SI
119433766;Bogotá-Bogota D.C.;Bogotá, D.C. - Bogotá;SI
3900883351;Bogotá-Bogota D.C.;Bogotá, D.C. - Bogotá;SI
180097889;Bogotá-Bogota D.C.;Bogotá, D.C. - Bogotá;SI
119154031;Bogotá-Bogota D.C.;Bogotá, D.C. - Bogotá;SI
3900440416;Bogotá-Bogota D.C.;Bogotá, D.C. - Bogotá;SI
179922712;Bogotá-Bogota D.C.;Bogotá, D.C. - Bogotá;SI
11026564203;Bogotá-Bogota D.C.;Bogotá, D.C. - Bogotá;SI
180722538;Bogotá-Bogota D.C.;Bogotá, D.C. - Bogotá;SI
3800167076;Bogotá-Bogota D.C.;Bogotá, D.C. - Bogotá;SI
180281950;Bogotá-Bogota D.C.;Bogotá, D.C. - Bogotá;SI
196194049;Bogotá-Bogota D.C.;Bogotá, D.C. - Bogotá;SI
180165680;Bogotá-Bogota D.C.;Bogotá, D.C. - Bogotá;SI
179641393;Bogotá-Bogota D.C.;Bogotá, D.C. - Bogotá;SI
180038172;Bogotá-Bogota D.C.;Bogotá, D.C. - Bogotá;SI
179257364;Bogotá-Bogota D.C.;Bogotá, D.C. - Bogotá;SI
119471863;Bogotá-Bogota D.C.;Bogotá, D.C. - Bogotá;SI
179239341;Bogotá-Bogota D.C.;Bogotá, D.C. - Bogotá;SI
179824522;Bogotá-Bogota D.C.;Bogotá, D.C. - Bogotá;SI
1177035;Bogotá-Bogota D.C.;Bogotá, D.C. - Bogotá;SI
3900830812;Bogotá-Bogota D.C.;Bogotá, D.C. - Bogotá;SI
179898437;Bogotá-Bogota D.C.;Bogotá, D.C. - Bogotá;SI
3900848064;Bogotá-Bogota D.C.;Bogotá, D.C. - Bogotá;SI
15946306;Bogotá-Bogota D.C.;Bogotá, D.C. - Bogotá;SI
141796644;Bogotá-Bogota D.C.;Bogotá, D.C. - Bogotá;SI
172276659;Bogotá-Bogota D.C.;Bogotá, D.C. - Bogotá;SI
11053849577;Bogotá-Bogota D.C.;Bogotá, D.C. - Bogotá;SI
17223821;Bogotá-Bogota D.C.;Bogotá, D.C. - Bogotá;SI
152265824;Bogotá-Bogota D.C.;Bogotá, D.C. - Bogotá;SI
179296921;Bogotá-Bogota D.C.;Bogotá, D.C. - Bogotá;SI
180238745;Bogotá-Bogota D.C.;Bogotá, D.C. - Bogotá;SI
3900436352;Bogotá-Bogota D.C.;Bogotá, D.C. - Bogotá;SI
3830092453;Bogotá-Bogota D.C.;Bogotá, D.C. - Bogotá;SI
135220932;Bogotá-Bogota D.C.;Bogotá, D.C. - Bogotá;SI
3900746053;Bogotá-Bogota D.C.;Bogotá, D.C. - Bogotá;SI
180283741;Bogotá-Bogota D.C.;Bogotá, D.C. - Bogotá;SI
112166565;Bogotá-Bogota D.C.;Bogotá, D.C. - Bogotá;SI
180816643;Bogotá-Bogota D.C.;Bogotá, D.C. - Bogotá;SI
113360362;Bogotá-Bogota D.C.;Bogotá, D.C. - Bogotá;SI
179461609;Bogotá-Bogota D.C.;Bogotá, D.C. - Bogotá;SI
3900860682;Bogotá-Bogota D.C.;Bogotá, D.C. - Bogotá;SI
133368499;Bogotá-Bogota D.C.;Bogotá, D.C. - Bogotá;SI
3830050372;Bogotá-Bogota D.C.;Bogotá, D.C. - Bogotá;SI
174082386;Bogotá-Bogota D.C.;Bogotá, D.C. - Bogotá;SI
3900462897;Bogotá-Bogota D.C.;Bogotá, D.C. - Bogotá;SI
152956283;Bogotá-Bogota D.C.;Bogotá, D.C. - Bogotá;SI
11014217853;Bogotá-Bogota D.C.;Bogotá, D.C. - Bogotá;SI
179299803;Bogotá-Bogota D.C.;Bogotá, D.C. - Bogotá;SI
110248729;Bogotá-Bogota D.C.;Bogotá, D.C. - Bogotá;SI
11023879045;Bogotá-Bogota D.C.;Bogotá, D.C. - Bogotá;SI
11032361270;Bogotá-Bogota D.C.;Bogotá, D.C. - Bogotá;SI
11020733983;Bogotá-Bogota D.C.;Bogotá, D.C. - Bogotá;SI
3800214054;Bogotá-Bogota D.C.;Bogotá, D.C. - Bogotá;SI
179952713;Bogotá-Bogota D.C.;Bogotá, D.C. - Bogotá;SI
179466486;Bogotá-Bogota D.C.;Bogotá, D.C. - Bogotá;SI
3830095617;Bogotá-Bogota D.C.;Bogotá, D.C. - Bogotá;SI
179883374;Bogotá-Bogota D.C.;Bogotá, D.C. - Bogotá;SI
180028744;Bogotá-Bogota D.C.;Bogotá, D.C. - Bogotá;SI
152692161;Bogotá-Bogota D.C.;Bogotá, D.C. - Bogotá;SI
18743644;Bogotá-Bogota D.C.;Bogotá, D.C. - Bogotá;SI
152863682;Bogotá-Bogota D.C.;Bogotá, D.C. - Bogotá;SI
11018405820;Bogotá-Bogota D.C.;Bogotá, D.C. - Bogotá;SI
3901038530;Bogotá-Bogota D.C.;Bogotá, D.C. - Bogotá;SI
179890364;Bogotá-Bogota D.C.;Bogotá, D.C. - Bogotá;SI
180503085;Bogotá-Bogota D.C.;Bogotá, D.C. - Bogotá;SI
179463973;Bogotá-Bogota D.C.;Bogotá, D.C. - Bogotá;SI
179277634;Bogotá-Bogota D.C.;Bogotá, D.C. - Bogotá;SI
3830092981;Bogotá-Bogota D.C.;Bogotá, D.C. - Bogotá;SI
11076220399;Bogotá-Bogota D.C.;Bogotá, D.C. - Bogotá;SI
152022094;Bogotá-Bogota D.C.;Bogotá, D.C. - Bogotá;SI
15872035;Bogotá-Bogota D.C.;Bogotá, D.C. - Bogotá;SI
3800121665;Bogotá-Bogota D.C.;Bogotá, D.C. - Bogotá;SI
179299843;Bogotá-Bogota D.C.;Bogotá, D.C. - Bogotá;SI
179909147;Bogotá-Bogota D.C.;Bogotá, D.C. - Bogotá;SI
152998343;Bogotá-Bogota D.C.;Bogotá, D.C. - Bogotá;SI
11030574155;Bogotá-Bogota D.C.;Bogotá, D.C. - Bogotá;SI
1116886390;Bogotá-Bogota D.C.;Bogotá, D.C. - Bogotá;SI
11032386808;Bogotá-Bogota D.C.;Bogotá, D.C. - Bogotá;SI
11013660162;Bogotá-Bogota D.C.;Bogotá, D.C. - Bogotá;SI
3900236791;Bogotá-Bogota D.C.;Bogotá, D.C. - Bogotá;SI
179953269;Bogotá-Bogota D.C.;Bogotá, D.C. - Bogotá;SI
11093765274;Bogotá-Bogota D.C.;Bogotá, D.C. - Bogotá;SI
141646555;Bogotá-Bogota D.C.;Bogotá, D.C. - Bogotá;SI
125785028;Bogotá-Bogota D.C.;Bogotá, D.C. - Bogotá;SI
117420368;Bogotá-Bogota D.C.;Bogotá, D.C. - Bogotá;SI
3901221960;Bogotá-Bogota D.C.;Bogotá, D.C. - Bogotá;SI
179641631;Bogotá-Bogota D.C.;Bogotá, D.C. - Bogotá;SI
179147566;Bogotá-Bogota D.C.;Bogotá, D.C. - Bogotá;SI
179743681;Bogotá-Bogota D.C.;Bogotá, D.C. - Bogotá;SI
13100063;Bogotá-Bogota D.C.;Bogotá, D.C. - Bogotá;SI
11136885677;Bogotá-Bogota D.C.;Bogotá, D.C. - Bogotá;SI
180391131;Bogotá-Bogota D.C.;Bogotá, D.C. - Bogotá;SI
111304126;Bogotá-Bogota D.C.;Bogotá, D.C. - Bogotá;SI
11024477782;Bogotá-Bogota D.C.;Bogotá, D.C. - Bogotá;SI
111437094;Bogotá-Bogota D.C.;Bogotá, D.C. - Bogotá;SI
3900338755;Bogotá-Bogota D.C.;Bogotá, D.C. - Bogotá;SI
153108521;Bogotá-Bogota D.C.;Bogotá, D.C. - Bogotá;SI
179925537;Bogotá-Bogota D.C.;Bogotá, D.C. - Bogotá;SI
11073515935;Bogotá-Bogota D.C.;Bogotá, D.C. - Bogotá;SI
119400606;Bogotá-Bogota D.C.;Bogotá, D.C. - Bogotá;SI
3900321419;Bogotá-Bogota D.C.;Bogotá, D.C. - Bogotá;SI
12989524;Bogotá-Bogota D.C.;Bogotá, D.C. - Bogotá;SI
180912635;Bogotá-Bogota D.C.;Bogotá, D.C. - Bogotá;SI
3800064114;Bogotá-Bogota D.C.;Bogotá, D.C. - Bogotá;SI
11052382384;Bogotá-Bogota D.C.;Bogotá, D.C. - Bogotá;SI
11022443727;Bogotá-Bogota D.C.;Bogotá, D.C. - Bogotá;SI
3800188588;Bogotá-Bogota D.C.;Bogotá, D.C. - Bogotá;SI
11020806302;Bogotá-Bogota D.C.;Bogotá, D.C. - Bogotá;SI
180419769;Bogotá-Bogota D.C.;Bogotá, D.C. - Bogotá;SI
11030531440;Bogotá-Bogota D.C.;Bogotá, D.C. - Bogotá;SI
197480529;Bogotá-Bogota D.C.;Bogotá, D.C. - Bogotá;SI
3901546061;Bogotá-Bogota D.C.;Bogotá, D.C. - Bogotá;SI
180423976;Bogotá-Bogota D.C.;Bogotá, D.C. - Bogotá;SI
3901285037;Bogotá-Bogota D.C.;Bogotá, D.C. - Bogotá;SI
180084578;Bogotá-Bogota D.C.;Bogotá, D.C. - Bogotá;SI
3830019204;Bogotá-Bogota D.C.;Bogotá, D.C. - Bogotá;SI
11019080864;Bogotá-Bogota D.C.;Bogotá, D.C. - Bogotá;SI
11010218968;Bogotá-Bogota D.C.;Bogotá, D.C. - Bogotá;SI
3900604130;Bogotá-Bogota D.C.;Bogotá, D.C. - Bogotá;SI
180734103;Bogotá-Bogota D.C.;Bogotá, D.C. - Bogotá;SI
3901501779;Bogotá-Bogota D.C.;Bogotá, D.C. - Bogotá;SI
3900621255;Bogotá-Bogota D.C.;Bogotá, D.C. - Bogotá;SI
152498577;Bogotá-Bogota D.C.;Bogotá, D.C. - Bogotá;SI
11032447546;Bogotá-Bogota D.C.;Bogotá, D.C. - Bogotá;SI
183233817;Bogotá-Bogota D.C.;Bogotá, D.C. - Bogotá;SI
11018411905;Bogotá-Bogota D.C.;Bogotá, D.C. - Bogotá;SI
11070591936;Bogotá-Bogota D.C.;Bogotá, D.C. - Bogotá;SI
117330120;Bogotá-Bogota D.C.;Bogotá, D.C. - Bogotá;SI
3901097814;Bogotá-Bogota D.C.;Bogotá, D.C. - Bogotá;SI
3900649605;Bogotá-Bogota D.C.;Bogotá, D.C. - Bogotá;SI
124340525;Bogotá-Bogota D.C.;Bogotá, D.C. - Bogotá;SI
180792877;Bogotá-Bogota D.C.;Bogotá, D.C. - Bogotá;SI
191071387;Bogotá-Bogota D.C.;Bogotá, D.C. - Bogotá;SI
141691282;Bogotá-Bogota D.C.;Bogotá, D.C. - Bogotá;SI
179692223;Bogotá-Bogota D.C.;Bogotá, D.C. - Bogotá;SI
179379591;Bogotá-Bogota D.C.;Bogotá, D.C. - Bogotá;SI
13063814;Bogotá-Bogota D.C.;Bogotá, D.C. - Bogotá;SI
13227789;Bogotá-Bogota D.C.;Bogotá, D.C. - Bogotá;SI
179406984;Bogotá-Bogota D.C.;Bogotá, D.C. - Bogotá;SI
140334673;Bogotá-Bogota D.C.;Bogotá, D.C. - Bogotá;SI
177142354;Bogotá-Bogota D.C.;Bogotá, D.C. - Bogotá;SI
3900501354;Bogotá-Bogota D.C.;Bogotá, D.C. - Bogotá;SI
119273947;Bogotá-Bogota D.C.;Bogotá, D.C. - Bogotá;SI
3900088596;Bogotá-Bogota D.C.;Bogotá, D.C. - Bogotá;SI
3830083670;Bogotá-Bogota D.C.;Bogotá, D.C. - Bogotá;SI
13174207;Bogotá-Bogota D.C.;Bogotá, D.C. - Bogotá;SI
3900186088;Bogotá-Bogota D.C.;Bogotá, D.C. - Bogotá;SI
119122206;Bogotá-Bogota D.C.;Bogotá, D.C. - Bogotá;SI
3900089149;Bogotá-Bogota D.C.;Bogotá, D.C. - Bogotá;SI
119255526;Bogotá-Bogota D.C.;Bogotá, D.C. - Bogotá;SI
179661828;Bogotá-Bogota D.C.;Bogotá, D.C. - Bogotá;SI
3800185039;Bogotá-Bogota D.C.;Bogotá, D.C. - Bogotá;SI
3900601674;Bogotá-Bogota D.C.;Bogotá, D.C. - Bogotá;SI
11032458064;Bogotá-Bogota D.C.;Bogotá, D.C. - Bogotá;SI
3900113804;Bogotá-Bogota D.C.;Bogotá, D.C. - Bogotá;SI
180803063;Bogotá-Bogota D.C.;Bogotá, D.C. - Bogotá;SI
179422412;Bogotá-Bogota D.C.;Bogotá, D.C. - Bogotá;SI
152372501;Bogotá-Bogota D.C.;Bogotá, D.C. - Bogotá;SI
11022363265;Bogotá-Bogota D.C.;Bogotá, D.C. - Bogotá;SI
3901152084;Bogotá-Bogota D.C.;Bogotá, D.C. - Bogotá;SI
3802018747;Bogotá-Bogota D.C.;Bogotá, D.C. - Bogotá;SI
11213060593;Bogotá-Bogota D.C.;Bogotá, D.C. - Bogotá;SI
180745159;Bogotá-Bogota D.C.;Bogotá, D.C. - Bogotá;SI
179941171;Bogotá-Bogota D.C.;Bogotá, D.C. - Bogotá;SI
180244711;Bogotá-Bogota D.C.;Bogotá, D.C. - Bogotá;SI
153074324;Bogotá-Bogota D.C.;Bogotá, D.C. - Bogotá;SI
2415111;Bogotá-Bogota D.C.;Bogotá, D.C. - Bogotá;SI
135510504;Bogotá-Bogota D.C.;Bogotá, D.C. - Bogotá;SI
179757839;Bogotá-Bogota D.C.;Bogotá, D.C. - Bogotá;SI
179159683;Bogotá-Bogota D.C.;Bogotá, D.C. - Bogotá;SI
11018475336;Bogotá-Bogota D.C.;Bogotá, D.C. - Bogotá;SI
11020818700;Bogotá-Bogota D.C.;Bogotá, D.C. - Bogotá;SI
11073327015;Bogotá-Bogota D.C.;Bogotá, D.C. - Bogotá;SI
180795373;Bogotá-Bogota D.C.;Bogotá, D.C. - Bogotá;SI
111803325;Bogotá-Bogota D.C.;Bogotá, D.C. - Bogotá;SI
179442319;Bogotá-Bogota D.C.;Bogotá, D.C. - Bogotá;SI
3901322006;Bogotá-Bogota D.C.;Bogotá, D.C. - Bogotá;SI
11193564184;Bogotá-Bogota D.C.;Bogotá, D.C. - Bogotá;SI
11015415593;Bogotá-Bogota D.C.;Bogotá, D.C. - Bogotá;SI
180197049;Bogotá-Bogota D.C.;Bogotá, D.C. - Bogotá;SI
3800112024;Bogotá-Bogota D.C.;Bogotá, D.C. - Bogotá;SI
3860069284;Bogotá-Bogota D.C.;Bogotá, D.C. - Bogotá;SI
11022394821;Bogotá-Bogota D.C.;Bogotá, D.C. - Bogotá;SI
180716120;Bogotá-Bogota D.C.;Bogotá, D.C. - Bogotá;SI
198515809;Bogotá-Bogota D.C.;Bogotá, D.C. - Bogotá;SI
15471304;Bogotá-Bogota D.C.;Bogotá, D.C. - Bogotá;SI
179493550;Bogotá-Bogota D.C.;Bogotá, D.C. - Bogotá;SI
152309171;Bogotá-Bogota D.C.;Bogotá, D.C. - Bogotá;SI
179727008;Bogotá-Bogota D.C.;Bogotá, D.C. - Bogotá;SI
180166786;Bogotá-Bogota D.C.;Bogotá, D.C. - Bogotá;SI
111231913;Bogotá-Bogota D.C.;Bogotá, D.C. - Bogotá;SI
179512450;Bogotá-Bogota D.C.;Bogotá, D.C. - Bogotá;SI
191292293;Bogotá-Bogota D.C.;Bogotá, D.C. - Bogotá;SI
11017211122;Bogotá-Bogota D.C.;Bogotá, D.C. - Bogotá;SI
3899999063;Bogotá-Bogota D.C.;Bogotá, D.C. - Bogotá;SI
11018490920;Bogotá-Bogota D.C.;Bogotá, D.C. - Bogotá;SI
110022076;Bogotá-Bogota D.C.;Bogotá, D.C. - Bogotá;SI
152072438;Bogotá-Bogota D.C.;Bogotá, D.C. - Bogotá;SI
179942997;Bogotá-Bogota D.C.;Bogotá, D.C. - Bogotá;SI
180219589;Bogotá-Bogota D.C.;Bogotá, D.C. - Bogotá;SI
3860507710;Bogotá-Bogota D.C.;Bogotá, D.C. - Bogotá;SI
3900803340;Bogotá-Bogota D.C.;Bogotá, D.C. - Bogotá;SI
141448248;Bogotá-Bogota D.C.;Bogotá, D.C. - Bogotá;SI
194415301;Bogotá-Bogota D.C.;Bogotá, D.C. - Bogotá;SI
11129580095;Bogotá-Bogota D.C.;Bogotá, D.C. - Bogotá;SI
11023889277;Bogotá-Bogota D.C.;Bogotá, D.C. - Bogotá;SI
152175251;Bogotá-Bogota D.C.;Bogotá, D.C. - Bogotá;SI
179731228;Bogotá-Bogota D.C.;Bogotá, D.C. - Bogotá;SI
174240165;Bogotá-Bogota D.C.;Bogotá, D.C. - Bogotá;SI
3860527960;Bogotá-Bogota D.C.;Bogotá, D.C. - Bogotá;SI
152030949;Bogotá-Bogota D.C.;Bogotá, D.C. - Bogotá;SI
153017046;Bogotá-Bogota D.C.;Bogotá, D.C. - Bogotá;SI
11022357119;Bogotá-Bogota D.C.;Bogotá, D.C. - Bogotá;SI
179714894;Bogotá-Bogota D.C.;Bogotá, D.C. - Bogotá;SI
11014181834;Bogotá-Bogota D.C.;Bogotá, D.C. - Bogotá;SI
180053778;Bogotá-Bogota D.C.;Bogotá, D.C. - Bogotá;SI
192533532;Bogotá-Bogota D.C.;Bogotá, D.C. - Bogotá;SI
151832955;Bogotá-Bogota D.C.;Bogotá, D.C. - Bogotá;SI
11019033525;Bogotá-Bogota D.C.;Bogotá, D.C. - Bogotá;SI
117117431;Bogotá-Bogota D.C.;Bogotá, D.C. - Bogotá;SI
186057910;Bogotá-Bogota D.C.;Bogotá, D.C. - Bogotá;SI
11020750886;Bogotá-Bogota D.C.;Bogotá, D.C. - Bogotá;SI
119392113;Bogotá-Bogota D.C.;Bogotá, D.C. - Bogotá;SI
11022403039;Bogotá-Bogota D.C.;Bogotá, D.C. - Bogotá;SI
11010012452;Bogotá-Bogota D.C.;Bogotá, D.C. - Bogotá;SI
3860000122;Bogotá-Bogota D.C.;Bogotá, D.C. - Bogotá;SI
119335567;Bogotá-Bogota D.C.;Bogotá, D.C. - Bogotá;SI
3900126863;Bogotá-Bogota D.C.;Bogotá, D.C. - Bogotá;SI
180425167;Bogotá-Bogota D.C.;Bogotá, D.C. - Bogotá;SI
11072638999;Bogotá-Bogota D.C.;Bogotá, D.C. - Bogotá;SI
11075235394;Bogotá-Bogota D.C.;Bogotá, D.C. - Bogotá;SI
11122506991;Bogotá-Bogota D.C.;Bogotá, D.C. - Bogotá;SI
3900404734;Bogotá-Bogota D.C.;Bogotá, D.C. - Bogotá;SI
11077148060;Bogotá-Bogota D.C.;Bogotá, D.C. - Bogotá;SI
179980162;Bogotá-Bogota D.C.;Bogotá, D.C. - Bogotá;SI
180004956;Bogotá-Bogota D.C.;Bogotá, D.C. - Bogotá;SI
180099800;Bogotá-Bogota D.C.;Bogotá, D.C. - Bogotá;SI
11026257840;Bogotá-Bogota D.C.;Bogotá, D.C. - Bogotá;SI
180135843;Bogotá-Bogota D.C.;Bogotá, D.C. - Bogotá;SI
141709608;Bogotá-Bogota D.C.;Bogotá, D.C. - Bogotá;SI
3900664679;Bogotá-Bogota D.C.;Bogotá, D.C. - Bogotá;SI
3830137106;Bogotá-Bogota D.C.;Bogotá, D.C. - Bogotá;SI
119085482;Bogotá-Bogota D.C.;Bogotá, D.C. - Bogotá;SI
116886471;Bogotá-Bogota D.C.;Bogotá, D.C. - Bogotá;SI
180728809;Bogotá-Bogota D.C.;Bogotá, D.C. - Bogotá;SI
13166762;Bogotá-Bogota D.C.;Bogotá, D.C. - Bogotá;SI
11121840883;Bogotá-Bogota D.C.;Bogotá, D.C. - Bogotá;SI
3800199818;Bogotá-Bogota D.C.;Bogotá, D.C. - Bogotá;SI
116581079;Bogotá-Bogota D.C.;Bogotá, D.C. - Bogotá;SI
179315192;Bogotá-Bogota D.C.;Bogotá, D.C. - Bogotá;SI
151876954;Bogotá-Bogota D.C.;Bogotá, D.C. - Bogotá;SI
180057042;Bogotá-Bogota D.C.;Bogotá, D.C. - Bogotá;SI
153135054;Bogotá-Bogota D.C.;Bogotá, D.C. - Bogotá;SI
119297434;Bogotá-Bogota D.C.;Bogotá, D.C. - Bogotá;SI
152251725;Bogotá-Bogota D.C.;Bogotá, D.C. - Bogotá;SI
135502242;Bogotá-Bogota D.C.;Bogotá, D.C. - Bogotá;SI
119392860;Bogotá-Bogota D.C.;Bogotá, D.C. - Bogotá;SI
179598465;Bogotá-Bogota D.C.;Bogotá, D.C. - Bogotá;SI
135455385;Bogotá-Bogota D.C.;Bogotá, D.C. - Bogotá;SI
3901271801;Bogotá-Bogota D.C.;Bogotá, D.C. - Bogotá;SI
111320344;Bogotá-Bogota D.C.;Bogotá, D.C. - Bogotá;SI
141611896;Bogotá-Bogota D.C.;Bogotá, D.C. - Bogotá;SI
179952819;Bogotá-Bogota D.C.;Bogotá, D.C. - Bogotá;SI
14235427;Bogotá-Bogota D.C.;Bogotá, D.C. - Bogotá;SI
3900325433;Bogotá-Bogota D.C.;Bogotá, D.C. - Bogotá;SI
11010168582;Bogotá-Bogota D.C.;Bogotá, D.C. - Bogotá;SI
180409450;Bogotá-Bogota D.C.;Bogotá, D.C. - Bogotá;SI
152812881;Bogotá-Bogota D.C.;Bogotá, D.C. - Bogotá;SI
117317702;Bogotá-Bogota D.C.;Bogotá, D.C. - Bogotá;SI
179725665;Bogotá-Bogota D.C.;Bogotá, D.C. - Bogotá;SI
119492104;Bogotá-Bogota D.C.;Bogotá, D.C. - Bogotá;SI
171606463;Bogotá-Bogota D.C.;Bogotá, D.C. - Bogotá;SI
179433966;Bogotá-Bogota D.C.;Bogotá, D.C. - Bogotá;SI
3900910625;Bogotá-Bogota D.C.;Bogotá, D.C. - Bogotá;SI
152198519;Bogotá-Bogota D.C.;Bogotá, D.C. - Bogotá;SI
119076957;Bogotá-Bogota D.C.;Bogotá, D.C. - Bogotá;SI
3830053894;Bogotá-Bogota D.C.;Bogotá, D.C. - Bogotá;SI
11032420369;Bogotá-Bogota D.C.;Bogotá, D.C. - Bogotá;SI
179969644;Bogotá-Bogota D.C.;Bogotá, D.C. - Bogotá;SI
139682600;Bogotá-Bogota D.C.;Bogotá, D.C. - Bogotá;SI
179902120;Bogotá-Bogota D.C.;Bogotá, D.C. - Bogotá;SI
3860048626;Bogotá-Bogota D.C.;Bogotá, D.C. - Bogotá;SI
152953136;Bogotá-Bogota D.C.;Bogotá, D.C. - Bogotá;SI
117048117;Bogotá-Bogota D.C.;Bogotá, D.C. - Bogotá;SI
179346514;Bogotá-Bogota D.C.;Bogotá, D.C. - Bogotá;SI
3830079389;Bogotá-Bogota D.C.;Bogotá, D.C. - Bogotá;SI
119231102;Bogotá-Bogota D.C.;Bogotá, D.C. - Bogotá;SI
179951295;Bogotá-Bogota D.C.;Bogotá, D.C. - Bogotá;SI
3800126471;Bogotá-Bogota D.C.;Bogotá, D.C. - Bogotá;SI
3830001007;Bogotá-Bogota D.C.;Bogotá, D.C. - Bogotá;SI
3830091549;Bogotá-Bogota D.C.;Bogotá, D.C. - Bogotá;SI
179300709;Bogotá-Bogota D.C.;Bogotá, D.C. - Bogotá;SI
3900129090;Bogotá-Bogota D.C.;Bogotá, D.C. - Bogotá;SI
11016009491;Bogotá-Bogota D.C.;Bogotá, D.C. - Bogotá;SI
3900346428;Bogotá-Bogota D.C.;Bogotá, D.C. - Bogotá;SI
179933830;Bogotá-Bogota D.C.;Bogotá, D.C. - Bogotá;SI
179781917;Bogotá-Bogota D.C.;Bogotá, D.C. - Bogotá;SI
179492237;Bogotá-Bogota D.C.;Bogotá, D.C. - Bogotá;SI
180095650;Bogotá-Bogota D.C.;Bogotá, D.C. - Bogotá;SI
180095103;Bogotá-Bogota D.C.;Bogotá, D.C. - Bogotá;SI
3900391722;Bogotá-Bogota D.C.;Bogotá, D.C. - Bogotá;SI
3804010418;Bogotá-Bogota D.C.;Bogotá, D.C. - Bogotá;SI
11020747198;Bogotá-Bogota D.C.;Bogotá, D.C. - Bogotá;SI
153076789;Bogotá-Bogota D.C.;Bogotá, D.C. - Bogotá;SI
3830040574;Bogotá-Bogota D.C.;Bogotá, D.C. - Bogotá;SI
11015413136;Bogotá-Bogota D.C.;Bogotá, D.C. - Bogotá;SI
119245858;Bogotá-Bogota D.C.;Bogotá, D.C. - Bogotá;SI
11020755237;Bogotá-Bogota D.C.;Bogotá, D.C. - Bogotá;SI
11020713356;Bogotá-Bogota D.C.;Bogotá, D.C. - Bogotá;SI
11032461323;Bogotá-Bogota D.C.;Bogotá, D.C. - Bogotá;SI
11018476890;Bogotá-Bogota D.C.;Bogotá, D.C. - Bogotá;SI
179752359;Bogotá-Bogota D.C.;Bogotá, D.C. - Bogotá;SI
179325788;Bogotá-Bogota D.C.;Bogotá, D.C. - Bogotá;SI
180828383;Bogotá-Bogota D.C.;Bogotá, D.C. - Bogotá;SI
152837494;Bogotá-Bogota D.C.;Bogotá, D.C. - Bogotá;SI
3900758435;Bogotá-Bogota D.C.;Bogotá, D.C. - Bogotá;SI
179299018;Bogotá-Bogota D.C.;Bogotá, D.C. - Bogotá;SI
141701439;Bogotá-Bogota D.C.;Bogotá, D.C. - Bogotá;SI
180005601;Bogotá-Bogota D.C.;Bogotá, D.C. - Bogotá;SI
140218270;Bogotá-Bogota D.C.;Bogotá, D.C. - Bogotá;SI
179890640;Bogotá-Bogota D.C.;Bogotá, D.C. - Bogotá;SI
3900535717;Bogotá-Bogota D.C.;Bogotá, D.C. - Bogotá;SI
179277704;Bogotá-Bogota D.C.;Bogotá, D.C. - Bogotá;SI
179860075;Bogotá-Bogota D.C.;Bogotá, D.C. - Bogotá;SI
3900444852;Bogotá-Bogota D.C.;Bogotá, D.C. - Bogotá;SI
179850564;Bogotá-Bogota D.C.;Bogotá, D.C. - Bogotá;SI
152999497;Bogotá-Bogota D.C.;Bogotá, D.C. - Bogotá;SI
1292251;Bogotá-Bogota D.C.;Bogotá, D.C. - Bogotá;SI
180086521;Bogotá-Bogota D.C.;Bogotá, D.C. - Bogotá;SI
179125578;Bogotá-Bogota D.C.;Bogotá, D.C. - Bogotá;SI
172302851;Bogotá-Bogota D.C.;Bogotá, D.C. - Bogotá;SI
3830144683;Bogotá-Bogota D.C.;Bogotá, D.C. - Bogotá;SI
179745457;Bogotá-Bogota D.C.;Bogotá, D.C. - Bogotá;SI
179391380;Bogotá-Bogota D.C.;Bogotá, D.C. - Bogotá;SI
3800188491;Bogotá-Bogota D.C.;Bogotá, D.C. - Bogotá;SI
179528732;Bogotá-Bogota D.C.;Bogotá, D.C. - Bogotá;SI
3900389855;Bogotá-Bogota D.C.;Bogotá, D.C. - Bogotá;SI
11023899181;Bogotá-Bogota D.C.;Bogotá, D.C. - Bogotá;SI
152787816;Bogotá-Bogota D.C.;Bogotá, D.C. - Bogotá;SI
11020747560;Bogotá-Bogota D.C.;Bogotá, D.C. - Bogotá;SI
3900966185;Bogotá-Bogota D.C.;Bogotá, D.C. - Bogotá;SI
186080334;Bogotá-Bogota D.C.;Bogotá, D.C. - Bogotá;SI
3900511471;Bogotá-Bogota D.C.;Bogotá, D.C. - Bogotá;SI
180502765;Bogotá-Bogota D.C.;Bogotá, D.C. - Bogotá;SI
11022404690;Bogotá-Bogota D.C.;Bogotá, D.C. - Bogotá;SI
117067686;Bogotá-Bogota D.C.;Bogotá, D.C. - Bogotá;SI
152172909;Bogotá-Bogota D.C.;Bogotá, D.C. - Bogotá;SI
3800219371;Bogotá-Bogota D.C.;Bogotá, D.C. - Bogotá;SI
3901458872;Bogotá-Bogota D.C.;Bogotá, D.C. - Bogotá;SI
119384007;Bogotá-Bogota D.C.;Bogotá, D.C. - Bogotá;SI
180230602;Bogotá-Bogota D.C.;Bogotá, D.C. - Bogotá;SI
11016092154;Bogotá-Bogota D.C.;Bogotá, D.C. - Bogotá;SI
180163388;Bogotá-Bogota D.C.;Bogotá, D.C. - Bogotá;SI
152887825;Bogotá-Bogota D.C.;Bogotá, D.C. - Bogotá;SI
11019008207;Bogotá-Bogota D.C.;Bogotá, D.C. - Bogotá;SI
3900131393;Bogotá-Bogota D.C.;Bogotá, D.C. - Bogotá;SI
3901107537;Bogotá-Bogota D.C.;Bogotá, D.C. - Bogotá;SI
11030565060;Bogotá-Bogota D.C.;Bogotá, D.C. - Bogotá;SI
3900364630;Bogotá-Bogota D.C.;Bogotá, D.C. - Bogotá;SI
3901158757;Bogotá-Bogota D.C.;Bogotá, D.C. - Bogotá;SI
151596175;Bogotá-Bogota D.C.;Bogotá, D.C. - Bogotá;SI
3830117701;Bogotá-Bogota D.C.;Bogotá, D.C. - Bogotá;SI
11032460248;Bogotá-Bogota D.C.;Bogotá, D.C. - Bogotá;SI
152849001;Bogotá-Bogota D.C.;Bogotá, D.C. - Bogotá;SI
3830058272;Bogotá-Bogota D.C.;Bogotá, D.C. - Bogotá;SI
11088300905;Bogotá-Bogota D.C.;Bogotá, D.C. - Bogotá;SI
2117413;Bogotá-Bogota D.C.;Bogotá, D.C. - Bogotá;SI
180099419;Bogotá-Bogota D.C.;Bogotá, D.C. - Bogotá;SI
180040111;Bogotá-Bogota D.C.;Bogotá, D.C. - Bogotá;SI
179157782;Bogotá-Bogota D.C.;Bogotá, D.C. - Bogotá;SI
11014196210;Bogotá-Bogota D.C.;Bogotá, D.C. - Bogotá;SI
179056617;Bogotá-Bogota D.C.;Bogotá, D.C. - Bogotá;SI
11121903565;Bogotá-Bogota D.C.;Bogotá, D.C. - Bogotá;SI
11016026890;Bogotá-Bogota D.C.;Bogotá, D.C. - Bogotá;SI
3900359214;Bogotá-Bogota D.C.;Bogotá, D.C. - Bogotá;SI
180199857;Bogotá-Bogota D.C.;Bogotá, D.C. - Bogotá;SI
11032413243;Bogotá-Bogota D.C.;Bogotá, D.C. - Bogotá;SI
143201709;Bogotá-Bogota D.C.;Bogotá, D.C. - Bogotá;SI
180767285;Bogotá-Bogota D.C.;Bogotá, D.C. - Bogotá;SI
111275697;Bogotá-Bogota D.C.;Bogotá, D.C. - Bogotá;SI
11031127968;Bogotá-Bogota D.C.;Bogotá, D.C. - Bogotá;SI
11016016165;Bogotá-Bogota D.C.;Bogotá, D.C. - Bogotá;SI
3900391152;Bogotá-Bogota D.C.;Bogotá, D.C. - Bogotá;SI
179565362;Bogotá-Bogota D.C.;Bogotá, D.C. - Bogotá;SI
11000285351;Bogotá-Bogota D.C.;Bogotá, D.C. - Bogotá;SI
11019079823;Bogotá-Bogota D.C.;Bogotá, D.C. - Bogotá;SI
130407154;Bogotá-Bogota D.C.;Bogotá, D.C. - Bogotá;SI
180724825;Bogotá-Bogota D.C.;Bogotá, D.C. - Bogotá;SI
179342923;Bogotá-Bogota D.C.;Bogotá, D.C. - Bogotá;SI
179878706;Bogotá-Bogota D.C.;Bogotá, D.C. - Bogotá;SI
3900311811;Bogotá-Bogota D.C.;Bogotá, D.C. - Bogotá;SI
3901367951;Bogotá-Bogota D.C.;Bogotá, D.C. - Bogotá;SI
180217762;Bogotá-Bogota D.C.;Bogotá, D.C. - Bogotá;SI
11016032399;Bogotá-Bogota D.C.;Bogotá, D.C. - Bogotá;SI
11018445907;Bogotá-Bogota D.C.;Bogotá, D.C. - Bogotá;SI
3860074389;Bogotá-Bogota D.C.;Bogotá, D.C. - Bogotá;SI
172194085;Bogotá-Bogota D.C.;Bogotá, D.C. - Bogotá;SI
180426451;Bogotá-Bogota D.C.;Bogotá, D.C. - Bogotá;SI
179141480;Bogotá-Bogota D.C.;Bogotá, D.C. - Bogotá;SI
3800201166;Bogotá-Bogota D.C.;Bogotá, D.C. - Bogotá;SI
12849166;Bogotá-Bogota D.C.;Bogotá, D.C. - Bogotá;SI
11070955696;Bogotá-Bogota D.C.;Bogotá, D.C. - Bogotá;SI
141462883;Bogotá-Bogota D.C.;Bogotá, D.C. - Bogotá;SI
119106445;Bogotá-Bogota D.C.;Bogotá, D.C. - Bogotá;SI
171662865;Bogotá-Bogota D.C.;Bogotá, D.C. - Bogotá;SI
11015446488;Bogotá-Bogota D.C.;Bogotá, D.C. - Bogotá;SI
179292582;Bogotá-Bogota D.C.;Bogotá, D.C. - Bogotá;SI
151826350;Bogotá-Bogota D.C.;Bogotá, D.C. - Bogotá;SI
3900690706;Bogotá-Bogota D.C.;Bogotá, D.C. - Bogotá;SI
3900600015;Bogotá-Bogota D.C.;Bogotá, D.C. - Bogotá;SI
151659145;Bogotá-Bogota D.C.;Bogotá, D.C. - Bogotá;SI
180198674;Bogotá-Bogota D.C.;Bogotá, D.C. - Bogotá;SI
151914080;Bogotá-Bogota D.C.;Bogotá, D.C. - Bogotá;SI
3900300733;Bogotá-Bogota D.C.;Bogotá, D.C. - Bogotá;SI
179525322;Bogotá-Bogota D.C.;Bogotá, D.C. - Bogotá;SI
3860527527;Bogotá-Bogota D.C.;Bogotá, D.C. - Bogotá;SI
179155323;Bogotá-Bogota D.C.;Bogotá, D.C. - Bogotá;SI
179871431;Bogotá-Bogota D.C.;Bogotá, D.C. - Bogotá;SI
179234936;Bogotá-Bogota D.C.;Bogotá, D.C. - Bogotá;SI
3900805127;Bogotá-Bogota D.C.;Bogotá, D.C. - Bogotá;SI
117327499;Bogotá-Bogota D.C.;Bogotá, D.C. - Bogotá;SI
152820850;Bogotá-Bogota D.C.;Bogotá, D.C. - Bogotá;SI
135221284;Bogotá-Bogota D.C.;Bogotá, D.C. - Bogotá;SI
119472143;Bogotá-Bogota D.C.;Bogotá, D.C. - Bogotá;SI
17701674;Bogotá-Bogota D.C.;Bogotá, D.C. - Bogotá;SI
113513888;Bogotá-Bogota D.C.;Bogotá, D.C. - Bogotá;SI
180014968;Bogotá-Bogota D.C.;Bogotá, D.C. - Bogotá;SI
3830073458;Bogotá-Bogota D.C.;Bogotá, D.C. - Bogotá;SI
179687389;Bogotá-Bogota D.C.;Bogotá, D.C. - Bogotá;SI
179832513;Bogotá-Bogota D.C.;Bogotá, D.C. - Bogotá;SI
11020718746;Bogotá-Bogota D.C.;Bogotá, D.C. - Bogotá;SI
11026587054;Bogotá-Bogota D.C.;Bogotá, D.C. - Bogotá;SI
172167679;Bogotá-Bogota D.C.;Bogotá, D.C. - Bogotá;SI
3800234195;Bogotá-Bogota D.C.;Bogotá, D.C. - Bogotá;SI
3901196994;Bogotá-Bogota D.C.;Bogotá, D.C. - Bogotá;SI
152191206;Bogotá-Bogota D.C.;Bogotá, D.C. - Bogotá;SI
111250764;Bogotá-Bogota D.C.;Bogotá, D.C. - Bogotá;SI
179956100;Bogotá-Bogota D.C.;Bogotá, D.C. - Bogotá;SI
3800095951;Bogotá-Bogota D.C.;Bogotá, D.C. - Bogotá;SI
119394661;Bogotá-Bogota D.C.;Bogotá, D.C. - Bogotá;SI
11015475813;Bogotá-Bogota D.C.;Bogotá, D.C. - Bogotá;SI
180778830;Bogotá-Bogota D.C.;Bogotá, D.C. - Bogotá;SI
180849818;Bogotá-Bogota D.C.;Bogotá, D.C. - Bogotá;SI
11015416417;Bogotá-Bogota D.C.;Bogotá, D.C. - Bogotá;SI
3901156358;Bogotá-Bogota D.C.;Bogotá, D.C. - Bogotá;SI
180732924;Bogotá-Bogota D.C.;Bogotá, D.C. - Bogotá;SI
152798467;Bogotá-Bogota D.C.;Bogotá, D.C. - Bogotá;SI
11026275638;Bogotá-Bogota D.C.;Bogotá, D.C. - Bogotá;SI
11014195644;Bogotá-Bogota D.C.;Bogotá, D.C. - Bogotá;SI
11014228600;Bogotá-Bogota D.C.;Bogotá, D.C. - Bogotá;SI
180279068;Bogotá-Bogota D.C.;Bogotá, D.C. - Bogotá;SI
3900501888;Bogotá-Bogota D.C.;Bogotá, D.C. - Bogotá;SI
11032438843;Bogotá-Bogota D.C.;Bogotá, D.C. - Bogotá;SI
13960837;Bogotá-Bogota D.C.;Bogotá, D.C. - Bogotá;SI
180084842;Bogotá-Bogota D.C.;Bogotá, D.C. - Bogotá;SI
18191786;Bogotá-Bogota D.C.;Bogotá, D.C. - Bogotá;SI
141323404;Bogotá-Bogota D.C.;Bogotá, D.C. - Bogotá;SI
152178288;Bogotá-Bogota D.C.;Bogotá, D.C. - Bogotá;SI
3860532057;Bogotá-Bogota D.C.;Bogotá, D.C. - Bogotá;SI
179846962;Bogotá-Bogota D.C.;Bogotá, D.C. - Bogotá;SI
11013585620;Bogotá-Bogota D.C.;Bogotá, D.C. - Bogotá;SI
119077494;Bogotá-Bogota D.C.;Bogotá, D.C. - Bogotá;SI
3900333610;Bogotá-Bogota D.C.;Bogotá, D.C. - Bogotá;SI
174377985;Bogotá-Bogota D.C.;Bogotá, D.C. - Bogotá;SI
179414219;Bogotá-Bogota D.C.;Bogotá, D.C. - Bogotá;SI
3830140505;Bogotá-Bogota D.C.;Bogotá, D.C. - Bogotá;SI
179361144;Bogotá-Bogota D.C.;Bogotá, D.C. - Bogotá;SI
3901193700;Bogotá-Bogota D.C.;Bogotá, D.C. - Bogotá;SI
194389545;Bogotá-Bogota D.C.;Bogotá, D.C. - Bogotá;SI
3830513763;Bogotá-Bogota D.C.;Bogotá, D.C. - Bogotá;SI
3901423451;Bogotá-Bogota D.C.;Bogotá, D.C. - Bogotá;SI
179379830;Bogotá-Bogota D.C.;Bogotá, D.C. - Bogotá;SI
11018473653;Bogotá-Bogota D.C.;Bogotá, D.C. - Bogotá;SI
137335877;Bogotá-Bogota D.C.;Bogotá, D.C. - Bogotá;SI
119376789;Bogotá-Bogota D.C.;Bogotá, D.C. - Bogotá;SI
3900556971;Bogotá-Bogota D.C.;Bogotá, D.C. - Bogotá;SI
3900428711;Bogotá-Bogota D.C.;Bogotá, D.C. - Bogotá;SI
117151506;Bogotá-Bogota D.C.;Bogotá, D.C. - Bogotá;SI
180169202;Bogotá-Bogota D.C.;Bogotá, D.C. - Bogotá;SI
111388554;Bogotá-Bogota D.C.;Bogotá, D.C. - Bogotá;SI
11016048887;Bogotá-Bogota D.C.;Bogotá, D.C. - Bogotá;SI
180000800;Bogotá-Bogota D.C.;Bogotá, D.C. - Bogotá;SI
3830102080;Bogotá-Bogota D.C.;Bogotá, D.C. - Bogotá;SI
179512317;Bogotá-Bogota D.C.;Bogotá, D.C. - Bogotá;SI
179853313;Bogotá-Bogota D.C.;Bogotá, D.C. - Bogotá;SI
179487287;Bogotá-Bogota D.C.;Bogotá, D.C. - Bogotá;SI
179435383;Bogotá-Bogota D.C.;Bogotá, D.C. - Bogotá;SI
180744362;Bogotá-Bogota D.C.;Bogotá, D.C. - Bogotá;SI
141591802;Bogotá-Bogota D.C.;Bogotá, D.C. - Bogotá;SI
11110535547;Bogotá-Bogota D.C.;Bogotá, D.C. - Bogotá;SI
111203804;Bogotá-Bogota D.C.;Bogotá, D.C. - Bogotá;SI
179356816;Bogotá-Bogota D.C.;Bogotá, D.C. - Bogotá;SI
193389907;Bogotá-Bogota D.C.;Bogotá, D.C. - Bogotá;SI
3860052980;Bogotá-Bogota D.C.;Bogotá, D.C. - Bogotá;SI
11018488408;Bogotá-Bogota D.C.;Bogotá, D.C. - Bogotá;SI
11110458068;Bogotá-Bogota D.C.;Bogotá, D.C. - Bogotá;SI
179890395;Bogotá-Bogota D.C.;Bogotá, D.C. - Bogotá;SI
119426416;Bogotá-Bogota D.C.;Bogotá, D.C. - Bogotá;SI
179884402;Bogotá-Bogota D.C.;Bogotá, D.C. - Bogotá;SI
180115680;Bogotá-Bogota D.C.;Bogotá, D.C. - Bogotá;SI
11016071203;Bogotá-Bogota D.C.;Bogotá, D.C. - Bogotá;SI
179247568;Bogotá-Bogota D.C.;Bogotá, D.C. - Bogotá;SI
119601710;Bogotá-Bogota D.C.;Bogotá, D.C. - Bogotá;SI
119193432;Bogotá-Bogota D.C.;Bogotá, D.C. - Bogotá;SI
3901028248;Bogotá-Bogota D.C.;Bogotá, D.C. - Bogotá;SI
119109645;Bogotá-Bogota D.C.;Bogotá, D.C. - Bogotá;SI
17330018;Bogotá-Bogota D.C.;Bogotá, D.C. - Bogotá;SI
3830104409;Bogotá-Bogota D.C.;Bogotá, D.C. - Bogotá;SI
153102005;Bogotá-Bogota D.C.;Bogotá, D.C. - Bogotá;SI
180168027;Bogotá-Bogota D.C.;Bogotá, D.C. - Bogotá;SI
180101539;Bogotá-Bogota D.C.;Bogotá, D.C. - Bogotá;SI
114469101;Bogotá-Bogota D.C.;Bogotá, D.C. - Bogotá;SI
119317616;Bogotá-Bogota D.C.;Bogotá, D.C. - Bogotá;SI
3900632594;Bogotá-Bogota D.C.;Bogotá, D.C. - Bogotá;SI
3900458998;Bogotá-Bogota D.C.;Bogotá, D.C. - Bogotá;SI
11026250225;Bogotá-Bogota D.C.;Bogotá, D.C. - Bogotá;SI
179388822;Bogotá-Bogota D.C.;Bogotá, D.C. - Bogotá;SI
186068674;Bogotá-Bogota D.C.;Bogotá, D.C. - Bogotá;SI
11022382684;Bogotá-Bogota D.C.;Bogotá, D.C. - Bogotá;SI
3800089040;Bogotá-Bogota D.C.;Bogotá, D.C. - Bogotá;SI
3901317228;Bogotá-Bogota D.C.;Bogotá, D.C. - Bogotá;SI
11001090544;Bogotá-Bogota D.C.;Bogotá, D.C. - Bogotá;SI
3830002655;Bogotá-Bogota D.C.;Bogotá, D.C. - Bogotá;SI
113072289;Bogotá-Bogota D.C.;Bogotá, D.C. - Bogotá;SI
149790999;Bogotá-Bogota D.C.;Bogotá, D.C. - Bogotá;SI
130403402;Bogotá-Bogota D.C.;Bogotá, D.C. - Bogotá;SI
11220475764;Bogotá-Bogota D.C.;Bogotá, D.C. - Bogotá;SI
186067419;Bogotá-Bogota D.C.;Bogotá, D.C. - Bogotá;SI
3901023168;Bogotá-Bogota D.C.;Bogotá, D.C. - Bogotá;SI
180035176;Bogotá-Bogota D.C.;Bogotá, D.C. - Bogotá;SI
11085250821;Bogotá-Bogota D.C.;Bogotá, D.C. - Bogotá;SI
111339606;Bogotá-Bogota D.C.;Bogotá, D.C. - Bogotá;SI
152862159;Bogotá-Bogota D.C.;Bogotá, D.C. - Bogotá;SI
3900268066;Bogotá-Bogota D.C.;Bogotá, D.C. - Bogotá;SI
1194952;Bogotá-Bogota D.C.;Bogotá, D.C. - Bogotá;SI
153060802;Bogotá-Bogota D.C.;Bogotá, D.C. - Bogotá;SI
119145095;Bogotá-Bogota D.C.;Bogotá, D.C. - Bogotá;SI
3900882759;Bogotá-Bogota D.C.;Bogotá, D.C. - Bogotá;SI
179661948;Bogotá-Bogota D.C.;Bogotá, D.C. - Bogotá;SI
120735116;Bogotá-Bogota D.C.;Bogotá, D.C. - Bogotá;SI
119123741;Bogotá-Bogota D.C.;Bogotá, D.C. - Bogotá;SI
11069583398;Bogotá-Bogota D.C.;Bogotá, D.C. - Bogotá;SI
179418322;Bogotá-Bogota D.C.;Bogotá, D.C. - Bogotá;SI
3900566554;Bogotá-Bogota D.C.;Bogotá, D.C. - Bogotá;SI
14245632;Bogotá-Bogota D.C.;Bogotá, D.C. - Bogotá;SI
11020721918;Bogotá-Bogota D.C.;Bogotá, D.C. - Bogotá;SI
3901502015;Bogotá-Bogota D.C.;Bogotá, D.C. - Bogotá;SI
179574897;Bogotá-Bogota D.C.;Bogotá, D.C. - Bogotá;SI
179590658;Bogotá-Bogota D.C.;Bogotá, D.C. - Bogotá;SI
180050243;Bogotá-Bogota D.C.;Bogotá, D.C. - Bogotá;SI
117037272;Bogotá-Bogota D.C.;Bogotá, D.C. - Bogotá;SI
11015395112;Bogotá-Bogota D.C.;Bogotá, D.C. - Bogotá;SI
179357954;Bogotá-Bogota D.C.;Bogotá, D.C. - Bogotá;SI
152718118;Bogotá-Bogota D.C.;Bogotá, D.C. - Bogotá;SI
3899999062;Bogotá-Bogota D.C.;Bogotá, D.C. - Bogotá;SI
116773278;Bogotá-Bogota D.C.;Bogotá, D.C. - Bogotá;SI
179111448;Bogotá-Bogota D.C.;Bogotá, D.C. - Bogotá;SI
186081706;Bogotá-Bogota D.C.;Bogotá, D.C. - Bogotá;SI
117586602;Bogotá-Bogota D.C.;Bogotá, D.C. - Bogotá;SI
3900356956;Bogotá-Bogota D.C.;Bogotá, D.C. - Bogotá;SI
3901129021;Bogotá-Bogota D.C.;Bogotá, D.C. - Bogotá;SI
3860518299;Bogotá-Bogota D.C.;Bogotá, D.C. - Bogotá;SI
3900335279;Bogotá-Bogota D.C.;Bogotá, D.C. - Bogotá;SI
110244455;Bogotá-Bogota D.C.;Bogotá, D.C. - Bogotá;SI
174187012;Bogotá-Bogota D.C.;Bogotá, D.C. - Bogotá;SI
11015473929;Bogotá-Bogota D.C.;Bogotá, D.C. - Bogotá;SI
11019054463;Bogotá-Bogota D.C.;Bogotá, D.C. - Bogotá;SI
180881848;Bogotá-Bogota D.C.;Bogotá, D.C. - Bogotá;SI
179943125;Bogotá-Bogota D.C.;Bogotá, D.C. - Bogotá;SI
3860025674;Bogotá-Bogota D.C.;Bogotá, D.C. - Bogotá;SI
3901106297;Bogotá-Bogota D.C.;Bogotá, D.C. - Bogotá;SI
3901111843;Bogotá-Bogota D.C.;Bogotá, D.C. - Bogotá;SI
117285155;Bogotá-Bogota D.C.;Bogotá, D.C. - Bogotá;SI
151973549;Bogotá-Bogota D.C.;Bogotá, D.C. - Bogotá;SI
3830127357;Bogotá-Bogota D.C.;Bogotá, D.C. - Bogotá;SI
11130611593;Bogotá-Bogota D.C.;Bogotá, D.C. - Bogotá;SI
3900109900;Bogotá-Bogota D.C.;Bogotá, D.C. - Bogotá;SI
180113693;Bogotá-Bogota D.C.;Bogotá, D.C. - Bogotá;SI
11033790201;Bogotá-Bogota D.C.;Bogotá, D.C. - Bogotá;SI
3844000518;Bogotá-Bogota D.C.;Bogotá, D.C. - Bogotá;SI
119145648;Bogotá-Bogota D.C.;Bogotá, D.C. - Bogotá;SI
152022379;Bogotá-Bogota D.C.;Bogotá, D.C. - Bogotá;SI
111447964;Bogotá-Bogota D.C.;Bogotá, D.C. - Bogotá;SI
3900535131;Bogotá-Bogota D.C.;Bogotá, D.C. - Bogotá;SI
11018444379;Bogotá-Bogota D.C.;Bogotá, D.C. - Bogotá;SI
3800251569;Bogotá-Bogota D.C.;Bogotá, D.C. - Bogotá;SI
171746584;Bogotá-Bogota D.C.;Bogotá, D.C. - Bogotá;SI
152836765;Bogotá-Bogota D.C.;Bogotá, D.C. - Bogotá;SI
152209232;Bogotá-Bogota D.C.;Bogotá, D.C. - Bogotá;SI
152867663;Bogotá-Bogota D.C.;Bogotá, D.C. - Bogotá;SI
179759222;Bogotá-Bogota D.C.;Bogotá, D.C. - Bogotá;SI
13197319;Bogotá-Bogota D.C.;Bogotá, D.C. - Bogotá;SI
180171871;Bogotá-Bogota D.C.;Bogotá, D.C. - Bogotá;SI
3832001912;Bogotá-Bogota D.C.;Bogotá, D.C. - Bogotá;SI
11012425940;Bogotá-Bogota D.C.;Bogotá, D.C. - Bogotá;SI
3860065656;Bogotá-Bogota D.C.;Bogotá, D.C. - Bogotá;SI
11018450786;Bogotá-Bogota D.C.;Bogotá, D.C. - Bogotá;SI
11075267534;Bogotá-Bogota D.C.;Bogotá, D.C. - Bogotá;SI
11018417677;Bogotá-Bogota D.C.;Bogotá, D.C. - Bogotá;SI
179435360;Bogotá-Bogota D.C.;Bogotá, D.C. - Bogotá;SI
117308895;Bogotá-Bogota D.C.;Bogotá, D.C. - Bogotá;SI
111186851;Bogotá-Bogota D.C.;Bogotá, D.C. - Bogotá;SI
11018469674;Bogotá-Bogota D.C.;Bogotá, D.C. - Bogotá;SI
180200048;Bogotá-Bogota D.C.;Bogotá, D.C. - Bogotá;SI
194526489;Bogotá-Bogota D.C.;Bogotá, D.C. - Bogotá;SI
180193263;Bogotá-Bogota D.C.;Bogotá, D.C. - Bogotá;SI
2295232;Bogotá-Bogota D.C.;Bogotá, D.C. - Bogotá;SI
3901578044;Bogotá-Bogota D.C.;Bogotá, D.C. - Bogotá;SI
11023912979;Bogotá-Bogota D.C.;Bogotá, D.C. - Bogotá;SI
3800203984;Bogotá-Bogota D.C.;Bogotá, D.C. - Bogotá;SI
180134506;Bogotá-Bogota D.C.;Bogotá, D.C. - Bogotá;SI
155063154;Bogotá-Bogota D.C.;Bogotá, D.C. - Bogotá;SI
179782804;Bogotá-Bogota D.C.;Bogotá, D.C. - Bogotá;SI
117420853;Bogotá-Bogota D.C.;Bogotá, D.C. - Bogotá;SI
171673064;Bogotá-Bogota D.C.;Bogotá, D.C. - Bogotá;SI
3830116000;Bogotá-Bogota D.C.;Bogotá, D.C. - Bogotá;SI
180264847;Bogotá-Bogota D.C.;Bogotá, D.C. - Bogotá;SI
180243742;Bogotá-Bogota D.C.;Bogotá, D.C. - Bogotá;SI
180084531;Bogotá-Bogota D.C.;Bogotá, D.C. - Bogotá;SI
180013486;Bogotá-Bogota D.C.;Bogotá, D.C. - Bogotá;SI
179442965;Bogotá-Bogota D.C.;Bogotá, D.C. - Bogotá;SI
179114998;Bogotá-Bogota D.C.;Bogotá, D.C. - Bogotá;SI
3900128917;Bogotá-Bogota D.C.;Bogotá, D.C. - Bogotá;SI
151619509;Bogotá-Bogota D.C.;Bogotá, D.C. - Bogotá;SI
3901362561;Bogotá-Bogota D.C.;Bogotá, D.C. - Bogotá;SI
11083875626;Bogotá-Bogota D.C.;Bogotá, D.C. - Bogotá;SI
179701119;Bogotá-Bogota D.C.;Bogotá, D.C. - Bogotá;SI
13034149;Bogotá-Bogota D.C.;Bogotá, D.C. - Bogotá;SI
11020762356;Bogotá-Bogota D.C.;Bogotá, D.C. - Bogotá;SI
174814845;Bogotá-Bogota D.C.;Bogotá, D.C. - Bogotá;SI
179788614;Bogotá-Bogota D.C.;Bogotá, D.C. - Bogotá;SI
117123260;Bogotá-Bogota D.C.;Bogotá, D.C. - Bogotá;SI
3901274741;Bogotá-Bogota D.C.;Bogotá, D.C. - Bogotá;SI
11020741900;Bogotá-Bogota D.C.;Bogotá, D.C. - Bogotá;SI
11018455130;Bogotá-Bogota D.C.;Bogotá, D.C. - Bogotá;SI
21012342879;Bogotá-Bogota D.C.;Bogotá, D.C. - Bogotá;SI
179568597;Bogotá-Bogota D.C.;Bogotá, D.C. - Bogotá;SI
180852794;Bogotá-Bogota D.C.;Bogotá, D.C. - Bogotá;SI
11000588041;Bogotá-Bogota D.C.;Bogotá, D.C. - Bogotá;SI
179711312;Bogotá-Bogota D.C.;Bogotá, D.C. - Bogotá;SI
180382709;Bogotá-Bogota D.C.;Bogotá, D.C. - Bogotá;SI
11022353725;Bogotá-Bogota D.C.;Bogotá, D.C. - Bogotá;SI
3900435931;Bogotá-Bogota D.C.;Bogotá, D.C. - Bogotá;SI
110536679;Bogotá-Bogota D.C.;Bogotá, D.C. - Bogotá;SI
179899779;Bogotá-Bogota D.C.;Bogotá, D.C. - Bogotá;SI
3860033653;Bogotá-Bogota D.C.;Bogotá, D.C. - Bogotá;SI
186084217;Bogotá-Bogota D.C.;Bogotá, D.C. - Bogotá;SI
111409961;Bogotá-Bogota D.C.;Bogotá, D.C. - Bogotá;SI
179840915;Bogotá-Bogota D.C.;Bogotá, D.C. - Bogotá;SI
119290201;Bogotá-Bogota D.C.;Bogotá, D.C. - Bogotá;SI
3901116909;Bogotá-Bogota D.C.;Bogotá, D.C. - Bogotá;SI
3900608408;Bogotá-Bogota D.C.;Bogotá, D.C. - Bogotá;SI
119363672;Bogotá-Bogota D.C.;Bogotá, D.C. - Bogotá;SI
180424368;Bogotá-Bogota D.C.;Bogotá, D.C. - Bogotá;SI
180186244;Bogotá-Bogota D.C.;Bogotá, D.C. - Bogotá;SI
119475980;Bogotá-Bogota D.C.;Bogotá, D.C. - Bogotá;SI
179505890;Bogotá-Bogota D.C.;Bogotá, D.C. - Bogotá;SI
119472289;Bogotá-Bogota D.C.;Bogotá, D.C. - Bogotá;SI
179795148;Bogotá-Bogota D.C.;Bogotá, D.C. - Bogotá;SI
121067517;Bogotá-Bogota D.C.;Bogotá, D.C. - Bogotá;SI
11018430501;Bogotá-Bogota D.C.;Bogotá, D.C. - Bogotá;SI
179814445;Bogotá-Bogota D.C.;Bogotá, D.C. - Bogotá;SI
180056636;Bogotá-Bogota D.C.;Bogotá, D.C. - Bogotá;SI
11026574580;Bogotá-Bogota D.C.;Bogotá, D.C. - Bogotá;SI
11020730742;Bogotá-Bogota D.C.;Bogotá, D.C. - Bogotá;SI
3900244521;Bogotá-Bogota D.C.;Bogotá, D.C. - Bogotá;SI
3901184407;Bogotá-Bogota D.C.;Bogotá, D.C. - Bogotá;SI
119365550;Bogotá-Bogota D.C.;Bogotá, D.C. - Bogotá;SI
179950240;Bogotá-Bogota D.C.;Bogotá, D.C. - Bogotá;SI
152796189;Bogotá-Bogota D.C.;Bogotá, D.C. - Bogotá;SI
180064261;Bogotá-Bogota D.C.;Bogotá, D.C. - Bogotá;SI
180502992;Bogotá-Bogota D.C.;Bogotá, D.C. - Bogotá;SI
141747636;Bogotá-Bogota D.C.;Bogotá, D.C. - Bogotá;SI
179565926;Bogotá-Bogota D.C.;Bogotá, D.C. - Bogotá;SI
110248916;Bogotá-Bogota D.C.;Bogotá, D.C. - Bogotá;SI
11023934894;Bogotá-Bogota D.C.;Bogotá, D.C. - Bogotá;SI
119356989;Bogotá-Bogota D.C.;Bogotá, D.C. - Bogotá;SI
186011034;Bogotá-Bogota D.C.;Bogotá, D.C. - Bogotá;SI
3901459244;Bogotá-Bogota D.C.;Bogotá, D.C. - Bogotá;SI
152367773;Bogotá-Bogota D.C.;Bogotá, D.C. - Bogotá;SI
170416604;Bogotá-Bogota D.C.;Bogotá, D.C. - Bogotá;SI
180850751;Bogotá-Bogota D.C.;Bogotá, D.C. - Bogotá;SI
180118139;Bogotá-Bogota D.C.;Bogotá, D.C. - Bogotá;SI
3900409736;Bogotá-Bogota D.C.;Bogotá, D.C. - Bogotá;SI
141640258;Bogotá-Bogota D.C.;Bogotá, D.C. - Bogotá;SI
3900303169;Bogotá-Bogota D.C.;Bogotá, D.C. - Bogotá;SI
119362740;Bogotá-Bogota D.C.;Bogotá, D.C. - Bogotá;SI
186057199;Bogotá-Bogota D.C.;Bogotá, D.C. - Bogotá;SI
112207646;Bogotá-Bogota D.C.;Bogotá, D.C. - Bogotá;SI
179627349;Bogotá-Bogota D.C.;Bogotá, D.C. - Bogotá;SI
3830103458;Bogotá-Bogota D.C.;Bogotá, D.C. - Bogotá;SI
114253811;Bogotá-Bogota D.C.;Bogotá, D.C. - Bogotá;SI
3900966969;Bogotá-Bogota D.C.;Bogotá, D.C. - Bogotá;SI
3830034400;Bogotá-Bogota D.C.;Bogotá, D.C. - Bogotá;SI
3900222435;Bogotá-Bogota D.C.;Bogotá, D.C. - Bogotá;SI
179061173;Bogotá-Bogota D.C.;Bogotá, D.C. - Bogotá;SI
113536011;Bogotá-Bogota D.C.;Bogotá, D.C. - Bogotá;SI
179324342;Bogotá-Bogota D.C.;Bogotá, D.C. - Bogotá;SI
179390819;Bogotá-Bogota D.C.;Bogotá, D.C. - Bogotá;SI
3830001337;Bogotá-Bogota D.C.;Bogotá, D.C. - Bogotá;SI
3900972833;Bogotá-Bogota D.C.;Bogotá, D.C. - Bogotá;SI
3901593057;Bogotá-Bogota D.C.;Bogotá, D.C. - Bogotá;SI
3900542971;Bogotá-Bogota D.C.;Bogotá, D.C. - Bogotá;SI
3830030964;Bogotá-Bogota D.C.;Bogotá, D.C. - Bogotá;SI
3900550189;Bogotá-Bogota D.C.;Bogotá, D.C. - Bogotá;SI
119168284;Bogotá-Bogota D.C.;Bogotá, D.C. - Bogotá;SI
3901327959;Bogotá-Bogota D.C.;Bogotá, D.C. - Bogotá;SI
3900640601;Bogotá-Bogota D.C.;Bogotá, D.C. - Bogotá;SI
11030674547;Bogotá-Bogota D.C.;Bogotá, D.C. - Bogotá;SI
179953739;Bogotá-Bogota D.C.;Bogotá, D.C. - Bogotá;SI
3901390736;Bogotá-Bogota D.C.;Bogotá, D.C. - Bogotá;SI
179593818;Bogotá-Bogota D.C.;Bogotá, D.C. - Bogotá;SI
15821594;Bogotá-Bogota D.C.;Bogotá, D.C. - Bogotá;SI
179579658;Bogotá-Bogota D.C.;Bogotá, D.C. - Bogotá;SI
3900685348;Bogotá-Bogota D.C.;Bogotá, D.C. - Bogotá;SI
180717655;Bogotá-Bogota D.C.;Bogotá, D.C. - Bogotá;SI
2393480;Bogotá-Bogota D.C.;Bogotá, D.C. - Bogotá;SI
16090179;Bogotá-Bogota D.C.;Bogotá, D.C. - Bogotá;SI
140420093;Bogotá-Bogota D.C.;Bogotá, D.C. - Bogotá;SI
111323209;Bogotá-Bogota D.C.;Bogotá, D.C. - Bogotá;SI
3900894991;Bogotá-Bogota D.C.;Bogotá, D.C. - Bogotá;SI
111510311;Bogotá-Bogota D.C.;Bogotá, D.C. - Bogotá;SI
180089696;Bogotá-Bogota D.C.;Bogotá, D.C. - Bogotá;SI
11032385227;Bogotá-Bogota D.C.;Bogotá, D.C. - Bogotá;SI
3900649119;Bogotá-Bogota D.C.;Bogotá, D.C. - Bogotá;SI
121067570;Bogotá-Bogota D.C.;Bogotá, D.C. - Bogotá;SI
179998710;Bogotá-Bogota D.C.;Bogotá, D.C. - Bogotá;SI
11018420332;Bogotá-Bogota D.C.;Bogotá, D.C. - Bogotá;SI
179779640;Bogotá-Bogota D.C.;Bogotá, D.C. - Bogotá;SI
3900604997;Bogotá-Bogota D.C.;Bogotá, D.C. - Bogotá;SI
179857239;Bogotá-Bogota D.C.;Bogotá, D.C. - Bogotá;SI
151751461;Bogotá-Bogota D.C.;Bogotá, D.C. - Bogotá;SI
141662378;Bogotá-Bogota D.C.;Bogotá, D.C. - Bogotá;SI
11023880317;Bogotá-Bogota D.C.;Bogotá, D.C. - Bogotá;SI
111256540;Bogotá-Bogota D.C.;Bogotá, D.C. - Bogotá;SI
3830043648;Bogotá-Bogota D.C.;Bogotá, D.C. - Bogotá;SI
16765214;Bogotá-Bogota D.C.;Bogotá, D.C. - Bogotá;SI
179394916;Bogotá-Bogota D.C.;Bogotá, D.C. - Bogotá;SI
17330354;Bogotá-Bogota D.C.;Bogotá, D.C. - Bogotá;SI
165781491;Bogotá-Bogota D.C.;Bogotá, D.C. - Bogotá;SI
3800066758;Bogotá-Bogota D.C.;Bogotá, D.C. - Bogotá;SI
3800155875;Bogotá-Bogota D.C.;Bogotá, D.C. - Bogotá;SI
111411384;Bogotá-Bogota D.C.;Bogotá, D.C. - Bogotá;SI
128011745;Bogotá-Bogota D.C.;Bogotá, D.C. - Bogotá;SI
3830098200;Bogotá-Bogota D.C.;Bogotá, D.C. - Bogotá;SI
3890800718;Bogotá-Bogota D.C.;Bogotá, D.C. - Bogotá;SI
11018418354;Bogotá-Bogota D.C.;Bogotá, D.C. - Bogotá;SI
3900424715;Bogotá-Bogota D.C.;Bogotá, D.C. - Bogotá;SI
11072618170;Bogotá-Bogota D.C.;Bogotá, D.C. - Bogotá;SI
179514825;Bogotá-Bogota D.C.;Bogotá, D.C. - Bogotá;SI
3890500726;Bogotá-Bogota D.C.;Bogotá, D.C. - Bogotá;SI
11018436776;Bogotá-Bogota D.C.;Bogotá, D.C. - Bogotá;SI
180495510;Bogotá-Bogota D.C.;Bogotá, D.C. - Bogotá;SI
3830104572;Bogotá-Bogota D.C.;Bogotá, D.C. - Bogotá;SI
179458786;Bogotá-Bogota D.C.;Bogotá, D.C. - Bogotá;SI
179123990;Bogotá-Bogota D.C.;Bogotá, D.C. - Bogotá;SI
179905660;Bogotá-Bogota D.C.;Bogotá, D.C. - Bogotá;SI
152472938;Bogotá-Bogota D.C.;Bogotá, D.C. - Bogotá;SI
180259636;Bogotá-Bogota D.C.;Bogotá, D.C. - Bogotá;SI
179218288;Bogotá-Bogota D.C.;Bogotá, D.C. - Bogotá;SI
3900468628;Bogotá-Bogota D.C.;Bogotá, D.C. - Bogotá;SI
3900148698;Bogotá-Bogota D.C.;Bogotá, D.C. - Bogotá;SI
119427134;Bogotá-Bogota D.C.;Bogotá, D.C. - Bogotá;SI
180826247;Bogotá-Bogota D.C.;Bogotá, D.C. - Bogotá;SI
11136885281;Bogotá-Bogota D.C.;Bogotá, D.C. - Bogotá;SI
3900349429;Bogotá-Bogota D.C.;Bogotá, D.C. - Bogotá;SI
3900366070;Bogotá-Bogota D.C.;Bogotá, D.C. - Bogotá;SI
179754578;Bogotá-Bogota D.C.;Bogotá, D.C. - Bogotá;SI
11073231832;Bogotá-Bogota D.C.;Bogotá, D.C. - Bogotá;SI
11019012032;Bogotá-Bogota D.C.;Bogotá, D.C. - Bogotá;SI
3900649985;Bogotá-Bogota D.C.;Bogotá, D.C. - Bogotá;SI
180135249;Bogotá-Bogota D.C.;Bogotá, D.C. - Bogotá;SI
176321974;Bogotá-Bogota D.C.;Bogotá, D.C. - Bogotá;SI
119447300;Bogotá-Bogota D.C.;Bogotá, D.C. - Bogotá;SI
3900712241;Bogotá-Bogota D.C.;Bogotá, D.C. - Bogotá;SI
180084136;Bogotá-Bogota D.C.;Bogotá, D.C. - Bogotá;SI
2162085;Bogotá-Bogota D.C.;Bogotá, D.C. - Bogotá;SI
11022374551;Bogotá-Bogota D.C.;Bogotá, D.C. - Bogotá;SI
179836881;Bogotá-Bogota D.C.;Bogotá, D.C. - Bogotá;SI
3900857160;Bogotá-Bogota D.C.;Bogotá, D.C. - Bogotá;SI
179408690;Bogotá-Bogota D.C.;Bogotá, D.C. - Bogotá;SI
3860049921;Bogotá-Bogota D.C.;Bogotá, D.C. - Bogotá;SI
11032445165;Bogotá-Bogota D.C.;Bogotá, D.C. - Bogotá;SI
179790289;Bogotá-Bogota D.C.;Bogotá, D.C. - Bogotá;SI
3900076978;Bogotá-Bogota D.C.;Bogotá, D.C. - Bogotá;SI
180159224;Bogotá-Bogota D.C.;Bogotá, D.C. - Bogotá;SI
179647971;Bogotá-Bogota D.C.;Bogotá, D.C. - Bogotá;SI
3830061945;Bogotá-Bogota D.C.;Bogotá, D.C. - Bogotá;SI
120645515;Bogotá-Bogota D.C.;Bogotá, D.C. - Bogotá;SI
152423622;Bogotá-Bogota D.C.;Bogotá, D.C. - Bogotá;SI
179266290;Bogotá-Bogota D.C.;Bogotá, D.C. - Bogotá;SI
179065336;Bogotá-Bogota D.C.;Bogotá, D.C. - Bogotá;SI
3830098260;Bogotá-Bogota D.C.;Bogotá, D.C. - Bogotá;SI
19497391;Bogotá-Bogota D.C.;Bogotá, D.C. - Bogotá;SI
3830125479;Bogotá-Bogota D.C.;Bogotá, D.C. - Bogotá;SI
14051201;Bogotá-Bogota D.C.;Bogotá, D.C. - Bogotá;SI
3900509062;Bogotá-Bogota D.C.;Bogotá, D.C. - Bogotá;SI
179565747;Bogotá-Bogota D.C.;Bogotá, D.C. - Bogotá;SI
3901076170;Bogotá-Bogota D.C.;Bogotá, D.C. - Bogotá;SI
3830088774;Bogotá-Bogota D.C.;Bogotá, D.C. - Bogotá;SI
153003887;Bogotá-Bogota D.C.;Bogotá, D.C. - Bogotá;SI
119354262;Bogotá-Bogota D.C.;Bogotá, D.C. - Bogotá;SI
179764604;Bogotá-Bogota D.C.;Bogotá, D.C. - Bogotá;SI
179895813;Bogotá-Bogota D.C.;Bogotá, D.C. - Bogotá;SI
3900181901;Bogotá-Bogota D.C.;Bogotá, D.C. - Bogotá;SI
11020761143;Bogotá-Bogota D.C.;Bogotá, D.C. - Bogotá;SI
152345671;Bogotá-Bogota D.C.;Bogotá, D.C. - Bogotá;SI
152713599;Bogotá-Bogota D.C.;Bogotá, D.C. - Bogotá;SI
179210191;Bogotá-Bogota D.C.;Bogotá, D.C. - Bogotá;SI
3900170865;Bogotá-Bogota D.C.;Bogotá, D.C. - Bogotá;SI
179791654;Bogotá-Bogota D.C.;Bogotá, D.C. - Bogotá;SI
131376833;Bogotá-Bogota D.C.;Bogotá, D.C. - Bogotá;SI
3901649847;Bogotá-Bogota D.C.;Bogotá, D.C. - Bogotá;SI
180091399;Bogotá-Bogota D.C.;Bogotá, D.C. - Bogotá;SI
11000338066;Bogotá-Bogota D.C.;Bogotá, D.C. - Bogotá;SI
179524684;Bogotá-Bogota D.C.;Bogotá, D.C. - Bogotá;SI
11030567148;Bogotá-Bogota D.C.;Bogotá, D.C. - Bogotá;SI
13187568;Bogotá-Bogota D.C.;Bogotá, D.C. - Bogotá;SI
3901127112;Bogotá-Bogota D.C.;Bogotá, D.C. - Bogotá;SI
3860002566;Bogotá-Bogota D.C.;Bogotá, D.C. - Bogotá;SI
117109449;Bogotá-Bogota D.C.;Bogotá, D.C. - Bogotá;SI
3901427356;Bogotá-Bogota D.C.;Bogotá, D.C. - Bogotá;SI
3900341635;Bogotá-Bogota D.C.;Bogotá, D.C. - Bogotá;SI
188135866;Bogotá-Bogota D.C.;Bogotá, D.C. - Bogotá;SI
180470364;Bogotá-Bogota D.C.;Bogotá, D.C. - Bogotá;SI
179797607;Bogotá-Bogota D.C.;Bogotá, D.C. - Bogotá;SI
152264409;Bogotá-Bogota D.C.;Bogotá, D.C. - Bogotá;SI
11020762620;Bogotá-Bogota D.C.;Bogotá, D.C. - Bogotá;SI
19525895;Bogotá-Bogota D.C.;Bogotá, D.C. - Bogotá;SI
3860079913;Bogotá-Bogota D.C.;Bogotá, D.C. - Bogotá;SI
119303480;Bogotá-Bogota D.C.;Bogotá, D.C. - Bogotá;SI
3900508906;Bogotá-Bogota D.C.;Bogotá, D.C. - Bogotá;SI
3900666294;Bogotá-Bogota D.C.;Bogotá, D.C. - Bogotá;SI
179445373;Bogotá-Bogota D.C.;Bogotá, D.C. - Bogotá;SI
180811913;Bogotá-Bogota D.C.;Bogotá, D.C. - Bogotá;SI
179855255;Bogotá-Bogota D.C.;Bogotá, D.C. - Bogotá;SI
3901153903;Bogotá-Bogota D.C.;Bogotá, D.C. - Bogotá;SI
179898804;Bogotá-Bogota D.C.;Bogotá, D.C. - Bogotá;SI
179942410;Bogotá-Bogota D.C.;Bogotá, D.C. - Bogotá;SI
11000794062;Bogotá-Bogota D.C.;Bogotá, D.C. - Bogotá;SI
152786339;Bogotá-Bogota D.C.;Bogotá, D.C. - Bogotá;SI
179304122;Bogotá-Bogota D.C.;Bogotá, D.C. - Bogotá;SI
180039828;Bogotá-Bogota D.C.;Bogotá, D.C. - Bogotá;SI
170114181;Bogotá-Bogota D.C.;Bogotá, D.C. - Bogotá;SI
179486521;Bogotá-Bogota D.C.;Bogotá, D.C. - Bogotá;SI
3901269152;Bogotá-Bogota D.C.;Bogotá, D.C. - Bogotá;SI
11032414824;Bogotá-Bogota D.C.;Bogotá, D.C. - Bogotá;SI
3900160119;Bogotá-Bogota D.C.;Bogotá, D.C. - Bogotá;SI
11018424533;Bogotá-Bogota D.C.;Bogotá, D.C. - Bogotá;SI
11053809184;Bogotá-Bogota D.C.;Bogotá, D.C. - Bogotá;SI
152732725;Bogotá-Bogota D.C.;Bogotá, D.C. - Bogotá;SI
3900295495;Bogotá-Bogota D.C.;Bogotá, D.C. - Bogotá;SI
120645355;Bogotá-Bogota D.C.;Bogotá, D.C. - Bogotá;SI
179158868;Bogotá-Bogota D.C.;Bogotá, D.C. - Bogotá;SI
11012335170;Bogotá-Bogota D.C.;Bogotá, D.C. - Bogotá;SI
179700517;Bogotá-Bogota D.C.;Bogotá, D.C. - Bogotá;SI
3900650888;Bogotá-Bogota D.C.;Bogotá, D.C. - Bogotá;SI
180420696;Bogotá-Bogota D.C.;Bogotá, D.C. - Bogotá;SI
179836676;Bogotá-Bogota D.C.;Bogotá, D.C. - Bogotá;SI
179620994;Bogotá-Bogota D.C.;Bogotá, D.C. - Bogotá;SI
179789995;Bogotá-Bogota D.C.;Bogotá, D.C. - Bogotá;SI
3900664350;Bogotá-Bogota D.C.;Bogotá, D.C. - Bogotá;SI
180083805;Bogotá-Bogota D.C.;Bogotá, D.C. - Bogotá;SI
3860069368;Bogotá-Bogota D.C.;Bogotá, D.C. - Bogotá;SI
180774531;Bogotá-Bogota D.C.;Bogotá, D.C. - Bogotá;SI
122466955;Bogotá-Bogota D.C.;Bogotá, D.C. - Bogotá;SI
3830117364;Bogotá-Bogota D.C.;Bogotá, D.C. - Bogotá;SI
116072067;Bogotá-Bogota D.C.;Bogotá, D.C. - Bogotá;SI
3901027496;Bogotá-Bogota D.C.;Bogotá, D.C. - Bogotá;SI
179279707;Bogotá-Bogota D.C.;Bogotá, D.C. - Bogotá;SI
3901359350;Bogotá-Bogota D.C.;Bogotá, D.C. - Bogotá;SI
152664633;Bogotá-Bogota D.C.;Bogotá, D.C. - Bogotá;SI
3830083272;Bogotá-Bogota D.C.;Bogotá, D.C. - Bogotá;SI
179283278;Bogotá-Bogota D.C.;Bogotá, D.C. - Bogotá;SI
151896259;Bogotá-Bogota D.C.;Bogotá, D.C. - Bogotá;SI
11071164242;Bogotá-Bogota D.C.;Bogotá, D.C. - Bogotá;SI
11014244645;Bogotá-Bogota D.C.;Bogotá, D.C. - Bogotá;SI
3860065203;Bogotá-Bogota D.C.;Bogotá, D.C. - Bogotá;SI
179730607;Bogotá-Bogota D.C.;Bogotá, D.C. - Bogotá;SI
152211516;Bogotá-Bogota D.C.;Bogotá, D.C. - Bogotá;SI
17479056;Bogotá-Bogota D.C.;Bogotá, D.C. - Bogotá;SI
3900078130;Bogotá-Bogota D.C.;Bogotá, D.C. - Bogotá;SI
187218078;Bogotá-Bogota D.C.;Bogotá, D.C. - Bogotá;SI
117417475;Bogotá-Bogota D.C.;Bogotá, D.C. - Bogotá;SI
3900194944;Bogotá-Bogota D.C.;Bogotá, D.C. - Bogotá;SI
3900253546;Bogotá-Bogota D.C.;Bogotá, D.C. - Bogotá;SI
180136614;Bogotá-Bogota D.C.;Bogotá, D.C. - Bogotá;SI
180111613;Bogotá-Bogota D.C.;Bogotá, D.C. - Bogotá;SI
3900651121;Bogotá-Bogota D.C.;Bogotá, D.C. - Bogotá;SI
179334988;Bogotá-Bogota D.C.;Bogotá, D.C. - Bogotá;SI
180717818;Bogotá-Bogota D.C.;Bogotá, D.C. - Bogotá;SI
11013588096;Bogotá-Bogota D.C.;Bogotá, D.C. - Bogotá;SI
180492945;Bogotá-Bogota D.C.;Bogotá, D.C. - Bogotá;SI
179960870;Bogotá-Bogota D.C.;Bogotá, D.C. - Bogotá;SI
151596547;Bogotá-Bogota D.C.;Bogotá, D.C. - Bogotá;SI
3800145882;Bogotá-Bogota D.C.;Bogotá, D.C. - Bogotá;SI
141633383;Bogotá-Bogota D.C.;Bogotá, D.C. - Bogotá;SI
11125979102;Bogotá-Bogota D.C.;Bogotá, D.C. - Bogotá;SI
152047822;Bogotá-Bogota D.C.;Bogotá, D.C. - Bogotá;SI
3900298370;Bogotá-Bogota D.C.;Bogotá, D.C. - Bogotá;SI
119292396;Bogotá-Bogota D.C.;Bogotá, D.C. - Bogotá;SI
191286612;Bogotá-Bogota D.C.;Bogotá, D.C. - Bogotá;SI
3830118447;Bogotá-Bogota D.C.;Bogotá, D.C. - Bogotá;SI
179397699;Bogotá-Bogota D.C.;Bogotá, D.C. - Bogotá;SI
179880517;Bogotá-Bogota D.C.;Bogotá, D.C. - Bogotá;SI
119499196;Bogotá-Bogota D.C.;Bogotá, D.C. - Bogotá;SI
11020774889;Bogotá-Bogota D.C.;Bogotá, D.C. - Bogotá;SI
3830098096;Bogotá-Bogota D.C.;Bogotá, D.C. - Bogotá;SI
11010212417;Bogotá-Bogota D.C.;Bogotá, D.C. - Bogotá;SI
11010199992;Bogotá-Bogota D.C.;Bogotá, D.C. - Bogotá;SI
140378889;Bogotá-Bogota D.C.;Bogotá, D.C. - Bogotá;SI
180210200;Bogotá-Bogota D.C.;Bogotá, D.C. - Bogotá;SI
180108083;Bogotá-Bogota D.C.;Bogotá, D.C. - Bogotá;SI
179324101;Bogotá-Bogota D.C.;Bogotá, D.C. - Bogotá;SI
153041022;Bogotá-Bogota D.C.;Bogotá, D.C. - Bogotá;SI
180024762;Bogotá-Bogota D.C.;Bogotá, D.C. - Bogotá;SI
3900662902;Bogotá-Bogota D.C.;Bogotá, D.C. - Bogotá;SI
3800191726;Bogotá-Bogota D.C.;Bogotá, D.C. - Bogotá;SI
119399076;Bogotá-Bogota D.C.;Bogotá, D.C. - Bogotá;SI
179852177;Bogotá-Bogota D.C.;Bogotá, D.C. - Bogotá;SI
11023163140;Bogotá-Bogota D.C.;Bogotá, D.C. - Bogotá;SI
180826321;Bogotá-Bogota D.C.;Bogotá, D.C. - Bogotá;SI
3900304920;Bogotá-Bogota D.C.;Bogotá, D.C. - Bogotá;SI
152428169;Bogotá-Bogota D.C.;Bogotá, D.C. - Bogotá;SI
179802256;Bogotá-Bogota D.C.;Bogotá, D.C. - Bogotá;SI
140217604;Bogotá-Bogota D.C.;Bogotá, D.C. - Bogotá;SI
3900367920;Bogotá-Bogota D.C.;Bogotá, D.C. - Bogotá;SI
180090823;Bogotá-Bogota D.C.;Bogotá, D.C. - Bogotá;SI
193286771;Bogotá-Bogota D.C.;Bogotá, D.C. - Bogotá;SI
179449904;Bogotá-Bogota D.C.;Bogotá, D.C. - Bogotá;SI
179707729;Bogotá-Bogota D.C.;Bogotá, D.C. - Bogotá;SI
11020730787;Bogotá-Bogota D.C.;Bogotá, D.C. - Bogotá;SI
3900239039;Bogotá-Bogota D.C.;Bogotá, D.C. - Bogotá;SI
119410186;Bogotá-Bogota D.C.;Bogotá, D.C. - Bogotá;SI
3901091875;Bogotá-Bogota D.C.;Bogotá, D.C. - Bogotá;SI
3901371020;Bogotá-Bogota D.C.;Bogotá, D.C. - Bogotá;SI
179041409;Bogotá-Bogota D.C.;Bogotá, D.C. - Bogotá;SI
140993157;Bogotá-Bogota D.C.;Bogotá, D.C. - Bogotá;SI
179779863;Bogotá-Bogota D.C.;Bogotá, D.C. - Bogotá;SI
3900661225;Bogotá-Bogota D.C.;Bogotá, D.C. - Bogotá;SI
3901667124;Bogotá-Bogota D.C.;Bogotá, D.C. - Bogotá;SI
3900183046;Bogotá-Bogota D.C.;Bogotá, D.C. - Bogotá;SI
114244185;Bogotá-Bogota D.C.;Bogotá, D.C. - Bogotá;SI
11013593310;Bogotá-Bogota D.C.;Bogotá, D.C. - Bogotá;SI
191518326;Bogotá-Bogota D.C.;Bogotá, D.C. - Bogotá;SI
3901267213;Bogotá-Bogota D.C.;Bogotá, D.C. - Bogotá;SI
11019037108;Bogotá-Bogota D.C.;Bogotá, D.C. - Bogotá;SI
11098700541;Bogotá-Bogota D.C.;Bogotá, D.C. - Bogotá;SI
3860066818;Bogotá-Bogota D.C.;Bogotá, D.C. - Bogotá;SI
179665591;Bogotá-Bogota D.C.;Bogotá, D.C. - Bogotá;SI
179146823;Bogotá-Bogota D.C.;Bogotá, D.C. - Bogotá;SI
139674356;Bogotá-Bogota D.C.;Bogotá, D.C. - Bogotá;SI
180413544;Bogotá-Bogota D.C.;Bogotá, D.C. - Bogotá;SI
11085262418;Bogotá-Bogota D.C.;Bogotá, D.C. - Bogotá;SI
119493875;Bogotá-Bogota D.C.;Bogotá, D.C. - Bogotá;SI
179650662;Bogotá-Bogota D.C.;Bogotá, D.C. - Bogotá;SI
179907617;Bogotá-Bogota D.C.;Bogotá, D.C. - Bogotá;SI
119339158;Bogotá-Bogota D.C.;Bogotá, D.C. - Bogotá;SI
11049618372;Bogotá-Bogota D.C.;Bogotá, D.C. - Bogotá;SI
13026997;Bogotá-Bogota D.C.;Bogotá, D.C. - Bogotá;SI
179956716;Bogotá-Bogota D.C.;Bogotá, D.C. - Bogotá;SI
119251626;Bogotá-Bogota D.C.;Bogotá, D.C. - Bogotá;SI
179729897;Bogotá-Bogota D.C.;Bogotá, D.C. - Bogotá;SI
179611491;Bogotá-Bogota D.C.;Bogotá, D.C. - Bogotá;SI
180226836;Bogotá-Bogota D.C.;Bogotá, D.C. - Bogotá;SI
152227060;Bogotá-Bogota D.C.;Bogotá, D.C. - Bogotá;SI
3830005243;Bogotá-Bogota D.C.;Bogotá, D.C. - Bogotá;SI
198626526;Bogotá-Bogota D.C.;Bogotá, D.C. - Bogotá;SI
120532441;Bogotá-Bogota D.C.;Bogotá, D.C. - Bogotá;SI
117317189;Bogotá-Bogota D.C.;Bogotá, D.C. - Bogotá;SI
152060634;Bogotá-Bogota D.C.;Bogotá, D.C. - Bogotá;SI
11136881856;Bogotá-Bogota D.C.;Bogotá, D.C. - Bogotá;SI
170033867;Bogotá-Bogota D.C.;Bogotá, D.C. - Bogotá;SI
3860060094;Bogotá-Bogota D.C.;Bogotá, D.C. - Bogotá;SI
111339715;Bogotá-Bogota D.C.;Bogotá, D.C. - Bogotá;SI
152056085;Bogotá-Bogota D.C.;Bogotá, D.C. - Bogotá;SI
3901523789;Bogotá-Bogota D.C.;Bogotá, D.C. - Bogotá;SI
11031121905;Bogotá-Bogota D.C.;Bogotá, D.C. - Bogotá;SI
152451963;Bogotá-Bogota D.C.;Bogotá, D.C. - Bogotá;SI
152760584;Bogotá-Bogota D.C.;Bogotá, D.C. - Bogotá;SI
179158302;Bogotá-Bogota D.C.;Bogotá, D.C. - Bogotá;SI
3860450793;Bogotá-Bogota D.C.;Bogotá, D.C. - Bogotá;SI
13143966;Bogotá-Bogota D.C.;Bogotá, D.C. - Bogotá;SI
179525924;Bogotá-Bogota D.C.;Bogotá, D.C. - Bogotá;SI
3901344150;Bogotá-Bogota D.C.;Bogotá, D.C. - Bogotá;SI
180028817;Bogotá-Bogota D.C.;Bogotá, D.C. - Bogotá;SI
180430578;Bogotá-Bogota D.C.;Bogotá, D.C. - Bogotá;SI
117124419;Bogotá-Bogota D.C.;Bogotá, D.C. - Bogotá;SI
3901112024;Bogotá-Bogota D.C.;Bogotá, D.C. - Bogotá;SI
13005145;Bogotá-Bogota D.C.;Bogotá, D.C. - Bogotá;SI
119432927;Bogotá-Bogota D.C.;Bogotá, D.C. - Bogotá;SI
180504298;Bogotá-Bogota D.C.;Bogotá, D.C. - Bogotá;SI
179737556;Bogotá-Bogota D.C.;Bogotá, D.C. - Bogotá;SI
3800210758;Bogotá-Bogota D.C.;Bogotá, D.C. - Bogotá;SI
3901514475;Bogotá-Bogota D.C.;Bogotá, D.C. - Bogotá;SI
3800009973;Bogotá-Bogota D.C.;Bogotá, D.C. - Bogotá;SI
3901184493;Bogotá-Bogota D.C.;Bogotá, D.C. - Bogotá;SI
3900925074;Bogotá-Bogota D.C.;Bogotá, D.C. - Bogotá;SI
117345078;Bogotá-Bogota D.C.;Bogotá, D.C. - Bogotá;SI
11010164302;Bogotá-Bogota D.C.;Bogotá, D.C. - Bogotá;SI
2734263;Bogotá-Bogota D.C.;Bogotá, D.C. - Bogotá;SI
119440437;Bogotá-Bogota D.C.;Bogotá, D.C. - Bogotá;SI
112228941;Bogotá-Bogota D.C.;Bogotá, D.C. - Bogotá;SI
3900424000;Bogotá-Bogota D.C.;Bogotá, D.C. - Bogotá;SI
3890322294;Bogotá-Bogota D.C.;Bogotá, D.C. - Bogotá;SI
179527820;Bogotá-Bogota D.C.;Bogotá, D.C. - Bogotá;SI
3901369436;Bogotá-Bogota D.C.;Bogotá, D.C. - Bogotá;SI
3900657620;Bogotá-Bogota D.C.;Bogotá, D.C. - Bogotá;SI
179591859;Bogotá-Bogota D.C.;Bogotá, D.C. - Bogotá;SI
3900596502;Bogotá-Bogota D.C.;Bogotá, D.C. - Bogotá;SI
3800137486;Bogotá-Bogota D.C.;Bogotá, D.C. - Bogotá;SI
152856071;Bogotá-Bogota D.C.;Bogotá, D.C. - Bogotá;SI
11121921125;Bogotá-Bogota D.C.;Bogotá, D.C. - Bogotá;SI
180027616;Bogotá-Bogota D.C.;Bogotá, D.C. - Bogotá;SI
11065579116;Bogotá-Bogota D.C.;Bogotá, D.C. - Bogotá;SI
11032366327;Bogotá-Bogota D.C.;Bogotá, D.C. - Bogotá;SI
3830125458;Bogotá-Bogota D.C.;Bogotá, D.C. - Bogotá;SI
140402782;Bogotá-Bogota D.C.;Bogotá, D.C. - Bogotá;SI
11010227883;Bogotá-Bogota D.C.;Bogotá, D.C. - Bogotá;SI
120685649;Bogotá-Bogota D.C.;Bogotá, D.C. - Bogotá;SI
3860020240;Bogotá-Bogota D.C.;Bogotá, D.C. - Bogotá;SI
179565127;Bogotá-Bogota D.C.;Bogotá, D.C. - Bogotá;SI
179624293;Bogotá-Bogota D.C.;Bogotá, D.C. - Bogotá;SI
3901167050;Bogotá-Bogota D.C.;Bogotá, D.C. - Bogotá;SI
111789598;Bogotá-Bogota D.C.;Bogotá, D.C. - Bogotá;SI
116070735;Bogotá-Bogota D.C.;Bogotá, D.C. - Bogotá;SI
152075420;Bogotá-Bogota D.C.;Bogotá, D.C. - Bogotá;SI
179799786;Bogotá-Bogota D.C.;Bogotá, D.C. - Bogotá;SI
11016009006;Bogotá-Bogota D.C.;Bogotá, D.C. - Bogotá;SI
179404298;Bogotá-Bogota D.C.;Bogotá, D.C. - Bogotá;SI
3900974484;Bogotá-Bogota D.C.;Bogotá, D.C. - Bogotá;SI
180061899;Bogotá-Bogota D.C.;Bogotá, D.C. - Bogotá;SI
166711684;Bogotá-Bogota D.C.;Bogotá, D.C. - Bogotá;SI
11030548468;Bogotá-Bogota D.C.;Bogotá, D.C. - Bogotá;SI
151855725;Bogotá-Bogota D.C.;Bogotá, D.C. - Bogotá;SI
3900556332;Bogotá-Bogota D.C.;Bogotá, D.C. - Bogotá;SI
180409037;Bogotá-Bogota D.C.;Bogotá, D.C. - Bogotá;SI
179305577;Bogotá-Bogota D.C.;Bogotá, D.C. - Bogotá;SI
3900997618;Bogotá-Bogota D.C.;Bogotá, D.C. - Bogotá;SI
11016015835;Bogotá-Bogota D.C.;Bogotá, D.C. - Bogotá;SI
153096645;Bogotá-Bogota D.C.;Bogotá, D.C. - Bogotá;SI
3900734807;Bogotá-Bogota D.C.;Bogotá, D.C. - Bogotá;SI
179418669;Bogotá-Bogota D.C.;Bogotá, D.C. - Bogotá;SI
3900147768;Bogotá-Bogota D.C.;Bogotá, D.C. - Bogotá;SI
11010192094;Bogotá-Bogota D.C.;Bogotá, D.C. - Bogotá;SI
11016028107;Bogotá-Bogota D.C.;Bogotá, D.C. - Bogotá;SI
3900613819;Bogotá-Bogota D.C.;Bogotá, D.C. - Bogotá;SI
11052575;Bogotá-Bogota D.C.;Bogotá, D.C. - Bogotá;SI
11013628012;Bogotá-Bogota D.C.;Bogotá, D.C. - Bogotá;SI
179736158;Bogotá-Bogota D.C.;Bogotá, D.C. - Bogotá;SI
11022981158;Bogotá-Bogota D.C.;Bogotá, D.C. - Bogotá;SI
180039200;Bogotá-Bogota D.C.;Bogotá, D.C. - Bogotá;SI
188276392;Bogotá-Bogota D.C.;Bogotá, D.C. - Bogotá;SI
111412719;Bogotá-Bogota D.C.;Bogotá, D.C. - Bogotá;SI
179695915;Bogotá-Bogota D.C.;Bogotá, D.C. - Bogotá;SI
180881926;Bogotá-Bogota D.C.;Bogotá, D.C. - Bogotá;SI
179940545;Bogotá-Bogota D.C.;Bogotá, D.C. - Bogotá;SI
153118091;Bogotá-Bogota D.C.;Bogotá, D.C. - Bogotá;SI
180227570;Bogotá-Bogota D.C.;Bogotá, D.C. - Bogotá;SI
11020813292;Bogotá-Bogota D.C.;Bogotá, D.C. - Bogotá;SI
3900390238;Bogotá-Bogota D.C.;Bogotá, D.C. - Bogotá;SI
3901133175;Bogotá-Bogota D.C.;Bogotá, D.C. - Bogotá;SI
152867872;Bogotá-Bogota D.C.;Bogotá, D.C. - Bogotá;SI
179797051;Bogotá-Bogota D.C.;Bogotá, D.C. - Bogotá;SI
119387738;Bogotá-Bogota D.C.;Bogotá, D.C. - Bogotá;SI
11019091281;Bogotá-Bogota D.C.;Bogotá, D.C. - Bogotá;SI
119242280;Bogotá-Bogota D.C.;Bogotá, D.C. - Bogotá;SI
3900078692;Bogotá-Bogota D.C.;Bogotá, D.C. - Bogotá;SI
193133852;Bogotá-Bogota D.C.;Bogotá, D.C. - Bogotá;SI
135461420;Bogotá-Bogota D.C.;Bogotá, D.C. - Bogotá;SI
11018416313;Bogotá-Bogota D.C.;Bogotá, D.C. - Bogotá;SI
3901157595;Bogotá-Bogota D.C.;Bogotá, D.C. - Bogotá;SI
11032370346;Bogotá-Bogota D.C.;Bogotá, D.C. - Bogotá;SI
179721562;Bogotá-Bogota D.C.;Bogotá, D.C. - Bogotá;SI
17167089;Bogotá-Bogota D.C.;Bogotá, D.C. - Bogotá;SI
119403069;Bogotá-Bogota D.C.;Bogotá, D.C. - Bogotá;SI
3901310927;Bogotá-Bogota D.C.;Bogotá, D.C. - Bogotá;SI
14577621;Bogotá-Bogota D.C.;Bogotá, D.C. - Bogotá;SI
3901497976;Bogotá-Bogota D.C.;Bogotá, D.C. - Bogotá;SI
179820183;Bogotá-Bogota D.C.;Bogotá, D.C. - Bogotá;SI
117153077;Bogotá-Bogota D.C.;Bogotá, D.C. - Bogotá;SI
11016005989;Bogotá-Bogota D.C.;Bogotá, D.C. - Bogotá;SI
142865216;Bogotá-Bogota D.C.;Bogotá, D.C. - Bogotá;SI
180020636;Bogotá-Bogota D.C.;Bogotá, D.C. - Bogotá;SI
152154159;Bogotá-Bogota D.C.;Bogotá, D.C. - Bogotá;SI
186087069;Bogotá-Bogota D.C.;Bogotá, D.C. - Bogotá;SI
139784991;Bogotá-Bogota D.C.;Bogotá, D.C. - Bogotá;SI
180239228;Bogotá-Bogota D.C.;Bogotá, D.C. - Bogotá;SI
3900501783;Bogotá-Bogota D.C.;Bogotá, D.C. - Bogotá;SI
3900017165;Bogotá-Bogota D.C.;Bogotá, D.C. - Bogotá;SI
137901309;Bogotá-Bogota D.C.;Bogotá, D.C. - Bogotá;SI
11013579571;Bogotá-Bogota D.C.;Bogotá, D.C. - Bogotá;SI
11072191460;Bogotá-Bogota D.C.;Bogotá, D.C. - Bogotá;SI
179742232;Bogotá-Bogota D.C.;Bogotá, D.C. - Bogotá;SI
179396748;Bogotá-Bogota D.C.;Bogotá, D.C. - Bogotá;SI
11030563838;Bogotá-Bogota D.C.;Bogotá, D.C. - Bogotá;SI
180172542;Bogotá-Bogota D.C.;Bogotá, D.C. - Bogotá;SI
3900509802;Bogotá-Bogota D.C.;Bogotá, D.C. - Bogotá;SI
11010229180;Bogotá-Bogota D.C.;Bogotá, D.C. - Bogotá;SI
11013658762;Bogotá-Bogota D.C.;Bogotá, D.C. - Bogotá;SI
11095800599;Bogotá-Bogota D.C.;Bogotá, D.C. - Bogotá;SI
11020747208;Bogotá-Bogota D.C.;Bogotá, D.C. - Bogotá;SI
113069694;Bogotá-Bogota D.C.;Bogotá, D.C. - Bogotá;SI
180039728;Bogotá-Bogota D.C.;Bogotá, D.C. - Bogotá;SI
174082235;Bogotá-Bogota D.C.;Bogotá, D.C. - Bogotá;SI
1932740;Bogotá-Bogota D.C.;Bogotá, D.C. - Bogotá;SI
130004686;Bogotá-Bogota D.C.;Bogotá, D.C. - Bogotá;SI
3901341587;Bogotá-Bogota D.C.;Bogotá, D.C. - Bogotá;SI
119288085;Bogotá-Bogota D.C.;Bogotá, D.C. - Bogotá;SI
3900616351;Bogotá-Bogota D.C.;Bogotá, D.C. - Bogotá;SI
3901068866;Bogotá-Bogota D.C.;Bogotá, D.C. - Bogotá;SI
180902477;Bogotá-Bogota D.C.;Bogotá, D.C. - Bogotá;SI
3900661068;Bogotá-Bogota D.C.;Bogotá, D.C. - Bogotá;SI
11023025582;Bogotá-Bogota D.C.;Bogotá, D.C. - Bogotá;SI
119224514;Bogotá-Bogota D.C.;Bogotá, D.C. - Bogotá;SI
179158280;Bogotá-Bogota D.C.;Bogotá, D.C. - Bogotá;SI
179388198;Bogotá-Bogota D.C.;Bogotá, D.C. - Bogotá;SI
152506809;Bogotá-Bogota D.C.;Bogotá, D.C. - Bogotá;SI
3901378611;Bogotá-Bogota D.C.;Bogotá, D.C. - Bogotá;SI
179157380;Bogotá-Bogota D.C.;Bogotá, D.C. - Bogotá;SI
11013602573;Bogotá-Bogota D.C.;Bogotá, D.C. - Bogotá;SI
142125845;Bogotá-Bogota D.C.;Bogotá, D.C. - Bogotá;SI
119495057;Bogotá-Bogota D.C.;Bogotá, D.C. - Bogotá;SI
152119487;Bogotá-Bogota D.C.;Bogotá, D.C. - Bogotá;SI
3860055913;Bogotá-Bogota D.C.;Bogotá, D.C. - Bogotá;SI
179876184;Bogotá-Bogota D.C.;Bogotá, D.C. - Bogotá;SI
180031807;Bogotá-Bogota D.C.;Bogotá, D.C. - Bogotá;SI
3901418650;Bogotá-Bogota D.C.;Bogotá, D.C. - Bogotá;SI
112982528;Bogotá-Bogota D.C.;Bogotá, D.C. - Bogotá;SI
179772448;Bogotá-Bogota D.C.;Bogotá, D.C. - Bogotá;SI
3900450116;Bogotá-Bogota D.C.;Bogotá, D.C. - Bogotá;SI
179724310;Bogotá-Bogota D.C.;Bogotá, D.C. - Bogotá;SI
13015818;Bogotá-Bogota D.C.;Bogotá, D.C. - Bogotá;SI
11121933165;Bogotá-Bogota D.C.;Bogotá, D.C. - Bogotá;SI
125266143;Bogotá-Bogota D.C.;Bogotá, D.C. - Bogotá;SI
180280638;Bogotá-Bogota D.C.;Bogotá, D.C. - Bogotá;SI
139763388;Bogotá-Bogota D.C.;Bogotá, D.C. - Bogotá;SI
180758697;Bogotá-Bogota D.C.;Bogotá, D.C. - Bogotá;SI
3900959339;Bogotá-Bogota D.C.;Bogotá, D.C. - Bogotá;SI
179939046;Bogotá-Bogota D.C.;Bogotá, D.C. - Bogotá;SI
191284150;Bogotá-Bogota D.C.;Bogotá, D.C. - Bogotá;SI
180091942;Bogotá-Bogota D.C.;Bogotá, D.C. - Bogotá;SI
179641920;Bogotá-Bogota D.C.;Bogotá, D.C. - Bogotá;SI
3830010908;Bogotá-Bogota D.C.;Bogotá, D.C. - Bogotá;SI
180096834;Bogotá-Bogota D.C.;Bogotá, D.C. - Bogotá;SI
179395404;Bogotá-Bogota D.C.;Bogotá, D.C. - Bogotá;SI
151851795;Bogotá-Bogota D.C.;Bogotá, D.C. - Bogotá;SI
191229453;Bogotá-Bogota D.C.;Bogotá, D.C. - Bogotá;SI
152087414;Bogotá-Bogota D.C.;Bogotá, D.C. - Bogotá;SI
3900620701;Bogotá-Bogota D.C.;Bogotá, D.C. - Bogotá;SI
152800212;Bogotá-Bogota D.C.;Bogotá, D.C. - Bogotá;SI
11121821786;Bogotá-Bogota D.C.;Bogotá, D.C. - Bogotá;SI
152227628;Bogotá-Bogota D.C.;Bogotá, D.C. - Bogotá;SI
11136879164;Bogotá-Bogota D.C.;Bogotá, D.C. - Bogotá;SI
174375578;Bogotá-Bogota D.C.;Bogotá, D.C. - Bogotá;SI
3860058952;Bogotá-Bogota D.C.;Bogotá, D.C. - Bogotá;SI
3830051073;Bogotá-Bogota D.C.;Bogotá, D.C. - Bogotá;SI
186069014;Bogotá-Bogota D.C.;Bogotá, D.C. - Bogotá;SI
173113519;Bogotá-Bogota D.C.;Bogotá, D.C. - Bogotá;SI
180720228;Bogotá-Bogota D.C.;Bogotá, D.C. - Bogotá;SI
3900814688;Bogotá-Bogota D.C.;Bogotá, D.C. - Bogotá;SI
110767048;Bogotá-Bogota D.C.;Bogotá, D.C. - Bogotá;SI
3860048429;Bogotá-Bogota D.C.;Bogotá, D.C. - Bogotá;SI
119340597;Bogotá-Bogota D.C.;Bogotá, D.C. - Bogotá;SI
11090387784;Bogotá-Bogota D.C.;Bogotá, D.C. - Bogotá;SI
152994671;Bogotá-Bogota D.C.;Bogotá, D.C. - Bogotá;SI
11090367583;Bogotá-Bogota D.C.;Bogotá, D.C. - Bogotá;SI
179625824;Bogotá-Bogota D.C.;Bogotá, D.C. - Bogotá;SI
180424715;Bogotá-Bogota D.C.;Bogotá, D.C. - Bogotá;SI
11069302899;Bogotá-Bogota D.C.;Bogotá, D.C. - Bogotá;SI
3830075806;Bogotá-Bogota D.C.;Bogotá, D.C. - Bogotá;SI
3901298054;Bogotá-Bogota D.C.;Bogotá, D.C. - Bogotá;SI
180543783;Bogotá-Bogota D.C.;Bogotá, D.C. - Bogotá;SI
11098636902;Bogotá-Bogota D.C.;Bogotá, D.C. - Bogotá;SI
11016029865;Bogotá-Bogota D.C.;Bogotá, D.C. - Bogotá;SI
117356020;Bogotá-Bogota D.C.;Bogotá, D.C. - Bogotá;SI
179568443;Bogotá-Bogota D.C.;Bogotá, D.C. - Bogotá;SI
180295742;Bogotá-Bogota D.C.;Bogotá, D.C. - Bogotá;SI
180409024;Bogotá-Bogota D.C.;Bogotá, D.C. - Bogotá;SI
179422490;Bogotá-Bogota D.C.;Bogotá, D.C. - Bogotá;SI
179474002;Bogotá-Bogota D.C.;Bogotá, D.C. - Bogotá;SI
179443298;Bogotá-Bogota D.C.;Bogotá, D.C. - Bogotá;SI
11022322839;Bogotá-Bogota D.C.;Bogotá, D.C. - Bogotá;SI
11019119126;Bogotá-Bogota D.C.;Bogotá, D.C. - Bogotá;SI
11013668073;Bogotá-Bogota D.C.;Bogotá, D.C. - Bogotá;SI
11019072850;Bogotá-Bogota D.C.;Bogotá, D.C. - Bogotá;SI
134567435;Bogotá-Bogota D.C.;Bogotá, D.C. - Bogotá;SI
179531894;Bogotá-Bogota D.C.;Bogotá, D.C. - Bogotá;SI
13290011;Bogotá-Bogota D.C.;Bogotá, D.C. - Bogotá;SI
3900430412;Bogotá-Bogota D.C.;Bogotá, D.C. - Bogotá;SI
3900179381;Bogotá-Bogota D.C.;Bogotá, D.C. - Bogotá;SI
3900130301;Bogotá-Bogota D.C.;Bogotá, D.C. - Bogotá;SI
194151779;Bogotá-Bogota D.C.;Bogotá, D.C. - Bogotá;SI
152788563;Bogotá-Bogota D.C.;Bogotá, D.C. - Bogotá;SI
3900653441;Bogotá-Bogota D.C.;Bogotá, D.C. - Bogotá;SI
3830029703;Bogotá-Bogota D.C.;Bogotá, D.C. - Bogotá;SI
117188712;Bogotá-Bogota D.C.;Bogotá, D.C. - Bogotá;SI
152966928;Bogotá-Bogota D.C.;Bogotá, D.C. - Bogotá;SI
119376129;Bogotá-Bogota D.C.;Bogotá, D.C. - Bogotá;SI
119169170;Bogotá-Bogota D.C.;Bogotá, D.C. - Bogotá;SI
179563646;Bogotá-Bogota D.C.;Bogotá, D.C. - Bogotá;SI
111298663;Bogotá-Bogota D.C.;Bogotá, D.C. - Bogotá;SI
166948878;Bogotá-Bogota D.C.;Bogotá, D.C. - Bogotá;SI
126846360;Bogotá-Bogota D.C.;Bogotá, D.C. - Bogotá;SI
179785154;Bogotá-Bogota D.C.;Bogotá, D.C. - Bogotá;SI
179855243;Bogotá-Bogota D.C.;Bogotá, D.C. - Bogotá;SI
3900571157;Bogotá-Bogota D.C.;Bogotá, D.C. - Bogotá;SI
3900784089;Bogotá-Bogota D.C.;Bogotá, D.C. - Bogotá;SI
141724450;Bogotá-Bogota D.C.;Bogotá, D.C. - Bogotá;SI
119470103;Bogotá-Bogota D.C.;Bogotá, D.C. - Bogotá;SI
111336441;Bogotá-Bogota D.C.;Bogotá, D.C. - Bogotá;SI
179596689;Bogotá-Bogota D.C.;Bogotá, D.C. - Bogotá;SI
180412958;Bogotá-Bogota D.C.;Bogotá, D.C. - Bogotá;SI
11032392496;Bogotá-Bogota D.C.;Bogotá, D.C. - Bogotá;SI
173127342;Bogotá-Bogota D.C.;Bogotá, D.C. - Bogotá;SI
3830117145;Bogotá-Bogota D.C.;Bogotá, D.C. - Bogotá;SI
3830097901;Bogotá-Bogota D.C.;Bogotá, D.C. - Bogotá;SI
3830500836;Bogotá-Bogota D.C.;Bogotá, D.C. - Bogotá;SI
11136884302;Bogotá-Bogota D.C.;Bogotá, D.C. - Bogotá;SI
179877566;Bogotá-Bogota D.C.;Bogotá, D.C. - Bogotá;SI
3830000356;Bogotá-Bogota D.C.;Bogotá, D.C. - Bogotá;SI
174371172;Bogotá-Bogota D.C.;Bogotá, D.C. - Bogotá;SI
153122696;Bogotá-Bogota D.C.;Bogotá, D.C. - Bogotá;SI
3800028332;Bogotá-Bogota D.C.;Bogotá, D.C. - Bogotá;SI
3830101973;Bogotá-Bogota D.C.;Bogotá, D.C. - Bogotá;SI
141458692;Bogotá-Bogota D.C.;Bogotá, D.C. - Bogotá;SI
119337615;Bogotá-Bogota D.C.;Bogotá, D.C. - Bogotá;SI
3800058607;Bogotá-Bogota D.C.;Bogotá, D.C. - Bogotá;SI
179488849;Bogotá-Bogota D.C.;Bogotá, D.C. - Bogotá;SI
181717423;Bogotá-Bogota D.C.;Bogotá, D.C. - Bogotá;SI
3900988497;Bogotá-Bogota D.C.;Bogotá, D.C. - Bogotá;SI
3900417353;Bogotá-Bogota D.C.;Bogotá, D.C. - Bogotá;SI
179554917;Bogotá-Bogota D.C.;Bogotá, D.C. - Bogotá;SI
187062883;Bogotá-Bogota D.C.;Bogotá, D.C. - Bogotá;SI
179869580;Bogotá-Bogota D.C.;Bogotá, D.C. - Bogotá;SI
179215605;Bogotá-Bogota D.C.;Bogotá, D.C. - Bogotá;SI
141590160;Bogotá-Bogota D.C.;Bogotá, D.C. - Bogotá;SI
119451323;Bogotá-Bogota D.C.;Bogotá, D.C. - Bogotá;SI
119263955;Bogotá-Bogota D.C.;Bogotá, D.C. - Bogotá;SI
3900766811;Bogotá-Bogota D.C.;Bogotá, D.C. - Bogotá;SI
119182627;Bogotá-Bogota D.C.;Bogotá, D.C. - Bogotá;SI
179167035;Bogotá-Bogota D.C.;Bogotá, D.C. - Bogotá;SI
119117673;Bogotá-Bogota D.C.;Bogotá, D.C. - Bogotá;SI
119070467;Bogotá-Bogota D.C.;Bogotá, D.C. - Bogotá;SI
180056033;Bogotá-Bogota D.C.;Bogotá, D.C. - Bogotá;SI
3900591441;Bogotá-Bogota D.C.;Bogotá, D.C. - Bogotá;SI
11013626716;Bogotá-Bogota D.C.;Bogotá, D.C. - Bogotá;SI
180242345;Bogotá-Bogota D.C.;Bogotá, D.C. - Bogotá;SI
3901372503;Bogotá-Bogota D.C.;Bogotá, D.C. - Bogotá;SI
3900874446;Bogotá-Bogota D.C.;Bogotá, D.C. - Bogotá;SI
193236965;Bogotá-Bogota D.C.;Bogotá, D.C. - Bogotá;SI
3900989715;Bogotá-Bogota D.C.;Bogotá, D.C. - Bogotá;SI
3830073703;Bogotá-Bogota D.C.;Bogotá, D.C. - Bogotá;SI
180880641;Bogotá-Bogota D.C.;Bogotá, D.C. - Bogotá;SI
180807429;Bogotá-Bogota D.C.;Bogotá, D.C. - Bogotá;SI
119295780;Bogotá-Bogota D.C.;Bogotá, D.C. - Bogotá;SI
120266284;Bogotá-Bogota D.C.;Bogotá, D.C. - Bogotá;SI
3830124312;Bogotá-Bogota D.C.;Bogotá, D.C. - Bogotá;SI
137293949;Bogotá-Bogota D.C.;Bogotá, D.C. - Bogotá;SI
3800231021;Bogotá-Bogota D.C.;Bogotá, D.C. - Bogotá;SI
152274935;Bogotá-Bogota D.C.;Bogotá, D.C. - Bogotá;SI
3800137414;Bogotá-Bogota D.C.;Bogotá, D.C. - Bogotá;SI
3901108733;Bogotá-Bogota D.C.;Bogotá, D.C. - Bogotá;SI
151800424;Bogotá-Bogota D.C.;Bogotá, D.C. - Bogotá;SI
11020744436;Bogotá-Bogota D.C.;Bogotá, D.C. - Bogotá;SI
17698914;Bogotá-Bogota D.C.;Bogotá, D.C. - Bogotá;SI
179268146;Bogotá-Bogota D.C.;Bogotá, D.C. - Bogotá;SI
3800227937;Bogotá-Bogota D.C.;Bogotá, D.C. - Bogotá;SI
11016051990;Bogotá-Bogota D.C.;Bogotá, D.C. - Bogotá;SI
3900301329;Bogotá-Bogota D.C.;Bogotá, D.C. - Bogotá;SI
119465647;Bogotá-Bogota D.C.;Bogotá, D.C. - Bogotá;SI
179923486;Bogotá-Bogota D.C.;Bogotá, D.C. - Bogotá;SI
180074212;Bogotá-Bogota D.C.;Bogotá, D.C. - Bogotá;SI
152425866;Bogotá-Bogota D.C.;Bogotá, D.C. - Bogotá;SI
179059597;Bogotá-Bogota D.C.;Bogotá, D.C. - Bogotá;SI
3901143563;Bogotá-Bogota D.C.;Bogotá, D.C. - Bogotá;SI
180310372;Bogotá-Bogota D.C.;Bogotá, D.C. - Bogotá;SI
11023866660;Bogotá-Bogota D.C.;Bogotá, D.C. - Bogotá;SI
152531221;Bogotá-Bogota D.C.;Bogotá, D.C. - Bogotá;SI
11020726840;Bogotá-Bogota D.C.;Bogotá, D.C. - Bogotá;SI
11032490418;Bogotá-Bogota D.C.;Bogotá, D.C. - Bogotá;SI
3900700303;Bogotá-Bogota D.C.;Bogotá, D.C. - Bogotá;SI
11015425313;Bogotá-Bogota D.C.;Bogotá, D.C. - Bogotá;SI
193061101;Bogotá-Bogota D.C.;Bogotá, D.C. - Bogotá;SI
11030529939;Bogotá-Bogota D.C.;Bogotá, D.C. - Bogotá;SI
179318399;Bogotá-Bogota D.C.;Bogotá, D.C. - Bogotá;SI
179378821;Bogotá-Bogota D.C.;Bogotá, D.C. - Bogotá;SI
3830134152;Bogotá-Bogota D.C.;Bogotá, D.C. - Bogotá;SI
3901126504;Bogotá-Bogota D.C.;Bogotá, D.C. - Bogotá;SI
119150086;Bogotá-Bogota D.C.;Bogotá, D.C. - Bogotá;SI
116071266;Bogotá-Bogota D.C.;Bogotá, D.C. - Bogotá;SI
155313669;Bogotá-Bogota D.C.;Bogotá, D.C. - Bogotá;SI
179050832;Bogotá-Bogota D.C.;Bogotá, D.C. - Bogotá;SI
171680702;Bogotá-Bogota D.C.;Bogotá, D.C. - Bogotá;SI
11020717266;Bogotá-Bogota D.C.;Bogotá, D.C. - Bogotá;SI
3900881750;Bogotá-Bogota D.C.;Bogotá, D.C. - Bogotá;SI
180833535;Bogotá-Bogota D.C.;Bogotá, D.C. - Bogotá;SI
11151939090;Bogotá-Bogota D.C.;Bogotá, D.C. - Bogotá;SI
180733318;Bogotá-Bogota D.C.;Bogotá, D.C. - Bogotá;SI
179571373;Bogotá-Bogota D.C.;Bogotá, D.C. - Bogotá;SI
179055021;Bogotá-Bogota D.C.;Bogotá, D.C. - Bogotá;SI
152967071;Bogotá-Bogota D.C.;Bogotá, D.C. - Bogotá;SI
3900693347;Bogotá-Bogota D.C.;Bogotá, D.C. - Bogotá;SI
11014223670;Bogotá-Bogota D.C.;Bogotá, D.C. - Bogotá;SI
180312604;Bogotá-Bogota D.C.;Bogotá, D.C. - Bogotá;SI
139549444;Bogotá-Bogota D.C.;Bogotá, D.C. - Bogotá;SI
3800142820;Bogotá-Bogota D.C.;Bogotá, D.C. - Bogotá;SI
3901543195;Bogotá-Bogota D.C.;Bogotá, D.C. - Bogotá;SI
151645042;Bogotá-Bogota D.C.;Bogotá, D.C. - Bogotá;SI
163551748;Bogotá-Bogota D.C.;Bogotá, D.C. - Bogotá;SI
121202414;Bogotá-Bogota D.C.;Bogotá, D.C. - Bogotá;SI
3800086501;Bogotá-Bogota D.C.;Bogotá, D.C. - Bogotá;SI
11020720104;Bogotá-Bogota D.C.;Bogotá, D.C. - Bogotá;SI
11032448641;Bogotá-Bogota D.C.;Bogotá, D.C. - Bogotá;SI
119326063;Bogotá-Bogota D.C.;Bogotá, D.C. - Bogotá;SI
179115682;Bogotá-Bogota D.C.;Bogotá, D.C. - Bogotá;SI
179950321;Bogotá-Bogota D.C.;Bogotá, D.C. - Bogotá;SI
11013610168;Bogotá-Bogota D.C.;Bogotá, D.C. - Bogotá;SI
180794562;Bogotá-Bogota D.C.;Bogotá, D.C. - Bogotá;SI
3901701954;Bogotá-Bogota D.C.;Bogotá, D.C. - Bogotá;SI
3901230681;Bogotá-Bogota D.C.;Bogotá, D.C. - Bogotá;SI
139781382;Bogotá-Bogota D.C.;Bogotá, D.C. - Bogotá;SI
3830024999;Bogotá-Bogota D.C.;Bogotá, D.C. - Bogotá;SI
14174182;Bogotá-Bogota D.C.;Bogotá, D.C. - Bogotá;SI
180029506;Bogotá-Bogota D.C.;Bogotá, D.C. - Bogotá;SI
11010203482;Bogotá-Bogota D.C.;Bogotá, D.C. - Bogotá;SI
11016061406;Bogotá-Bogota D.C.;Bogotá, D.C. - Bogotá;SI
179599810;Bogotá-Bogota D.C.;Bogotá, D.C. - Bogotá;SI
179854290;Bogotá-Bogota D.C.;Bogotá, D.C. - Bogotá;SI
179538638;Bogotá-Bogota D.C.;Bogotá, D.C. - Bogotá;SI
11032435013;Bogotá-Bogota D.C.;Bogotá, D.C. - Bogotá;SI
11016006468;Bogotá-Bogota D.C.;Bogotá, D.C. - Bogotá;SI
11013599434;Bogotá-Bogota D.C.;Bogotá, D.C. - Bogotá;SI
11018463663;Bogotá-Bogota D.C.;Bogotá, D.C. - Bogotá;SI
3900383170;Bogotá-Bogota D.C.;Bogotá, D.C. - Bogotá;SI
11020747154;Bogotá-Bogota D.C.;Bogotá, D.C. - Bogotá;SI
13061370;Bogotá-Bogota D.C.;Bogotá, D.C. - Bogotá;SI
3900630973;Bogotá-Bogota D.C.;Bogotá, D.C. - Bogotá;SI
176318543;Bogotá-Bogota D.C.;Bogotá, D.C. - Bogotá;SI
179786048;Bogotá-Bogota D.C.;Bogotá, D.C. - Bogotá;SI
3830120992;Bogotá-Bogota D.C.;Bogotá, D.C. - Bogotá;SI
14246107;Bogotá-Bogota D.C.;Bogotá, D.C. - Bogotá;SI
11032421925;Bogotá-Bogota D.C.;Bogotá, D.C. - Bogotá;SI
3900625296;Bogotá-Bogota D.C.;Bogotá, D.C. - Bogotá;SI
3900222266;Bogotá-Bogota D.C.;Bogotá, D.C. - Bogotá;SI
179714820;Bogotá-Bogota D.C.;Bogotá, D.C. - Bogotá;SI
179778863;Bogotá-Bogota D.C.;Bogotá, D.C. - Bogotá;SI
3901206165;Bogotá-Bogota D.C.;Bogotá, D.C. - Bogotá;SI
119460034;Bogotá-Bogota D.C.;Bogotá, D.C. - Bogotá;SI
180765968;Bogotá-Bogota D.C.;Bogotá, D.C. - Bogotá;SI
3900732240;Bogotá-Bogota D.C.;Bogotá, D.C. - Bogotá;SI
180859569;Bogotá-Bogota D.C.;Bogotá, D.C. - Bogotá;SI
3830077886;Bogotá-Bogota D.C.;Bogotá, D.C. - Bogotá;SI
11120356478;Bogotá-Bogota D.C.;Bogotá, D.C. - Bogotá;SI
141641118;Bogotá-Bogota D.C.;Bogotá, D.C. - Bogotá;SI
11014184320;Bogotá-Bogota D.C.;Bogotá, D.C. - Bogotá;SI
152481672;Bogotá-Bogota D.C.;Bogotá, D.C. - Bogotá;SI
179386645;Bogotá-Bogota D.C.;Bogotá, D.C. - Bogotá;SI
179963686;Bogotá-Bogota D.C.;Bogotá, D.C. - Bogotá;SI
3900439889;Bogotá-Bogota D.C.;Bogotá, D.C. - Bogotá;SI
119258276;Bogotá-Bogota D.C.;Bogotá, D.C. - Bogotá;SI
11026557999;Bogotá-Bogota D.C.;Bogotá, D.C. - Bogotá;SI
119462928;Bogotá-Bogota D.C.;Bogotá, D.C. - Bogotá;SI
3800034190;Bogotá-Bogota D.C.;Bogotá, D.C. - Bogotá;SI
186084258;Bogotá-Bogota D.C.;Bogotá, D.C. - Bogotá;SI
179484129;Bogotá-Bogota D.C.;Bogotá, D.C. - Bogotá;SI
179571680;Bogotá-Bogota D.C.;Bogotá, D.C. - Bogotá;SI
141911467;Bogotá-Bogota D.C.;Bogotá, D.C. - Bogotá;SI
151837752;Bogotá-Bogota D.C.;Bogotá, D.C. - Bogotá;SI
186056809;Bogotá-Bogota D.C.;Bogotá, D.C. - Bogotá;SI
16773483;Bogotá-Bogota D.C.;Bogotá, D.C. - Bogotá;SI
118514627;Bogotá-Bogota D.C.;Bogotá, D.C. - Bogotá;SI
141731473;Bogotá-Bogota D.C.;Bogotá, D.C. - Bogotá;SI
119430060;Bogotá-Bogota D.C.;Bogotá, D.C. - Bogotá;SI
3830507292;Bogotá-Bogota D.C.;Bogotá, D.C. - Bogotá;SI
3899999333;Bogotá-Bogota D.C.;Bogotá, D.C. - Bogotá;SI
3860064081;Bogotá-Bogota D.C.;Bogotá, D.C. - Bogotá;SI
180902224;Bogotá-Bogota D.C.;Bogotá, D.C. - Bogotá;SI
179639001;Bogotá-Bogota D.C.;Bogotá, D.C. - Bogotá;SI
3900468504;Bogotá-Bogota D.C.;Bogotá, D.C. - Bogotá;SI
3900745219;Bogotá-Bogota D.C.;Bogotá, D.C. - Bogotá;SI
180228774;Bogotá-Bogota D.C.;Bogotá, D.C. - Bogotá;SI
3832011102;Bogotá-Bogota D.C.;Bogotá, D.C. - Bogotá;SI
11013650665;Bogotá-Bogota D.C.;Bogotá, D.C. - Bogotá;SI
3900424295;Bogotá-Bogota D.C.;Bogotá, D.C. - Bogotá;SI
113721469;Bogotá-Bogota D.C.;Bogotá, D.C. - Bogotá;SI
179966529;Bogotá-Bogota D.C.;Bogotá, D.C. - Bogotá;SI
179122820;Bogotá-Bogota D.C.;Bogotá, D.C. - Bogotá;SI
3830053209;Bogotá-Bogota D.C.;Bogotá, D.C. - Bogotá;SI
11136883834;Bogotá-Bogota D.C.;Bogotá, D.C. - Bogotá;SI
180084296;Bogotá-Bogota D.C.;Bogotá, D.C. - Bogotá;SI
140440257;Bogotá-Bogota D.C.;Bogotá, D.C. - Bogotá;SI
179342563;Bogotá-Bogota D.C.;Bogotá, D.C. - Bogotá;SI
143627766;Bogotá-Bogota D.C.;Bogotá, D.C. - Bogotá;SI
19148881;Bogotá-Bogota D.C.;Bogotá, D.C. - Bogotá;SI
179909421;Bogotá-Bogota D.C.;Bogotá, D.C. - Bogotá;SI
3901160410;Bogotá-Bogota D.C.;Bogotá, D.C. - Bogotá;SI
111380586;Bogotá-Bogota D.C.;Bogotá, D.C. - Bogotá;SI
116671046;Bogotá-Bogota D.C.;Bogotá, D.C. - Bogotá;SI
179643545;Bogotá-Bogota D.C.;Bogotá, D.C. - Bogotá;SI
11013632960;Bogotá-Bogota D.C.;Bogotá, D.C. - Bogotá;SI
186048184;Bogotá-Bogota D.C.;Bogotá, D.C. - Bogotá;SI
11015999113;Bogotá-Bogota D.C.;Bogotá, D.C. - Bogotá;SI
3805020771;Bogotá-Bogota D.C.;Bogotá, D.C. - Bogotá;SI
11032399395;Bogotá-Bogota D.C.;Bogotá, D.C. - Bogotá;SI
179731297;Bogotá-Bogota D.C.;Bogotá, D.C. - Bogotá;SI
11073505468;Bogotá-Bogota D.C.;Bogotá, D.C. - Bogotá;SI
3901281881;Bogotá-Bogota D.C.;Bogotá, D.C. - Bogotá;SI
11032413183;Bogotá-Bogota D.C.;Bogotá, D.C. - Bogotá;SI
179960102;Bogotá-Bogota D.C.;Bogotá, D.C. - Bogotá;SI
3800096122;Bogotá-Bogota D.C.;Bogotá, D.C. - Bogotá;SI
179397861;Bogotá-Bogota D.C.;Bogotá, D.C. - Bogotá;SI
179698099;Bogotá-Bogota D.C.;Bogotá, D.C. - Bogotá;SI
11071167566;Bogotá-Bogota D.C.;Bogotá, D.C. - Bogotá;SI
117330382;Bogotá-Bogota D.C.;Bogotá, D.C. - Bogotá;SI
11032479374;Bogotá-Bogota D.C.;Bogotá, D.C. - Bogotá;SI
11121816403;Bogotá-Bogota D.C.;Bogotá, D.C. - Bogotá;SI
179304345;Bogotá-Bogota D.C.;Bogotá, D.C. - Bogotá;SI
180226639;Bogotá-Bogota D.C.;Bogotá, D.C. - Bogotá;SI
3901526202;Bogotá-Bogota D.C.;Bogotá, D.C. - Bogotá;SI
179961737;Bogotá-Bogota D.C.;Bogotá, D.C. - Bogotá;SI
11018492026;Bogotá-Bogota D.C.;Bogotá, D.C. - Bogotá;SI
179141430;Bogotá-Bogota D.C.;Bogotá, D.C. - Bogotá;SI
179771094;Bogotá-Bogota D.C.;Bogotá, D.C. - Bogotá;SI
135328326;Bogotá-Bogota D.C.;Bogotá, D.C. - Bogotá;SI
179487481;Bogotá-Bogota D.C.;Bogotá, D.C. - Bogotá;SI
111204513;Bogotá-Bogota D.C.;Bogotá, D.C. - Bogotá;SI
180169088;Bogotá-Bogota D.C.;Bogotá, D.C. - Bogotá;SI
167030442;Bogotá-Bogota D.C.;Bogotá, D.C. - Bogotá;SI
11013620656;Bogotá-Bogota D.C.;Bogotá, D.C. - Bogotá;SI
114324184;Bogotá-Bogota D.C.;Bogotá, D.C. - Bogotá;SI
3830121796;Bogotá-Bogota D.C.;Bogotá, D.C. - Bogotá;SI
179335075;Bogotá-Bogota D.C.;Bogotá, D.C. - Bogotá;SI
119274314;Bogotá-Bogota D.C.;Bogotá, D.C. - Bogotá;SI
119277230;Bogotá-Bogota D.C.;Bogotá, D.C. - Bogotá;SI
3900219291;Bogotá-Bogota D.C.;Bogotá, D.C. - Bogotá;SI
3900200435;Bogotá-Bogota D.C.;Bogotá, D.C. - Bogotá;SI
110270658;Bogotá-Bogota D.C.;Bogotá, D.C. - Bogotá;SI
194450155;Bogotá-Bogota D.C.;Bogotá, D.C. - Bogotá;SI
179738744;Bogotá-Bogota D.C.;Bogotá, D.C. - Bogotá;SI
3900496884;Bogotá-Bogota D.C.;Bogotá, D.C. - Bogotá;SI
3900085539;Bogotá-Bogota D.C.;Bogotá, D.C. - Bogotá;SI
119293997;Bogotá-Bogota D.C.;Bogotá, D.C. - Bogotá;SI
3860533311;Bogotá-Bogota D.C.;Bogotá, D.C. - Bogotá;SI
113716617;Bogotá-Bogota D.C.;Bogotá, D.C. - Bogotá;SI
119247246;Bogotá-Bogota D.C.;Bogotá, D.C. - Bogotá;SI
179575727;Bogotá-Bogota D.C.;Bogotá, D.C. - Bogotá;SI
152074725;Bogotá-Bogota D.C.;Bogotá, D.C. - Bogotá;SI
3900174857;Bogotá-Bogota D.C.;Bogotá, D.C. - Bogotá;SI
179784991;Bogotá-Bogota D.C.;Bogotá, D.C. - Bogotá;SI
19873660;Bogotá-Bogota D.C.;Bogotá, D.C. - Bogotá;SI
11090489792;Bogotá-Bogota D.C.;Bogotá, D.C. - Bogotá;SI
152382510;Bogotá-Bogota D.C.;Bogotá, D.C. - Bogotá;SI
3900697624;Bogotá-Bogota D.C.;Bogotá, D.C. - Bogotá;SI
119283308;Bogotá-Bogota D.C.;Bogotá, D.C. - Bogotá;SI
198462952;Bogotá-Bogota D.C.;Bogotá, D.C. - Bogotá;SI
11018417806;Bogotá-Bogota D.C.;Bogotá, D.C. - Bogotá;SI
11020767639;Bogotá-Bogota D.C.;Bogotá, D.C. - Bogotá;SI
3900354371;Bogotá-Bogota D.C.;Bogotá, D.C. - Bogotá;SI
3900539103;Bogotá-Bogota D.C.;Bogotá, D.C. - Bogotá;SI
179396238;Bogotá-Bogota D.C.;Bogotá, D.C. - Bogotá;SI
179794527;Bogotá-Bogota D.C.;Bogotá, D.C. - Bogotá;SI
11022980895;Bogotá-Bogota D.C.;Bogotá, D.C. - Bogotá;SI
119175439;Bogotá-Bogota D.C.;Bogotá, D.C. - Bogotá;SI
179295241;Bogotá-Bogota D.C.;Bogotá, D.C. - Bogotá;SI
141440439;Bogotá-Bogota D.C.;Bogotá, D.C. - Bogotá;SI
171786811;Bogotá-Bogota D.C.;Bogotá, D.C. - Bogotá;SI
191232497;Bogotá-Bogota D.C.;Bogotá, D.C. - Bogotá;SI
19430703;Bogotá-Bogota D.C.;Bogotá, D.C. - Bogotá;SI
3901206903;Bogotá-Bogota D.C.;Bogotá, D.C. - Bogotá;SI
11032429426;Bogotá-Bogota D.C.;Bogotá, D.C. - Bogotá;SI
119489225;Bogotá-Bogota D.C.;Bogotá, D.C. - Bogotá;SI
3860403026;Bogotá-Bogota D.C.;Bogotá, D.C. - Bogotá;SI
128559690;Bogotá-Bogota D.C.;Bogotá, D.C. - Bogotá;SI
11130669330;Bogotá-Bogota D.C.;Bogotá, D.C. - Bogotá;SI
179688687;Bogotá-Bogota D.C.;Bogotá, D.C. - Bogotá;SI
3901258883;Bogotá-Bogota D.C.;Bogotá, D.C. - Bogotá;SI
3900534310;Bogotá-Bogota D.C.;Bogotá, D.C. - Bogotá;SI
132695090;Bogotá-Bogota D.C.;Bogotá, D.C. - Bogotá;SI
11022374391;Bogotá-Bogota D.C.;Bogotá, D.C. - Bogotá;SI
3901359170;Bogotá-Bogota D.C.;Bogotá, D.C. - Bogotá;SI
180236141;Bogotá-Bogota D.C.;Bogotá, D.C. - Bogotá;SI
11033686116;Bogotá-Bogota D.C.;Bogotá, D.C. - Bogotá;SI
11032364109;Bogotá-Bogota D.C.;Bogotá, D.C. - Bogotá;SI
124331744;Bogotá-Bogota D.C.;Bogotá, D.C. - Bogotá;SI
3901464033;Bogotá-Bogota D.C.;Bogotá, D.C. - Bogotá;SI
152834826;Bogotá-Bogota D.C.;Bogotá, D.C. - Bogotá;SI
119228498;Bogotá-Bogota D.C.;Bogotá, D.C. - Bogotá;SI
152423852;Bogotá-Bogota D.C.;Bogotá, D.C. - Bogotá;SI
3901221351;Bogotá-Bogota D.C.;Bogotá, D.C. - Bogotá;SI
153032335;Bogotá-Bogota D.C.;Bogotá, D.C. - Bogotá;SI
11016006776;Bogotá-Bogota D.C.;Bogotá, D.C. - Bogotá;SI
179780072;Bogotá-Bogota D.C.;Bogotá, D.C. - Bogotá;SI
119407211;Bogotá-Bogota D.C.;Bogotá, D.C. - Bogotá;SI
119453647;Bogotá-Bogota D.C.;Bogotá, D.C. - Bogotá;SI
11121854965;Bogotá-Bogota D.C.;Bogotá, D.C. - Bogotá;SI
3901081434;Bogotá-Bogota D.C.;Bogotá, D.C. - Bogotá;SI
11014194793;Bogotá-Bogota D.C.;Bogotá, D.C. - Bogotá;SI
142879301;Bogotá-Bogota D.C.;Bogotá, D.C. - Bogotá;SI
3800063486;Bogotá-Bogota D.C.;Bogotá, D.C. - Bogotá;SI
119238663;Bogotá-Bogota D.C.;Bogotá, D.C. - Bogotá;SI
3830012035;Bogotá-Bogota D.C.;Bogotá, D.C. - Bogotá;SI
152959238;Bogotá-Bogota D.C.;Bogotá, D.C. - Bogotá;SI
152955912;Bogotá-Bogota D.C.;Bogotá, D.C. - Bogotá;SI
141601747;Bogotá-Bogota D.C.;Bogotá, D.C. - Bogotá;SI
152187069;Bogotá-Bogota D.C.;Bogotá, D.C. - Bogotá;SI
117341160;Bogotá-Bogota D.C.;Bogotá, D.C. - Bogotá;SI
111187834;Bogotá-Bogota D.C.;Bogotá, D.C. - Bogotá;SI
196123903;Bogotá-Bogota D.C.;Bogotá, D.C. - Bogotá;SI
163446501;Bogotá-Bogota D.C.;Bogotá, D.C. - Bogotá;SI
180414423;Bogotá-Bogota D.C.;Bogotá, D.C. - Bogotá;SI
3901342866;Bogotá-Bogota D.C.;Bogotá, D.C. - Bogotá;SI
180216309;Bogotá-Bogota D.C.;Bogotá, D.C. - Bogotá;SI
193371317;Bogotá-Bogota D.C.;Bogotá, D.C. - Bogotá;SI
11030561850;Bogotá-Bogota D.C.;Bogotá, D.C. - Bogotá;SI
3800230209;Bogotá-Bogota D.C.;Bogotá, D.C. - Bogotá;SI
3860517465;Bogotá-Bogota D.C.;Bogotá, D.C. - Bogotá;SI
180403251;Bogotá-Bogota D.C.;Bogotá, D.C. - Bogotá;SI
180089606;Bogotá-Bogota D.C.;Bogotá, D.C. - Bogotá;SI
3900165784;Bogotá-Bogota D.C.;Bogotá, D.C. - Bogotá;SI
11082849810;Bogotá-Bogota D.C.;Bogotá, D.C. - Bogotá;SI
11098684565;Bogotá-Bogota D.C.;Bogotá, D.C. - Bogotá;SI
11022356481;Bogotá-Bogota D.C.;Bogotá, D.C. - Bogotá;SI
179142019;Bogotá-Bogota D.C.;Bogotá, D.C. - Bogotá;SI
152708136;Bogotá-Bogota D.C.;Bogotá, D.C. - Bogotá;SI
3900208605;Bogotá-Bogota D.C.;Bogotá, D.C. - Bogotá;SI
151972884;Bogotá-Bogota D.C.;Bogotá, D.C. - Bogotá;SI
3901265608;Bogotá-Bogota D.C.;Bogotá, D.C. - Bogotá;SI
11020736314;Bogotá-Bogota D.C.;Bogotá, D.C. - Bogotá;SI
179948872;Bogotá-Bogota D.C.;Bogotá, D.C. - Bogotá;SI
3901554869;Bogotá-Bogota D.C.;Bogotá, D.C. - Bogotá;SI
11016040659;Bogotá-Bogota D.C.;Bogotá, D.C. - Bogotá;SI
11019019652;Bogotá-Bogota D.C.;Bogotá, D.C. - Bogotá;SI
152776869;Bogotá-Bogota D.C.;Bogotá, D.C. - Bogotá;SI
11022923461;Bogotá-Bogota D.C.;Bogotá, D.C. - Bogotá;SI
116249000;Bogotá-Bogota D.C.;Bogotá, D.C. - Bogotá;SI
2307501;Bogotá-Bogota D.C.;Bogotá, D.C. - Bogotá;SI
180039263;Bogotá-Bogota D.C.;Bogotá, D.C. - Bogotá;SI
179608098;Bogotá-Bogota D.C.;Bogotá, D.C. - Bogotá;SI
152526993;Bogotá-Bogota D.C.;Bogotá, D.C. - Bogotá;SI
3830002619;Bogotá-Bogota D.C.;Bogotá, D.C. - Bogotá;SI
152102257;Bogotá-Bogota D.C.;Bogotá, D.C. - Bogotá;SI
3900986050;Bogotá-Bogota D.C.;Bogotá, D.C. - Bogotá;SI
3901487733;Bogotá-Bogota D.C.;Bogotá, D.C. - Bogotá;SI
3901140217;Bogotá-Bogota D.C.;Bogotá, D.C. - Bogotá;SI
3900718239;Bogotá-Bogota D.C.;Bogotá, D.C. - Bogotá;SI
3900672167;Bogotá-Bogota D.C.;Bogotá, D.C. - Bogotá;SI
179562956;Bogotá-Bogota D.C.;Bogotá, D.C. - Bogotá;SI
3860005068;Bogotá-Bogota D.C.;Bogotá, D.C. - Bogotá;SI
3900844031;Bogotá-Bogota D.C.;Bogotá, D.C. - Bogotá;SI
121069752;Bogotá-Bogota D.C.;Bogotá, D.C. - Bogotá;SI
151749984;Bogotá-Bogota D.C.;Bogotá, D.C. - Bogotá;SI
3901032572;Bogotá-Bogota D.C.;Bogotá, D.C. - Bogotá;SI
174241606;Bogotá-Bogota D.C.;Bogotá, D.C. - Bogotá;SI
166860476;Bogotá-Bogota D.C.;Bogotá, D.C. - Bogotá;SI
2294064;Bogotá-Bogota D.C.;Bogotá, D.C. - Bogotá;SI
113879765;Bogotá-Bogota D.C.;Bogotá, D.C. - Bogotá;SI
180244751;Bogotá-Bogota D.C.;Bogotá, D.C. - Bogotá;SI
112194008;Bogotá-Bogota D.C.;Bogotá, D.C. - Bogotá;SI
180760994;Bogotá-Bogota D.C.;Bogotá, D.C. - Bogotá;SI
3800179368;Bogotá-Bogota D.C.;Bogotá, D.C. - Bogotá;SI
179914162;Bogotá-Bogota D.C.;Bogotá, D.C. - Bogotá;SI
3900161642;Bogotá-Bogota D.C.;Bogotá, D.C. - Bogotá;SI
180354071;Bogotá-Bogota D.C.;Bogotá, D.C. - Bogotá;SI
119458110;Bogotá-Bogota D.C.;Bogotá, D.C. - Bogotá;SI
3900069119;Bogotá-Bogota D.C.;Bogotá, D.C. - Bogotá;SI
3830069032;Bogotá-Bogota D.C.;Bogotá, D.C. - Bogotá;SI
180417151;Bogotá-Bogota D.C.;Bogotá, D.C. - Bogotá;SI
179043391;Bogotá-Bogota D.C.;Bogotá, D.C. - Bogotá;SI
3900842644;Bogotá-Bogota D.C.;Bogotá, D.C. - Bogotá;SI
3900962026;Bogotá-Bogota D.C.;Bogotá, D.C. - Bogotá;SI
151624429;Bogotá-Bogota D.C.;Bogotá, D.C. - Bogotá;SI
11030584351;Bogotá-Bogota D.C.;Bogotá, D.C. - Bogotá;SI
3900164343;Bogotá-Bogota D.C.;Bogotá, D.C. - Bogotá;SI
3900305904;Bogotá-Bogota D.C.;Bogotá, D.C. - Bogotá;SI
11121865146;Bogotá-Bogota D.C.;Bogotá, D.C. - Bogotá;SI
180796362;Bogotá-Bogota D.C.;Bogotá, D.C. - Bogotá;SI
152712449;Bogotá-Bogota D.C.;Bogotá, D.C. - Bogotá;SI
11026253049;Bogotá-Bogota D.C.;Bogotá, D.C. - Bogotá;SI
179472785;Bogotá-Bogota D.C.;Bogotá, D.C. - Bogotá;SI
119134670;Bogotá-Bogota D.C.;Bogotá, D.C. - Bogotá;SI
179595282;Bogotá-Bogota D.C.;Bogotá, D.C. - Bogotá;SI
119250469;Bogotá-Bogota D.C.;Bogotá, D.C. - Bogotá;SI
11000156578;Bogotá-Bogota D.C.;Bogotá, D.C. - Bogotá;SI
119396244;Bogotá-Bogota D.C.;Bogotá, D.C. - Bogotá;SI
179416034;Bogotá-Bogota D.C.;Bogotá, D.C. - Bogotá;SI
3800040620;Bogotá-Bogota D.C.;Bogotá, D.C. - Bogotá;SI
179498428;Bogotá-Bogota D.C.;Bogotá, D.C. - Bogotá;SI
119183327;Bogotá-Bogota D.C.;Bogotá, D.C. - Bogotá;SI
179349245;Bogotá-Bogota D.C.;Bogotá, D.C. - Bogotá;SI
3860007399;Bogotá-Bogota D.C.;Bogotá, D.C. - Bogotá;SI
11121816581;Bogotá-Bogota D.C.;Bogotá, D.C. - Bogotá;SI
180259687;Bogotá-Bogota D.C.;Bogotá, D.C. - Bogotá;SI
173070207;Bogotá-Bogota D.C.;Bogotá, D.C. - Bogotá;SI
11016034884;Bogotá-Bogota D.C.;Bogotá, D.C. - Bogotá;SI
3900119333;Bogotá-Bogota D.C.;Bogotá, D.C. - Bogotá;SI
3900859333;Bogotá-Bogota D.C.;Bogotá, D.C. - Bogotá;SI
180919559;Bogotá-Bogota D.C.;Bogotá, D.C. - Bogotá;SI
11030541713;Bogotá-Bogota D.C.;Bogotá, D.C. - Bogotá;SI
11020814077;Bogotá-Bogota D.C.;Bogotá, D.C. - Bogotá;SI
180110963;Bogotá-Bogota D.C.;Bogotá, D.C. - Bogotá;SI
152994412;Bogotá-Bogota D.C.;Bogotá, D.C. - Bogotá;SI
179598908;Bogotá-Bogota D.C.;Bogotá, D.C. - Bogotá;SI
179841004;Bogotá-Bogota D.C.;Bogotá, D.C. - Bogotá;SI
179341653;Bogotá-Bogota D.C.;Bogotá, D.C. - Bogotá;SI
152884649;Bogotá-Bogota D.C.;Bogotá, D.C. - Bogotá;SI
3900266210;Bogotá-Bogota D.C.;Bogotá, D.C. - Bogotá;SI
179617367;Bogotá-Bogota D.C.;Bogotá, D.C. - Bogotá;SI
3900931709;Bogotá-Bogota D.C.;Bogotá, D.C. - Bogotá;SI
3900668997;Bogotá-Bogota D.C.;Bogotá, D.C. - Bogotá;SI
180003188;Bogotá-Bogota D.C.;Bogotá, D.C. - Bogotá;SI
180189756;Bogotá-Bogota D.C.;Bogotá, D.C. - Bogotá;SI
179429795;Bogotá-Bogota D.C.;Bogotá, D.C. - Bogotá;SI
152835775;Bogotá-Bogota D.C.;Bogotá, D.C. - Bogotá;SI
11026582360;Bogotá-Bogota D.C.;Bogotá, D.C. - Bogotá;SI
179528784;Bogotá-Bogota D.C.;Bogotá, D.C. - Bogotá;SI
117091093;Bogotá-Bogota D.C.;Bogotá, D.C. - Bogotá;SI
11014218624;Bogotá-Bogota D.C.;Bogotá, D.C. - Bogotá;SI
179307861;Bogotá-Bogota D.C.;Bogotá, D.C. - Bogotá;SI
179735788;Bogotá-Bogota D.C.;Bogotá, D.C. - Bogotá;SI
179159224;Bogotá-Bogota D.C.;Bogotá, D.C. - Bogotá;SI
11022348998;Bogotá-Bogota D.C.;Bogotá, D.C. - Bogotá;SI
151708185;Bogotá-Bogota D.C.;Bogotá, D.C. - Bogotá;SI
3900919400;Bogotá-Bogota D.C.;Bogotá, D.C. - Bogotá;SI
11014244172;Bogotá-Bogota D.C.;Bogotá, D.C. - Bogotá;SI
172246140;Bogotá-Bogota D.C.;Bogotá, D.C. - Bogotá;SI
179947941;Bogotá-Bogota D.C.;Bogotá, D.C. - Bogotá;SI
180121171;Bogotá-Bogota D.C.;Bogotá, D.C. - Bogotá;SI
119493084;Bogotá-Bogota D.C.;Bogotá, D.C. - Bogotá;SI
179947453;Bogotá-Bogota D.C.;Bogotá, D.C. - Bogotá;SI
179470355;Bogotá-Bogota D.C.;Bogotá, D.C. - Bogotá;SI
180255788;Bogotá-Bogota D.C.;Bogotá, D.C. - Bogotá;SI
152230620;Bogotá-Bogota D.C.;Bogotá, D.C. - Bogotá;SI
3830041027;Bogotá-Bogota D.C.;Bogotá, D.C. - Bogotá;SI
3900462901;Bogotá-Bogota D.C.;Bogotá, D.C. - Bogotá;SI
180794637;Bogotá-Bogota D.C.;Bogotá, D.C. - Bogotá;SI
119303253;Bogotá-Bogota D.C.;Bogotá, D.C. - Bogotá;SI
11013597930;Bogotá-Bogota D.C.;Bogotá, D.C. - Bogotá;SI
179443452;Bogotá-Bogota D.C.;Bogotá, D.C. - Bogotá;SI
179434288;Bogotá-Bogota D.C.;Bogotá, D.C. - Bogotá;SI
11032481816;Bogotá-Bogota D.C.;Bogotá, D.C. - Bogotá;SI
137320444;Bogotá-Bogota D.C.;Bogotá, D.C. - Bogotá;SI
119315265;Bogotá-Bogota D.C.;Bogotá, D.C. - Bogotá;SI
179321083;Bogotá-Bogota D.C.;Bogotá, D.C. - Bogotá;SI
3860020382;Bogotá-Bogota D.C.;Bogotá, D.C. - Bogotá;SI
13181466;Bogotá-Bogota D.C.;Bogotá, D.C. - Bogotá;SI
3900368250;Bogotá-Bogota D.C.;Bogotá, D.C. - Bogotá;SI
198563929;Bogotá-Bogota D.C.;Bogotá, D.C. - Bogotá;SI
3900694415;Bogotá-Bogota D.C.;Bogotá, D.C. - Bogotá;SI
180423992;Bogotá-Bogota D.C.;Bogotá, D.C. - Bogotá;SI
180088751;Bogotá-Bogota D.C.;Bogotá, D.C. - Bogotá;SI
3901471327;Bogotá-Bogota D.C.;Bogotá, D.C. - Bogotá;SI
179986817;Bogotá-Bogota D.C.;Bogotá, D.C. - Bogotá;SI
11030626920;Bogotá-Bogota D.C.;Bogotá, D.C. - Bogotá;SI
3900064823;Bogotá-Bogota D.C.;Bogotá, D.C. - Bogotá;SI
11136881894;Bogotá-Bogota D.C.;Bogotá, D.C. - Bogotá;SI
191490948;Bogotá-Bogota D.C.;Bogotá, D.C. - Bogotá;SI
3900571527;Bogotá-Bogota D.C.;Bogotá, D.C. - Bogotá;SI
11093213669;Bogotá-Bogota D.C.;Bogotá, D.C. - Bogotá;SI
3830131935;Bogotá-Bogota D.C.;Bogotá, D.C. - Bogotá;SI
152769665;Bogotá-Bogota D.C.;Bogotá, D.C. - Bogotá;SI
3901143791;Bogotá-Bogota D.C.;Bogotá, D.C. - Bogotá;SI
14442836;Bogotá-Bogota D.C.;Bogotá, D.C. - Bogotá;SI
11121835850;Bogotá-Bogota D.C.;Bogotá, D.C. - Bogotá;SI
3900710194;Bogotá-Bogota D.C.;Bogotá, D.C. - Bogotá;SI
180927251;Bogotá-Bogota D.C.;Bogotá, D.C. - Bogotá;SI
11022333788;Bogotá-Bogota D.C.;Bogotá, D.C. - Bogotá;SI
151870109;Bogotá-Bogota D.C.;Bogotá, D.C. - Bogotá;SI
3901399676;Bogotá-Bogota D.C.;Bogotá, D.C. - Bogotá;SI
180733987;Bogotá-Bogota D.C.;Bogotá, D.C. - Bogotá;SI
14615444;Bogotá-Bogota D.C.;Bogotá, D.C. - Bogotá;SI
132010039;Bogotá-Bogota D.C.;Bogotá, D.C. - Bogotá;SI
179867939;Bogotá-Bogota D.C.;Bogotá, D.C. - Bogotá;SI
11020750143;Bogotá-Bogota D.C.;Bogotá, D.C. - Bogotá;SI
179908495;Bogotá-Bogota D.C.;Bogotá, D.C. - Bogotá;SI
179645995;Bogotá-Bogota D.C.;Bogotá, D.C. - Bogotá;SI
119263212;Bogotá-Bogota D.C.;Bogotá, D.C. - Bogotá;SI
3900348312;Bogotá-Bogota D.C.;Bogotá, D.C. - Bogotá;SI
3901055291;Bogotá-Bogota D.C.;Bogotá, D.C. - Bogotá;SI
114956356;Bogotá-Bogota D.C.;Bogotá, D.C. - Bogotá;SI
11030598315;Bogotá-Bogota D.C.;Bogotá, D.C. - Bogotá;SI
179104134;Bogotá-Bogota D.C.;Bogotá, D.C. - Bogotá;SI
180125028;Bogotá-Bogota D.C.;Bogotá, D.C. - Bogotá;SI
3900820111;Bogotá-Bogota D.C.;Bogotá, D.C. - Bogotá;SI
172250147;Bogotá-Bogota D.C.;Bogotá, D.C. - Bogotá;SI
11032365416;Bogotá-Bogota D.C.;Bogotá, D.C. - Bogotá;SI
3901168719;Bogotá-Bogota D.C.;Bogotá, D.C. - Bogotá;SI
179685824;Bogotá-Bogota D.C.;Bogotá, D.C. - Bogotá;SI
110535920;Bogotá-Bogota D.C.;Bogotá, D.C. - Bogotá;SI
198567276;Bogotá-Bogota D.C.;Bogotá, D.C. - Bogotá;SI
3832003291;Bogotá-Bogota D.C.;Bogotá, D.C. - Bogotá;SI
151941065;Bogotá-Bogota D.C.;Bogotá, D.C. - Bogotá;SI
3800164764;Bogotá-Bogota D.C.;Bogotá, D.C. - Bogotá;SI
180664524;Bogotá-Bogota D.C.;Bogotá, D.C. - Bogotá;SI
179255436;Bogotá-Bogota D.C.;Bogotá, D.C. - Bogotá;SI
3900849832;Bogotá-Bogota D.C.;Bogotá, D.C. - Bogotá;SI
119271580;Bogotá-Bogota D.C.;Bogotá, D.C. - Bogotá;SI
3901375414;Bogotá-Bogota D.C.;Bogotá, D.C. - Bogotá;SI
11016097667;Bogotá-Bogota D.C.;Bogotá, D.C. - Bogotá;SI
139777227;Bogotá-Bogota D.C.;Bogotá, D.C. - Bogotá;SI
3901013709;Bogotá-Bogota D.C.;Bogotá, D.C. - Bogotá;SI
114431970;Bogotá-Bogota D.C.;Bogotá, D.C. - Bogotá;SI
140375547;Bogotá-Bogota D.C.;Bogotá, D.C. - Bogotá;SI
113760510;Bogotá-Bogota D.C.;Bogotá, D.C. - Bogotá;SI
180874187;Bogotá-Bogota D.C.;Bogotá, D.C. - Bogotá;SI
119212517;Bogotá-Bogota D.C.;Bogotá, D.C. - Bogotá;SI
3830136863;Bogotá-Bogota D.C.;Bogotá, D.C. - Bogotá;SI
119156159;Bogotá-Bogota D.C.;Bogotá, D.C. - Bogotá;SI
140310031;Bogotá-Bogota D.C.;Bogotá, D.C. - Bogotá;SI
152486710;Bogotá-Bogota D.C.;Bogotá, D.C. - Bogotá;SI
11019021701;Bogotá-Bogota D.C.;Bogotá, D.C. - Bogotá;SI
3860402332;Bogotá-Bogota D.C.;Bogotá, D.C. - Bogotá;SI
152272737;Bogotá-Bogota D.C.;Bogotá, D.C. - Bogotá;SI
121180405;Bogotá-Bogota D.C.;Bogotá, D.C. - Bogotá;SI
179579434;Bogotá-Bogota D.C.;Bogotá, D.C. - Bogotá;SI
2807276;Bogotá-Bogota D.C.;Bogotá, D.C. - Bogotá;SI
2381887;Bogotá-Bogota D.C.;Bogotá, D.C. - Bogotá;SI
13050464;Bogotá-Bogota D.C.;Bogotá, D.C. - Bogotá;SI
3900220563;Bogotá-Bogota D.C.;Bogotá, D.C. - Bogotá;SI
11014226302;Bogotá-Bogota D.C.;Bogotá, D.C. - Bogotá;SI
179957508;Bogotá-Bogota D.C.;Bogotá, D.C. - Bogotá;SI
180181522;Bogotá-Bogota D.C.;Bogotá, D.C. - Bogotá;SI
3892099421;Bogotá-Bogota D.C.;Bogotá, D.C. - Bogotá;SI
3860532598;Bogotá-Bogota D.C.;Bogotá, D.C. - Bogotá;SI
179636928;Bogotá-Bogota D.C.;Bogotá, D.C. - Bogotá;SI
180217862;Bogotá-Bogota D.C.;Bogotá, D.C. - Bogotá;SI
3900811348;Bogotá-Bogota D.C.;Bogotá, D.C. - Bogotá;SI
152349969;Bogotá-Bogota D.C.;Bogotá, D.C. - Bogotá;SI
179524508;Bogotá-Bogota D.C.;Bogotá, D.C. - Bogotá;SI
3800042210;Bogotá-Bogota D.C.;Bogotá, D.C. - Bogotá;SI
119456581;Bogotá-Bogota D.C.;Bogotá, D.C. - Bogotá;SI
3830099423;Bogotá-Bogota D.C.;Bogotá, D.C. - Bogotá;SI
141675363;Bogotá-Bogota D.C.;Bogotá, D.C. - Bogotá;SI
179294344;Bogotá-Bogota D.C.;Bogotá, D.C. - Bogotá;SI
13338907;Bogotá-Bogota D.C.;Bogotá, D.C. - Bogotá;SI
179786796;Bogotá-Bogota D.C.;Bogotá, D.C. - Bogotá;SI
116771281;Bogotá-Bogota D.C.;Bogotá, D.C. - Bogotá;SI
3900298102;Bogotá-Bogota D.C.;Bogotá, D.C. - Bogotá;SI
3800176862;Bogotá-Bogota D.C.;Bogotá, D.C. - Bogotá;SI
3900291801;Bogotá-Bogota D.C.;Bogotá, D.C. - Bogotá;SI
11030625184;Bogotá-Bogota D.C.;Bogotá, D.C. - Bogotá;SI
180256433;Bogotá-Bogota D.C.;Bogotá, D.C. - Bogotá;SI
11020763866;Bogotá-Bogota D.C.;Bogotá, D.C. - Bogotá;SI
180258043;Bogotá-Bogota D.C.;Bogotá, D.C. - Bogotá;SI
11070619218;Bogotá-Bogota D.C.;Bogotá, D.C. - Bogotá;SI
11098699960;Bogotá-Bogota D.C.;Bogotá, D.C. - Bogotá;SI
17334512;Bogotá-Bogota D.C.;Bogotá, D.C. - Bogotá;SI
179797506;Bogotá-Bogota D.C.;Bogotá, D.C. - Bogotá;SI
11032384864;Bogotá-Bogota D.C.;Bogotá, D.C. - Bogotá;SI
3900056425;Bogotá-Bogota D.C.;Bogotá, D.C. - Bogotá;SI
179361750;Bogotá-Bogota D.C.;Bogotá, D.C. - Bogotá;SI
119295395;Bogotá-Bogota D.C.;Bogotá, D.C. - Bogotá;SI
3901212769;Bogotá-Bogota D.C.;Bogotá, D.C. - Bogotá;SI
3900386719;Bogotá-Bogota D.C.;Bogotá, D.C. - Bogotá;SI
186067421;Bogotá-Bogota D.C.;Bogotá, D.C. - Bogotá;SI
180793540;Bogotá-Bogota D.C.;Bogotá, D.C. - Bogotá;SI
3830041326;Bogotá-Bogota D.C.;Bogotá, D.C. - Bogotá;SI
3830085540;Bogotá-Bogota D.C.;Bogotá, D.C. - Bogotá;SI
179335480;Bogotá-Bogota D.C.;Bogotá, D.C. - Bogotá;SI
3830050353;Bogotá-Bogota D.C.;Bogotá, D.C. - Bogotá;SI
152833047;Bogotá-Bogota D.C.;Bogotá, D.C. - Bogotá;SI
16757686;Bogotá-Bogota D.C.;Bogotá, D.C. - Bogotá;SI
159686862;Bogotá-Bogota D.C.;Bogotá, D.C. - Bogotá;SI
3901470571;Bogotá-Bogota D.C.;Bogotá, D.C. - Bogotá;SI
179778908;Bogotá-Bogota D.C.;Bogotá, D.C. - Bogotá;SI
3900578375;Bogotá-Bogota D.C.;Bogotá, D.C. - Bogotá;SI
180093668;Bogotá-Bogota D.C.;Bogotá, D.C. - Bogotá;SI
179702221;Bogotá-Bogota D.C.;Bogotá, D.C. - Bogotá;SI
3830099596;Bogotá-Bogota D.C.;Bogotá, D.C. - Bogotá;SI
11010178058;Bogotá-Bogota D.C.;Bogotá, D.C. - Bogotá;SI
3900041883;Bogotá-Bogota D.C.;Bogotá, D.C. - Bogotá;SI
194452713;Bogotá-Bogota D.C.;Bogotá, D.C. - Bogotá;SI
3900740571;Bogotá-Bogota D.C.;Bogotá, D.C. - Bogotá;SI
3830050247;Bogotá-Bogota D.C.;Bogotá, D.C. - Bogotá;SI
186066378;Bogotá-Bogota D.C.;Bogotá, D.C. - Bogotá;SI
11032452063;Bogotá-Bogota D.C.;Bogotá, D.C. - Bogotá;SI
180117543;Bogotá-Bogota D.C.;Bogotá, D.C. - Bogotá;SI
11022373393;Bogotá-Bogota D.C.;Bogotá, D.C. - Bogotá;SI
151821892;Bogotá-Bogota D.C.;Bogotá, D.C. - Bogotá;SI
179425501;Bogotá-Bogota D.C.;Bogotá, D.C. - Bogotá;SI
19397532;Bogotá-Bogota D.C.;Bogotá, D.C. - Bogotá;SI
3900299815;Bogotá-Bogota D.C.;Bogotá, D.C. - Bogotá;SI
179683020;Bogotá-Bogota D.C.;Bogotá, D.C. - Bogotá;SI
3860046201;Bogotá-Bogota D.C.;Bogotá, D.C. - Bogotá;SI
179517951;Bogotá-Bogota D.C.;Bogotá, D.C. - Bogotá;SI
186002461;Bogotá-Bogota D.C.;Bogotá, D.C. - Bogotá;SI
11088281097;Bogotá-Bogota D.C.;Bogotá, D.C. - Bogotá;SI
179264316;Bogotá-Bogota D.C.;Bogotá, D.C. - Bogotá;SI
188244204;Bogotá-Bogota D.C.;Bogotá, D.C. - Bogotá;SI
11121838641;Bogotá-Bogota D.C.;Bogotá, D.C. - Bogotá;SI
132472399;Bogotá-Bogota D.C.;Bogotá, D.C. - Bogotá;SI
117189740;Bogotá-Bogota D.C.;Bogotá, D.C. - Bogotá;SI
3899999059;Bogotá-Bogota D.C.;Bogotá, D.C. - Bogotá;SI
1194295;Bogotá-Bogota D.C.;Bogotá, D.C. - Bogotá;SI
128893970;Bogotá-Bogota D.C.;Bogotá, D.C. - Bogotá;SI
152588725;Bogotá-Bogota D.C.;Bogotá, D.C. - Bogotá;SI
11024490537;Bogotá-Bogota D.C.;Bogotá, D.C. - Bogotá;SI
11022324279;Bogotá-Bogota D.C.;Bogotá, D.C. - Bogotá;SI
180001714;Bogotá-Bogota D.C.;Bogotá, D.C. - Bogotá;SI
179481788;Bogotá-Bogota D.C.;Bogotá, D.C. - Bogotá;SI
3900529261;Bogotá-Bogota D.C.;Bogotá, D.C. - Bogotá;SI
3901005018;Bogotá-Bogota D.C.;Bogotá, D.C. - Bogotá;SI
11019006241;Bogotá-Bogota D.C.;Bogotá, D.C. - Bogotá;SI
3900795782;Bogotá-Bogota D.C.;Bogotá, D.C. - Bogotá;SI
11020847445;Bogotá-Bogota D.C.;Bogotá, D.C. - Bogotá;SI
3800204462;Bogotá-Bogota D.C.;Bogotá, D.C. - Bogotá;SI
179645932;Bogotá-Bogota D.C.;Bogotá, D.C. - Bogotá;SI
3901543054;Bogotá-Bogota D.C.;Bogotá, D.C. - Bogotá;SI
152085705;Bogotá-Bogota D.C.;Bogotá, D.C. - Bogotá;SI
3830118439;Bogotá-Bogota D.C.;Bogotá, D.C. - Bogotá;SI
3900225474;Bogotá-Bogota D.C.;Bogotá, D.C. - Bogotá;SI
11022384278;Bogotá-Bogota D.C.;Bogotá, D.C. - Bogotá;SI
193378074;Bogotá-Bogota D.C.;Bogotá, D.C. - Bogotá;SI
3900476053;Bogotá-Bogota D.C.;Bogotá, D.C. - Bogotá;SI
180035465;Bogotá-Bogota D.C.;Bogotá, D.C. - Bogotá;SI
123521580;Bogotá-Bogota D.C.;Bogotá, D.C. - Bogotá;SI
141552422;Bogotá-Bogota D.C.;Bogotá, D.C. - Bogotá;SI
18661553;Bogotá-Bogota D.C.;Bogotá, D.C. - Bogotá;SI
186073047;Bogotá-Bogota D.C.;Bogotá, D.C. - Bogotá;SI
180015231;Bogotá-Bogota D.C.;Bogotá, D.C. - Bogotá;SI
11032388393;Bogotá-Bogota D.C.;Bogotá, D.C. - Bogotá;SI
3822006605;Bogotá-Bogota D.C.;Bogotá, D.C. - Bogotá;SI
180010394;Bogotá-Bogota D.C.;Bogotá, D.C. - Bogotá;SI
3900633094;Bogotá-Bogota D.C.;Bogotá, D.C. - Bogotá;SI
11121883888;Bogotá-Bogota D.C.;Bogotá, D.C. - Bogotá;SI
179856685;Bogotá-Bogota D.C.;Bogotá, D.C. - Bogotá;SI
179863125;Bogotá-Bogota D.C.;Bogotá, D.C. - Bogotá;SI
179421821;Bogotá-Bogota D.C.;Bogotá, D.C. - Bogotá;SI
111312375;Bogotá-Bogota D.C.;Bogotá, D.C. - Bogotá;SI
152777981;Bogotá-Bogota D.C.;Bogotá, D.C. - Bogotá;SI
13228755;Bogotá-Bogota D.C.;Bogotá, D.C. - Bogotá;SI
11019109839;Bogotá-Bogota D.C.;Bogotá, D.C. - Bogotá;SI
151993374;Bogotá-Bogota D.C.;Bogotá, D.C. - Bogotá;SI
153012071;Bogotá-Bogota D.C.;Bogotá, D.C. - Bogotá;SI
179115650;Bogotá-Bogota D.C.;Bogotá, D.C. - Bogotá;SI
13295716;Bogotá-Bogota D.C.;Bogotá, D.C. - Bogotá;SI
179519421;Bogotá-Bogota D.C.;Bogotá, D.C. - Bogotá;SI
179839998;Bogotá-Bogota D.C.;Bogotá, D.C. - Bogotá;SI
179214493;Bogotá-Bogota D.C.;Bogotá, D.C. - Bogotá;SI
179758340;Bogotá-Bogota D.C.;Bogotá, D.C. - Bogotá;SI
152982966;Bogotá-Bogota D.C.;Bogotá, D.C. - Bogotá;SI
3830108403;Bogotá-Bogota D.C.;Bogotá, D.C. - Bogotá;SI
3900688486;Bogotá-Bogota D.C.;Bogotá, D.C. - Bogotá;SI
19738693;Bogotá-Bogota D.C.;Bogotá, D.C. - Bogotá;SI
179961053;Bogotá-Bogota D.C.;Bogotá, D.C. - Bogotá;SI
12956805;Bogotá-Bogota D.C.;Bogotá, D.C. - Bogotá;SI
180791854;Bogotá-Bogota D.C.;Bogotá, D.C. - Bogotá;SI
179847137;Bogotá-Bogota D.C.;Bogotá, D.C. - Bogotá;SI
110025542;Bogotá-Bogota D.C.;Bogotá, D.C. - Bogotá;SI
119205378;Bogotá-Bogota D.C.;Bogotá, D.C. - Bogotá;SI
3900761657;Bogotá-Bogota D.C.;Bogotá, D.C. - Bogotá;SI
140328374;Bogotá-Bogota D.C.;Bogotá, D.C. - Bogotá;SI
11032378523;Bogotá-Bogota D.C.;Bogotá, D.C. - Bogotá;SI
179781890;Bogotá-Bogota D.C.;Bogotá, D.C. - Bogotá;SI
180505228;Bogotá-Bogota D.C.;Bogotá, D.C. - Bogotá;SI
11033817486;Bogotá-Bogota D.C.;Bogotá, D.C. - Bogotá;SI
3900039770;Bogotá-Bogota D.C.;Bogotá, D.C. - Bogotá;SI
180101208;Bogotá-Bogota D.C.;Bogotá, D.C. - Bogotá;SI
165726682;Bogotá-Bogota D.C.;Bogotá, D.C. - Bogotá;SI
11019016120;Bogotá-Bogota D.C.;Bogotá, D.C. - Bogotá;SI
3901182867;Bogotá-Bogota D.C.;Bogotá, D.C. - Bogotá;SI
3900631799;Bogotá-Bogota D.C.;Bogotá, D.C. - Bogotá;SI
11016066443;Bogotá-Bogota D.C.;Bogotá, D.C. - Bogotá;SI
186086447;Bogotá-Bogota D.C.;Bogotá, D.C. - Bogotá;SI
179388862;Bogotá-Bogota D.C.;Bogotá, D.C. - Bogotá;SI
3901479965;Bogotá-Bogota D.C.;Bogotá, D.C. - Bogotá;SI
11121841955;Bogotá-Bogota D.C.;Bogotá, D.C. - Bogotá;SI
3900040176;Bogotá-Bogota D.C.;Bogotá, D.C. - Bogotá;SI
17314433;Bogotá-Bogota D.C.;Bogotá, D.C. - Bogotá;SI
11015417694;Bogotá-Bogota D.C.;Bogotá, D.C. - Bogotá;SI
179518980;Bogotá-Bogota D.C.;Bogotá, D.C. - Bogotá;SI
187492016;Bogotá-Bogota D.C.;Bogotá, D.C. - Bogotá;SI
180165325;Bogotá-Bogota D.C.;Bogotá, D.C. - Bogotá;SI
119418227;Bogotá-Bogota D.C.;Bogotá, D.C. - Bogotá;SI
12955555;Bogotá-Bogota D.C.;Bogotá, D.C. - Bogotá;SI
11023917518;Bogotá-Bogota D.C.;Bogotá, D.C. - Bogotá;SI
191068647;Bogotá-Bogota D.C.;Bogotá, D.C. - Bogotá;SI
11026261492;Bogotá-Bogota D.C.;Bogotá, D.C. - Bogotá;SI
3830513235;Bogotá-Bogota D.C.;Bogotá, D.C. - Bogotá;SI
3900578634;Bogotá-Bogota D.C.;Bogotá, D.C. - Bogotá;SI
19692144;Bogotá-Bogota D.C.;Bogotá, D.C. - Bogotá;SI
114272471;Bogotá-Bogota D.C.;Bogotá, D.C. - Bogotá;SI
151782587;Bogotá-Bogota D.C.;Bogotá, D.C. - Bogotá;SI
179942740;Bogotá-Bogota D.C.;Bogotá, D.C. - Bogotá;SI
11114813242;Bogotá-Bogota D.C.;Bogotá, D.C. - Bogotá;SI
11018432066;Bogotá-Bogota D.C.;Bogotá, D.C. - Bogotá;SI
3860077014;Bogotá-Bogota D.C.;Bogotá, D.C. - Bogotá;SI
11019153869;Bogotá-Bogota D.C.;Bogotá, D.C. - Bogotá;SI
179265173;Bogotá-Bogota D.C.;Bogotá, D.C. - Bogotá;SI
179780142;Bogotá-Bogota D.C.;Bogotá, D.C. - Bogotá;SI
2391717;Bogotá-Bogota D.C.;Bogotá, D.C. - Bogotá;SI
3830131279;Bogotá-Bogota D.C.;Bogotá, D.C. - Bogotá;SI
179614279;Bogotá-Bogota D.C.;Bogotá, D.C. - Bogotá;SI
180818360;Bogotá-Bogota D.C.;Bogotá, D.C. - Bogotá;SI
3860012357;Bogotá-Bogota D.C.;Bogotá, D.C. - Bogotá;SI
11010072849;Bogotá-Bogota D.C.;Bogotá, D.C. - Bogotá;SI
119453040;Bogotá-Bogota D.C.;Bogotá, D.C. - Bogotá;SI
2469841;Bogotá-Bogota D.C.;Bogotá, D.C. - Bogotá;SI
11121946483;Bogotá-Bogota D.C.;Bogotá, D.C. - Bogotá;SI
111189562;Bogotá-Bogota D.C.;Bogotá, D.C. - Bogotá;SI
179578166;Bogotá-Bogota D.C.;Bogotá, D.C. - Bogotá;SI
179283406;Bogotá-Bogota D.C.;Bogotá, D.C. - Bogotá;SI
179522633;Bogotá-Bogota D.C.;Bogotá, D.C. - Bogotá;SI
180189650;Bogotá-Bogota D.C.;Bogotá, D.C. - Bogotá;SI
179620256;Bogotá-Bogota D.C.;Bogotá, D.C. - Bogotá;SI
11020790241;Bogotá-Bogota D.C.;Bogotá, D.C. - Bogotá;SI
119168345;Bogotá-Bogota D.C.;Bogotá, D.C. - Bogotá;SI
180759977;Bogotá-Bogota D.C.;Bogotá, D.C. - Bogotá;SI
3830113749;Bogotá-Bogota D.C.;Bogotá, D.C. - Bogotá;SI
3900449881;Bogotá-Bogota D.C.;Bogotá, D.C. - Bogotá;SI
3830023738;Bogotá-Bogota D.C.;Bogotá, D.C. - Bogotá;SI
181717311;Bogotá-Bogota D.C.;Bogotá, D.C. - Bogotá;SI
180732765;Bogotá-Bogota D.C.;Bogotá, D.C. - Bogotá;SI
121237391;Bogotá-Bogota D.C.;Bogotá, D.C. - Bogotá;SI
3901252272;Bogotá-Bogota D.C.;Bogotá, D.C. - Bogotá;SI
180903028;Bogotá-Bogota D.C.;Bogotá, D.C. - Bogotá;SI
11014187634;Bogotá-Bogota D.C.;Bogotá, D.C. - Bogotá;SI
119176050;Bogotá-Bogota D.C.;Bogotá, D.C. - Bogotá;SI
3900665788;Bogotá-Bogota D.C.;Bogotá, D.C. - Bogotá;SI
119222756;Bogotá-Bogota D.C.;Bogotá, D.C. - Bogotá;SI
3800155100;Bogotá-Bogota D.C.;Bogotá, D.C. - Bogotá;SI
152708839;Bogotá-Bogota D.C.;Bogotá, D.C. - Bogotá;SI
180031050;Bogotá-Bogota D.C.;Bogotá, D.C. - Bogotá;SI
119289958;Bogotá-Bogota D.C.;Bogotá, D.C. - Bogotá;SI
179445686;Bogotá-Bogota D.C.;Bogotá, D.C. - Bogotá;SI
3900995118;Bogotá-Bogota D.C.;Bogotá, D.C. - Bogotá;SI
19528526;Bogotá-Bogota D.C.;Bogotá, D.C. - Bogotá;SI
11018426975;Bogotá-Bogota D.C.;Bogotá, D.C. - Bogotá;SI
3860508234;Bogotá-Bogota D.C.;Bogotá, D.C. - Bogotá;SI
3830001584;Bogotá-Bogota D.C.;Bogotá, D.C. - Bogotá;SI
140402876;Bogotá-Bogota D.C.;Bogotá, D.C. - Bogotá;SI
17335521;Bogotá-Bogota D.C.;Bogotá, D.C. - Bogotá;SI
11033762817;Bogotá-Bogota D.C.;Bogotá, D.C. - Bogotá;SI
186078473;Bogotá-Bogota D.C.;Bogotá, D.C. - Bogotá;SI
180797047;Bogotá-Bogota D.C.;Bogotá, D.C. - Bogotá;SI
152711247;Bogotá-Bogota D.C.;Bogotá, D.C. - Bogotá;SI
119197044;Bogotá-Bogota D.C.;Bogotá, D.C. - Bogotá;SI
179938946;Bogotá-Bogota D.C.;Bogotá, D.C. - Bogotá;SI
11019140700;Bogotá-Bogota D.C.;Bogotá, D.C. - Bogotá;SI
3900410889;Bogotá-Bogota D.C.;Bogotá, D.C. - Bogotá;SI
140404139;Bogotá-Bogota D.C.;Bogotá, D.C. - Bogotá;SI
151729732;Bogotá-Bogota D.C.;Bogotá, D.C. - Bogotá;SI
11022367176;Bogotá-Bogota D.C.;Bogotá, D.C. - Bogotá;SI
139650091;Bogotá-Bogota D.C.;Bogotá, D.C. - Bogotá;SI
179412321;Bogotá-Bogota D.C.;Bogotá, D.C. - Bogotá;SI
3830052168;Bogotá-Bogota D.C.;Bogotá, D.C. - Bogotá;SI
186055788;Bogotá-Bogota D.C.;Bogotá, D.C. - Bogotá;SI
3900640290;Bogotá-Bogota D.C.;Bogotá, D.C. - Bogotá;SI
3900423007;Bogotá-Bogota D.C.;Bogotá, D.C. - Bogotá;SI
179749712;Bogotá-Bogota D.C.;Bogotá, D.C. - Bogotá;SI
17365315;Bogotá-Bogota D.C.;Bogotá, D.C. - Bogotá;SI
3900628905;Bogotá-Bogota D.C.;Bogotá, D.C. - Bogotá;SI
165827072;Bogotá-Bogota D.C.;Bogotá, D.C. - Bogotá;SI
15712201;Bogotá-Bogota D.C.;Bogotá, D.C. - Bogotá;SI
11032381352;Bogotá-Bogota D.C.;Bogotá, D.C. - Bogotá;SI
11121826364;Bogotá-Bogota D.C.;Bogotá, D.C. - Bogotá;SI
11121872333;Bogotá-Bogota D.C.;Bogotá, D.C. - Bogotá;SI
111317153;Bogotá-Bogota D.C.;Bogotá, D.C. - Bogotá;SI
3900490594;Bogotá-Bogota D.C.;Bogotá, D.C. - Bogotá;SI
180873290;Bogotá-Bogota D.C.;Bogotá, D.C. - Bogotá;SI
171656704;Bogotá-Bogota D.C.;Bogotá, D.C. - Bogotá;SI
140376263;Bogotá-Bogota D.C.;Bogotá, D.C. - Bogotá;SI
180115356;Bogotá-Bogota D.C.;Bogotá, D.C. - Bogotá;SI
17918558;Bogotá-Bogota D.C.;Bogotá, D.C. - Bogotá;SI
3900300613;Bogotá-Bogota D.C.;Bogotá, D.C. - Bogotá;SI
152701170;Bogotá-Bogota D.C.;Bogotá, D.C. - Bogotá;SI
11017170222;Bogotá-Bogota D.C.;Bogotá, D.C. - Bogotá;SI
179386159;Bogotá-Bogota D.C.;Bogotá, D.C. - Bogotá;SI
3900711931;Bogotá-Bogota D.C.;Bogotá, D.C. - Bogotá;SI
3830131802;Bogotá-Bogota D.C.;Bogotá, D.C. - Bogotá;SI
3830012157;Bogotá-Bogota D.C.;Bogotá, D.C. - Bogotá;SI
179219898;Bogotá-Bogota D.C.;Bogotá, D.C. - Bogotá;SI
3900902976;Bogotá-Bogota D.C.;Bogotá, D.C. - Bogotá;SI
11018440293;Bogotá-Bogota D.C.;Bogotá, D.C. - Bogotá;SI
14090168;Bogotá-Bogota D.C.;Bogotá, D.C. - Bogotá;SI
13274225;Bogotá-Bogota D.C.;Bogotá, D.C. - Bogotá;SI
152829565;Bogotá-Bogota D.C.;Bogotá, D.C. - Bogotá;SI
121183569;Bogotá-Bogota D.C.;Bogotá, D.C. - Bogotá;SI
3900035083;Bogotá-Bogota D.C.;Bogotá, D.C. - Bogotá;SI
179983931;Bogotá-Bogota D.C.;Bogotá, D.C. - Bogotá;SI
121225859;Bogotá-Bogota D.C.;Bogotá, D.C. - Bogotá;SI
17277268;Bogotá-Bogota D.C.;Bogotá, D.C. - Bogotá;SI
140362171;Bogotá-Bogota D.C.;Bogotá, D.C. - Bogotá;SI
176322991;Bogotá-Bogota D.C.;Bogotá, D.C. - Bogotá;SI
193471587;Bogotá-Bogota D.C.;Bogotá, D.C. - Bogotá;SI
180209682;Bogotá-Bogota D.C.;Bogotá, D.C. - Bogotá;SI
179757064;Bogotá-Bogota D.C.;Bogotá, D.C. - Bogotá;SI
17717504;Bogotá-Bogota D.C.;Bogotá, D.C. - Bogotá;SI
119267147;Bogotá-Bogota D.C.;Bogotá, D.C. - Bogotá;SI
186048462;Bogotá-Bogota D.C.;Bogotá, D.C. - Bogotá;SI
180223950;Bogotá-Bogota D.C.;Bogotá, D.C. - Bogotá;SI
11122124603;Bogotá-Bogota D.C.;Bogotá, D.C. - Bogotá;SI
179746146;Bogotá-Bogota D.C.;Bogotá, D.C. - Bogotá;SI
122585366;Bogotá-Bogota D.C.;Bogotá, D.C. - Bogotá;SI
179423301;Bogotá-Bogota D.C.;Bogotá, D.C. - Bogotá;SI
111426350;Bogotá-Bogota D.C.;Bogotá, D.C. - Bogotá;SI
179399206;Bogotá-Bogota D.C.;Bogotá, D.C. - Bogotá;SI
180766044;Bogotá-Bogota D.C.;Bogotá, D.C. - Bogotá;SI
3900468318;Bogotá-Bogota D.C.;Bogotá, D.C. - Bogotá;SI
179770758;Bogotá-Bogota D.C.;Bogotá, D.C. - Bogotá;SI
3900660468;Bogotá-Bogota D.C.;Bogotá, D.C. - Bogotá;SI
18237600;Bogotá-Bogota D.C.;Bogotá, D.C. - Bogotá;SI
11018407107;Bogotá-Bogota D.C.;Bogotá, D.C. - Bogotá;SI
2688518;Bogotá-Bogota D.C.;Bogotá, D.C. - Bogotá;SI
3860032057;Bogotá-Bogota D.C.;Bogotá, D.C. - Bogotá;SI
152382708;Bogotá-Bogota D.C.;Bogotá, D.C. - Bogotá;SI
179655924;Bogotá-Bogota D.C.;Bogotá, D.C. - Bogotá;SI
139537715;Bogotá-Bogota D.C.;Bogotá, D.C. - Bogotá;SI
151876102;Bogotá-Bogota D.C.;Bogotá, D.C. - Bogotá;SI
180310983;Bogotá-Bogota D.C.;Bogotá, D.C. - Bogotá;SI
119465981;Bogotá-Bogota D.C.;Bogotá, D.C. - Bogotá;SI
152267809;Bogotá-Bogota D.C.;Bogotá, D.C. - Bogotá;SI
180075494;Bogotá-Bogota D.C.;Bogotá, D.C. - Bogotá;SI
121226575;Bogotá-Bogota D.C.;Bogotá, D.C. - Bogotá;SI
117139145;Bogotá-Bogota D.C.;Bogotá, D.C. - Bogotá;SI
117174935;Bogotá-Bogota D.C.;Bogotá, D.C. - Bogotá;SI
3900264393;Bogotá-Bogota D.C.;Bogotá, D.C. - Bogotá;SI
179785300;Bogotá-Bogota D.C.;Bogotá, D.C. - Bogotá;SI
3900069648;Bogotá-Bogota D.C.;Bogotá, D.C. - Bogotá;SI
11068927086;Bogotá-Bogota D.C.;Bogotá, D.C. - Bogotá;SI
135468780;Bogotá-Bogota D.C.;Bogotá, D.C. - Bogotá;SI
179868294;Bogotá-Bogota D.C.;Bogotá, D.C. - Bogotá;SI
152378501;Bogotá-Bogota D.C.;Bogotá, D.C. - Bogotá;SI
119365864;Bogotá-Bogota D.C.;Bogotá, D.C. - Bogotá;SI
179600543;Bogotá-Bogota D.C.;Bogotá, D.C. - Bogotá;SI
3860505983;Bogotá-Bogota D.C.;Bogotá, D.C. - Bogotá;SI
130305070;Bogotá-Bogota D.C.;Bogotá, D.C. - Bogotá;SI
3901254246;Bogotá-Bogota D.C.;Bogotá, D.C. - Bogotá;SI
3800214706;Bogotá-Bogota D.C.;Bogotá, D.C. - Bogotá;SI
180197161;Bogotá-Bogota D.C.;Bogotá, D.C. - Bogotá;SI
11023905478;Bogotá-Bogota D.C.;Bogotá, D.C. - Bogotá;SI
3800127368;Bogotá-Bogota D.C.;Bogotá, D.C. - Bogotá;SI
11136881847;Bogotá-Bogota D.C.;Bogotá, D.C. - Bogotá;SI
3811018676;Bogotá-Bogota D.C.;Bogotá, D.C. - Bogotá;SI
152060197;Bogotá-Bogota D.C.;Bogotá, D.C. - Bogotá;SI
11013619602;Bogotá-Bogota D.C.;Bogotá, D.C. - Bogotá;SI
152087193;Bogotá-Bogota D.C.;Bogotá, D.C. - Bogotá;SI
179363901;Bogotá-Bogota D.C.;Bogotá, D.C. - Bogotá;SI
179125170;Bogotá-Bogota D.C.;Bogotá, D.C. - Bogotá;SI
11013673009;Bogotá-Bogota D.C.;Bogotá, D.C. - Bogotá;SI
194540503;Bogotá-Bogota D.C.;Bogotá, D.C. - Bogotá;SI
11014189789;Bogotá-Bogota D.C.;Bogotá, D.C. - Bogotá;SI
11022322617;Bogotá-Bogota D.C.;Bogotá, D.C. - Bogotá;SI
152833598;Bogotá-Bogota D.C.;Bogotá, D.C. - Bogotá;SI
180162100;Bogotá-Bogota D.C.;Bogotá, D.C. - Bogotá;SI
13434480;Bogotá-Bogota D.C.;Bogotá, D.C. - Bogotá;SI
180904350;Bogotá-Bogota D.C.;Bogotá, D.C. - Bogotá;SI
11030586430;Bogotá-Bogota D.C.;Bogotá, D.C. - Bogotá;SI
3901320610;Bogotá-Bogota D.C.;Bogotá, D.C. - Bogotá;SI
119291629;Bogotá-Bogota D.C.;Bogotá, D.C. - Bogotá;SI
3901095058;Bogotá-Bogota D.C.;Bogotá, D.C. - Bogotá;SI
152227435;Bogotá-Bogota D.C.;Bogotá, D.C. - Bogotá;SI
179946049;Bogotá-Bogota D.C.;Bogotá, D.C. - Bogotá;SI
153176713;Bogotá-Bogota D.C.;Bogotá, D.C. - Bogotá;SI
119471723;Bogotá-Bogota D.C.;Bogotá, D.C. - Bogotá;SI
179651069;Bogotá-Bogota D.C.;Bogotá, D.C. - Bogotá;SI
130387764;Bogotá-Bogota D.C.;Bogotá, D.C. - Bogotá;SI
11106738019;Bogotá-Bogota D.C.;Bogotá, D.C. - Bogotá;SI
180425319;Bogotá-Bogota D.C.;Bogotá, D.C. - Bogotá;SI
3830116936;Bogotá-Bogota D.C.;Bogotá, D.C. - Bogotá;SI
11110509354;Bogotá-Bogota D.C.;Bogotá, D.C. - Bogotá;SI
179392473;Bogotá-Bogota D.C.;Bogotá, D.C. - Bogotá;SI
114244794;Bogotá-Bogota D.C.;Bogotá, D.C. - Bogotá;SI
172186352;Bogotá-Bogota D.C.;Bogotá, D.C. - Bogotá;SI
11018413312;Bogotá-Bogota D.C.;Bogotá, D.C. - Bogotá;SI
176309019;Bogotá-Bogota D.C.;Bogotá, D.C. - Bogotá;SI
3830040872;Bogotá-Bogota D.C.;Bogotá, D.C. - Bogotá;SI
186085960;Bogotá-Bogota D.C.;Bogotá, D.C. - Bogotá;SI
3900167617;Bogotá-Bogota D.C.;Bogotá, D.C. - Bogotá;SI
179608014;Bogotá-Bogota D.C.;Bogotá, D.C. - Bogotá;SI
3900459311;Bogotá-Bogota D.C.;Bogotá, D.C. - Bogotá;SI
11014284449;Bogotá-Bogota D.C.;Bogotá, D.C. - Bogotá;SI
115171887;Bogotá-Bogota D.C.;Bogotá, D.C. - Bogotá;SI
179361127;Bogotá-Bogota D.C.;Bogotá, D.C. - Bogotá;SI
3900464648;Bogotá-Bogota D.C.;Bogotá, D.C. - Bogotá;SI
111522678;Bogotá-Bogota D.C.;Bogotá, D.C. - Bogotá;SI
152487146;Bogotá-Bogota D.C.;Bogotá, D.C. - Bogotá;SI
11012333129;Bogotá-Bogota D.C.;Bogotá, D.C. - Bogotá;SI
2155752;Bogotá-Bogota D.C.;Bogotá, D.C. - Bogotá;SI
3800098983;Bogotá-Bogota D.C.;Bogotá, D.C. - Bogotá;SI
11024523166;Bogotá-Bogota D.C.;Bogotá, D.C. - Bogotá;SI
3900317546;Bogotá-Bogota D.C.;Bogotá, D.C. - Bogotá;SI
179627221;Bogotá-Bogota D.C.;Bogotá, D.C. - Bogotá;SI
3900253793;Bogotá-Bogota D.C.;Bogotá, D.C. - Bogotá;SI
111378429;Bogotá-Bogota D.C.;Bogotá, D.C. - Bogotá;SI
139685460;Bogotá-Bogota D.C.;Bogotá, D.C. - Bogotá;SI
179609640;Bogotá-Bogota D.C.;Bogotá, D.C. - Bogotá;SI
179246400;Bogotá-Bogota D.C.;Bogotá, D.C. - Bogotá;SI
3900021506;Bogotá-Bogota D.C.;Bogotá, D.C. - Bogotá;SI
3800016505;Bogotá-Bogota D.C.;Bogotá, D.C. - Bogotá;SI
3860038626;Bogotá-Bogota D.C.;Bogotá, D.C. - Bogotá;SI
179910769;Bogotá-Bogota D.C.;Bogotá, D.C. - Bogotá;SI
141594663;Bogotá-Bogota D.C.;Bogotá, D.C. - Bogotá;SI
13100838;Bogotá-Bogota D.C.;Bogotá, D.C. - Bogotá;SI
3900218241;Bogotá-Bogota D.C.;Bogotá, D.C. - Bogotá;SI
11098697500;Bogotá-Bogota D.C.;Bogotá, D.C. - Bogotá;SI
151876474;Bogotá-Bogota D.C.;Bogotá, D.C. - Bogotá;SI
3800133630;Bogotá-Bogota D.C.;Bogotá, D.C. - Bogotá;SI
151951952;Bogotá-Bogota D.C.;Bogotá, D.C. - Bogotá;SI
179762015;Bogotá-Bogota D.C.;Bogotá, D.C. - Bogotá;SI
179434097;Bogotá-Bogota D.C.;Bogotá, D.C. - Bogotá;SI
119149759;Bogotá-Bogota D.C.;Bogotá, D.C. - Bogotá;SI
3900982154;Bogotá-Bogota D.C.;Bogotá, D.C. - Bogotá;SI
3900979798;Bogotá-Bogota D.C.;Bogotá, D.C. - Bogotá;SI
180019068;Bogotá-Bogota D.C.;Bogotá, D.C. - Bogotá;SI
3901394746;Bogotá-Bogota D.C.;Bogotá, D.C. - Bogotá;SI
179388148;Bogotá-Bogota D.C.;Bogotá, D.C. - Bogotá;SI
2332100;Bogotá-Bogota D.C.;Bogotá, D.C. - Bogotá;SI
3901650350;Bogotá-Bogota D.C.;Bogotá, D.C. - Bogotá;SI
3901404991;Bogotá-Bogota D.C.;Bogotá, D.C. - Bogotá;SI
3900737242;Bogotá-Bogota D.C.;Bogotá, D.C. - Bogotá;SI
11020822810;Bogotá-Bogota D.C.;Bogotá, D.C. - Bogotá;SI
172274987;Bogotá-Bogota D.C.;Bogotá, D.C. - Bogotá;SI
3900122962;Bogotá-Bogota D.C.;Bogotá, D.C. - Bogotá;SI
119396831;Bogotá-Bogota D.C.;Bogotá, D.C. - Bogotá;SI
192501558;Bogotá-Bogota D.C.;Bogotá, D.C. - Bogotá;SI
180804186;Bogotá-Bogota D.C.;Bogotá, D.C. - Bogotá;SI
179962057;Bogotá-Bogota D.C.;Bogotá, D.C. - Bogotá;SI
11121931781;Bogotá-Bogota D.C.;Bogotá, D.C. - Bogotá;SI
3900488849;Bogotá-Bogota D.C.;Bogotá, D.C. - Bogotá;SI
12874018;Bogotá-Bogota D.C.;Bogotá, D.C. - Bogotá;SI
152816666;Bogotá-Bogota D.C.;Bogotá, D.C. - Bogotá;SI
11026270893;Bogotá-Bogota D.C.;Bogotá, D.C. - Bogotá;SI
179155266;Bogotá-Bogota D.C.;Bogotá, D.C. - Bogotá;SI
3901017683;Bogotá-Bogota D.C.;Bogotá, D.C. - Bogotá;SI
114620342;Bogotá-Bogota D.C.;Bogotá, D.C. - Bogotá;SI
179950199;Bogotá-Bogota D.C.;Bogotá, D.C. - Bogotá;SI
121227114;Bogotá-Bogota D.C.;Bogotá, D.C. - Bogotá;SI
11121870498;Bogotá-Bogota D.C.;Bogotá, D.C. - Bogotá;SI
179398424;Bogotá-Bogota D.C.;Bogotá, D.C. - Bogotá;SI
3900438602;Bogotá-Bogota D.C.;Bogotá, D.C. - Bogotá;SI
11018407698;Bogotá-Bogota D.C.;Bogotá, D.C. - Bogotá;SI
191473098;Bogotá-Bogota D.C.;Bogotá, D.C. - Bogotá;SI
111407904;Bogotá-Bogota D.C.;Bogotá, D.C. - Bogotá;SI
3900974337;Bogotá-Bogota D.C.;Bogotá, D.C. - Bogotá;SI
3900076003;Bogotá-Bogota D.C.;Bogotá, D.C. - Bogotá;SI
3901399148;Bogotá-Bogota D.C.;Bogotá, D.C. - Bogotá;SI
179316121;Bogotá-Bogota D.C.;Bogotá, D.C. - Bogotá;SI
119221047;Bogotá-Bogota D.C.;Bogotá, D.C. - Bogotá;SI
3901236527;Bogotá-Bogota D.C.;Bogotá, D.C. - Bogotá;SI
119091823;Bogotá-Bogota D.C.;Bogotá, D.C. - Bogotá;SI
11032361096;Bogotá-Bogota D.C.;Bogotá, D.C. - Bogotá;SI
3800248113;Bogotá-Bogota D.C.;Bogotá, D.C. - Bogotá;SI
179344862;Bogotá-Bogota D.C.;Bogotá, D.C. - Bogotá;SI
180312798;Bogotá-Bogota D.C.;Bogotá, D.C. - Bogotá;SI
11121850733;Bogotá-Bogota D.C.;Bogotá, D.C. - Bogotá;SI
3800055599;Bogotá-Bogota D.C.;Bogotá, D.C. - Bogotá;SI
163484779;Bogotá-Bogota D.C.;Bogotá, D.C. - Bogotá;SI
11032370632;Bogotá-Bogota D.C.;Bogotá, D.C. - Bogotá;SI
180199636;Bogotá-Bogota D.C.;Bogotá, D.C. - Bogotá;SI
194508743;Bogotá-Bogota D.C.;Bogotá, D.C. - Bogotá;SI
3800194486;Bogotá-Bogota D.C.;Bogotá, D.C. - Bogotá;SI
179856823;Bogotá-Bogota D.C.;Bogotá, D.C. - Bogotá;SI
11030581679;Bogotá-Bogota D.C.;Bogotá, D.C. - Bogotá;SI
180157010;Bogotá-Bogota D.C.;Bogotá, D.C. - Bogotá;SI
180874760;Bogotá-Bogota D.C.;Bogotá, D.C. - Bogotá;SI
180163659;Bogotá-Bogota D.C.;Bogotá, D.C. - Bogotá;SI
152804207;Bogotá-Bogota D.C.;Bogotá, D.C. - Bogotá;SI
111316570;Bogotá-Bogota D.C.;Bogotá, D.C. - Bogotá;SI
3860013771;Bogotá-Bogota D.C.;Bogotá, D.C. - Bogotá;SI
179892265;Bogotá-Bogota D.C.;Bogotá, D.C. - Bogotá;SI
17187937;Bogotá-Bogota D.C.;Bogotá, D.C. - Bogotá;SI
194288342;Bogotá-Bogota D.C.;Bogotá, D.C. - Bogotá;SI
3900725269;Bogotá-Bogota D.C.;Bogotá, D.C. - Bogotá;SI
179696138;Bogotá-Bogota D.C.;Bogotá, D.C. - Bogotá;SI
3901002573;Bogotá-Bogota D.C.;Bogotá, D.C. - Bogotá;SI
11010100157;Bogotá-Bogota D.C.;Bogotá, D.C. - Bogotá;SI
152118206;Bogotá-Bogota D.C.;Bogotá, D.C. - Bogotá;SI
3830001432;Bogotá-Bogota D.C.;Bogotá, D.C. - Bogotá;SI
179959871;Bogotá-Bogota D.C.;Bogotá, D.C. - Bogotá;SI
3901621257;Bogotá-Bogota D.C.;Bogotá, D.C. - Bogotá;SI
3830143834;Bogotá-Bogota D.C.;Bogotá, D.C. - Bogotá;SI
3860516954;Bogotá-Bogota D.C.;Bogotá, D.C. - Bogotá;SI
180763504;Bogotá-Bogota D.C.;Bogotá, D.C. - Bogotá;SI
180038352;Bogotá-Bogota D.C.;Bogotá, D.C. - Bogotá;SI
180757982;Bogotá-Bogota D.C.;Bogotá, D.C. - Bogotá;SI
140219680;Bogotá-Bogota D.C.;Bogotá, D.C. - Bogotá;SI
110229178;Bogotá-Bogota D.C.;Bogotá, D.C. - Bogotá;SI
11405640;Bogotá-Bogota D.C.;Bogotá, D.C. - Bogotá;SI
180065468;Bogotá-Bogota D.C.;Bogotá, D.C. - Bogotá;SI
123488978;Bogotá-Bogota D.C.;Bogotá, D.C. - Bogotá;SI
3900127145;Bogotá-Bogota D.C.;Bogotá, D.C. - Bogotá;SI
172273661;Bogotá-Bogota D.C.;Bogotá, D.C. - Bogotá;SI
180880897;Bogotá-Bogota D.C.;Bogotá, D.C. - Bogotá;SI
179397374;Bogotá-Bogota D.C.;Bogotá, D.C. - Bogotá;SI
11024467742;Bogotá-Bogota D.C.;Bogotá, D.C. - Bogotá;SI
11016049385;Bogotá-Bogota D.C.;Bogotá, D.C. - Bogotá;SI
180422118;Bogotá-Bogota D.C.;Bogotá, D.C. - Bogotá;SI
11073232854;Bogotá-Bogota D.C.;Bogotá, D.C. - Bogotá;SI
3816007544;Bogotá-Bogota D.C.;Bogotá, D.C. - Bogotá;SI
11019118326;Bogotá-Bogota D.C.;Bogotá, D.C. - Bogotá;SI
180872669;Bogotá-Bogota D.C.;Bogotá, D.C. - Bogotá;SI
193389075;Bogotá-Bogota D.C.;Bogotá, D.C. - Bogotá;SI
179413214;Bogotá-Bogota D.C.;Bogotá, D.C. - Bogotá;SI
111258192;Bogotá-Bogota D.C.;Bogotá, D.C. - Bogotá;SI
11032437222;Bogotá-Bogota D.C.;Bogotá, D.C. - Bogotá;SI
179920072;Bogotá-Bogota D.C.;Bogotá, D.C. - Bogotá;SI
3900136456;Bogotá-Bogota D.C.;Bogotá, D.C. - Bogotá;SI
116798725;Bogotá-Bogota D.C.;Bogotá, D.C. - Bogotá;SI
3901170592;Bogotá-Bogota D.C.;Bogotá, D.C. - Bogotá;SI
152205317;Bogotá-Bogota D.C.;Bogotá, D.C. - Bogotá;SI
3900634306;Bogotá-Bogota D.C.;Bogotá, D.C. - Bogotá;SI
119119236;Bogotá-Bogota D.C.;Bogotá, D.C. - Bogotá;SI
3800175937;Bogotá-Bogota D.C.;Bogotá, D.C. - Bogotá;SI
174282096;Bogotá-Bogota D.C.;Bogotá, D.C. - Bogotá;SI
179777613;Bogotá-Bogota D.C.;Bogotá, D.C. - Bogotá;SI
11053767337;Bogotá-Bogota D.C.;Bogotá, D.C. - Bogotá;SI
3900577147;Bogotá-Bogota D.C.;Bogotá, D.C. - Bogotá;SI
152086321;Bogotá-Bogota D.C.;Bogotá, D.C. - Bogotá;SI
180370196;Bogotá-Bogota D.C.;Bogotá, D.C. - Bogotá;SI
179662354;Bogotá-Bogota D.C.;Bogotá, D.C. - Bogotá;SI
14286903;Bogotá-Bogota D.C.;Bogotá, D.C. - Bogotá;SI
3900130710;Bogotá-Bogota D.C.;Bogotá, D.C. - Bogotá;SI
179454265;Bogotá-Bogota D.C.;Bogotá, D.C. - Bogotá;SI
3890201881;Bogotá-Bogota D.C.;Bogotá, D.C. - Bogotá;SI
11032401247;Bogotá-Bogota D.C.;Bogotá, D.C. - Bogotá;SI
3830075862;Bogotá-Bogota D.C.;Bogotá, D.C. - Bogotá;SI
180187112;Bogotá-Bogota D.C.;Bogotá, D.C. - Bogotá;SI
139789879;Bogotá-Bogota D.C.;Bogotá, D.C. - Bogotá;SI
3860062581;Bogotá-Bogota D.C.;Bogotá, D.C. - Bogotá;SI
179435235;Bogotá-Bogota D.C.;Bogotá, D.C. - Bogotá;SI
180409261;Bogotá-Bogota D.C.;Bogotá, D.C. - Bogotá;SI
180730345;Bogotá-Bogota D.C.;Bogotá, D.C. - Bogotá;SI
186088607;Bogotá-Bogota D.C.;Bogotá, D.C. - Bogotá;SI
152552526;Bogotá-Bogota D.C.;Bogotá, D.C. - Bogotá;SI
1215499;Bogotá-Bogota D.C.;Bogotá, D.C. - Bogotá;SI
3891100881;Bogotá-Bogota D.C.;Bogotá, D.C. - Bogotá;SI
112954232;Bogotá-Bogota D.C.;Bogotá, D.C. - Bogotá;SI
152155094;Bogotá-Bogota D.C.;Bogotá, D.C. - Bogotá;SI
119331771;Bogotá-Bogota D.C.;Bogotá, D.C. - Bogotá;SI
3900338125;Bogotá-Bogota D.C.;Bogotá, D.C. - Bogotá;SI
12965006;Bogotá-Bogota D.C.;Bogotá, D.C. - Bogotá;SI
3800185572;Bogotá-Bogota D.C.;Bogotá, D.C. - Bogotá;SI
3901090134;Bogotá-Bogota D.C.;Bogotá, D.C. - Bogotá;SI
11020714891;Bogotá-Bogota D.C.;Bogotá, D.C. - Bogotá;SI
3900665926;Bogotá-Bogota D.C.;Bogotá, D.C. - Bogotá;SI
11050692399;Bogotá-Bogota D.C.;Bogotá, D.C. - Bogotá;SI
131037644;Bogotá-Bogota D.C.;Bogotá, D.C. - Bogotá;SI
3860004285;Bogotá-Bogota D.C.;Bogotá, D.C. - Bogotá;SI
179744214;Bogotá-Bogota D.C.;Bogotá, D.C. - Bogotá;SI
15796025;Bogotá-Bogota D.C.;Bogotá, D.C. - Bogotá;SI
11007673203;Bogotá-Bogota D.C.;Bogotá, D.C. - Bogotá;SI
179651378;Bogotá-Bogota D.C.;Bogotá, D.C. - Bogotá;SI
119436229;Bogotá-Bogota D.C.;Bogotá, D.C. - Bogotá;SI
11019031540;Bogotá-Bogota D.C.;Bogotá, D.C. - Bogotá;SI
3901512616;Bogotá-Bogota D.C.;Bogotá, D.C. - Bogotá;SI
11019008953;Bogotá-Bogota D.C.;Bogotá, D.C. - Bogotá;SI
180039352;Bogotá-Bogota D.C.;Bogotá, D.C. - Bogotá;SI
3900338197;Bogotá-Bogota D.C.;Bogotá, D.C. - Bogotá;SI
152040044;Bogotá-Bogota D.C.;Bogotá, D.C. - Bogotá;SI
11110495085;Bogotá-Bogota D.C.;Bogotá, D.C. - Bogotá;SI
11012344129;Bogotá-Bogota D.C.;Bogotá, D.C. - Bogotá;SI
3860072172;Bogotá-Bogota D.C.;Bogotá, D.C. - Bogotá;SI
3901214716;Bogotá-Bogota D.C.;Bogotá, D.C. - Bogotá;SI
179106663;Bogotá-Bogota D.C.;Bogotá, D.C. - Bogotá;SI
179454242;Bogotá-Bogota D.C.;Bogotá, D.C. - Bogotá;SI
152130816;Bogotá-Bogota D.C.;Bogotá, D.C. - Bogotá;SI
11051474824;Bogotá-Bogota D.C.;Bogotá, D.C. - Bogotá;SI
152794467;Bogotá-Bogota D.C.;Bogotá, D.C. - Bogotá;SI
152167831;Bogotá-Bogota D.C.;Bogotá, D.C. - Bogotá;SI
179401099;Bogotá-Bogota D.C.;Bogotá, D.C. - Bogotá;SI
11018453836;Bogotá-Bogota D.C.;Bogotá, D.C. - Bogotá;SI
151870178;Bogotá-Bogota D.C.;Bogotá, D.C. - Bogotá;SI
3900321459;Bogotá-Bogota D.C.;Bogotá, D.C. - Bogotá;SI
117525909;Bogotá-Bogota D.C.;Bogotá, D.C. - Bogotá;SI
180217579;Bogotá-Bogota D.C.;Bogotá, D.C. - Bogotá;SI
3860000824;Bogotá-Bogota D.C.;Bogotá, D.C. - Bogotá;SI
152108599;Bogotá-Bogota D.C.;Bogotá, D.C. - Bogotá;SI
194481049;Bogotá-Bogota D.C.;Bogotá, D.C. - Bogotá;SI
152214715;Bogotá-Bogota D.C.;Bogotá, D.C. - Bogotá;SI
3830063376;Bogotá-Bogota D.C.;Bogotá, D.C. - Bogotá;SI
180071497;Bogotá-Bogota D.C.;Bogotá, D.C. - Bogotá;SI
180870632;Bogotá-Bogota D.C.;Bogotá, D.C. - Bogotá;SI
179291662;Bogotá-Bogota D.C.;Bogotá, D.C. - Bogotá;SI
3800236772;Bogotá-Bogota D.C.;Bogotá, D.C. - Bogotá;SI
119135917;Bogotá-Bogota D.C.;Bogotá, D.C. - Bogotá;SI
179631878;Bogotá-Bogota D.C.;Bogotá, D.C. - Bogotá;SI
179708884;Bogotá-Bogota D.C.;Bogotá, D.C. - Bogotá;SI
3900443259;Bogotá-Bogota D.C.;Bogotá, D.C. - Bogotá;SI
179296491;Bogotá-Bogota D.C.;Bogotá, D.C. - Bogotá;SI
11026285225;Bogotá-Bogota D.C.;Bogotá, D.C. - Bogotá;SI
180213531;Bogotá-Bogota D.C.;Bogotá, D.C. - Bogotá;SI
179573054;Bogotá-Bogota D.C.;Bogotá, D.C. - Bogotá;SI
180030244;Bogotá-Bogota D.C.;Bogotá, D.C. - Bogotá;SI
152285222;Bogotá-Bogota D.C.;Bogotá, D.C. - Bogotá;SI
155057544;Bogotá-Bogota D.C.;Bogotá, D.C. - Bogotá;SI
179573165;Bogotá-Bogota D.C.;Bogotá, D.C. - Bogotá;SI
119182819;Bogotá-Bogota D.C.;Bogotá, D.C. - Bogotá;SI
11098670306;Bogotá-Bogota D.C.;Bogotá, D.C. - Bogotá;SI
179547908;Bogotá-Bogota D.C.;Bogotá, D.C. - Bogotá;SI
112977138;Bogotá-Bogota D.C.;Bogotá, D.C. - Bogotá;SI
152424953;Bogotá-Bogota D.C.;Bogotá, D.C. - Bogotá;SI
152548149;Bogotá-Bogota D.C.;Bogotá, D.C. - Bogotá;SI
3830031597;Bogotá-Bogota D.C.;Bogotá, D.C. - Bogotá;SI
179511424;Bogotá-Bogota D.C.;Bogotá, D.C. - Bogotá;SI
11032452943;Bogotá-Bogota D.C.;Bogotá, D.C. - Bogotá;SI
11018421369;Bogotá-Bogota D.C.;Bogotá, D.C. - Bogotá;SI
11136883591;Bogotá-Bogota D.C.;Bogotá, D.C. - Bogotá;SI
3860005108;Bogotá-Bogota D.C.;Bogotá, D.C. - Bogotá;SI
119342256;Bogotá-Bogota D.C.;Bogotá, D.C. - Bogotá;SI
141671780;Bogotá-Bogota D.C.;Bogotá, D.C. - Bogotá;SI
3900950210;Bogotá-Bogota D.C.;Bogotá, D.C. - Bogotá;SI
11024478495;Bogotá-Bogota D.C.;Bogotá, D.C. - Bogotá;SI
152099875;Bogotá-Bogota D.C.;Bogotá, D.C. - Bogotá;SI
3901231894;Bogotá-Bogota D.C.;Bogotá, D.C. - Bogotá;SI
11070008207;Bogotá-Bogota D.C.;Bogotá, D.C. - Bogotá;SI
3900610090;Bogotá-Bogota D.C.;Bogotá, D.C. - Bogotá;SI
117173899;Bogotá-Bogota D.C.;Bogotá, D.C. - Bogotá;SI
179880639;Bogotá-Bogota D.C.;Bogotá, D.C. - Bogotá;SI
11016016491;Bogotá-Bogota D.C.;Bogotá, D.C. - Bogotá;SI
179940821;Bogotá-Bogota D.C.;Bogotá, D.C. - Bogotá;SI
180082522;Bogotá-Bogota D.C.;Bogotá, D.C. - Bogotá;SI
179797991;Bogotá-Bogota D.C.;Bogotá, D.C. - Bogotá;SI
3860038800;Bogotá-Bogota D.C.;Bogotá, D.C. - Bogotá;SI
3900717638;Bogotá-Bogota D.C.;Bogotá, D.C. - Bogotá;SI
180222760;Bogotá-Bogota D.C.;Bogotá, D.C. - Bogotá;SI
11032416352;Bogotá-Bogota D.C.;Bogotá, D.C. - Bogotá;SI
186085977;Bogotá-Bogota D.C.;Bogotá, D.C. - Bogotá;SI
179272194;Bogotá-Bogota D.C.;Bogotá, D.C. - Bogotá;SI
180403317;Bogotá-Bogota D.C.;Bogotá, D.C. - Bogotá;SI
3800013536;Bogotá-Bogota D.C.;Bogotá, D.C. - Bogotá;SI
11013591299;Bogotá-Bogota D.C.;Bogotá, D.C. - Bogotá;SI
180032475;Bogotá-Bogota D.C.;Bogotá, D.C. - Bogotá;SI
153122937;Bogotá-Bogota D.C.;Bogotá, D.C. - Bogotá;SI
180064530;Bogotá-Bogota D.C.;Bogotá, D.C. - Bogotá;SI
11065892387;Bogotá-Bogota D.C.;Bogotá, D.C. - Bogotá;SI
3800147021;Bogotá-Bogota D.C.;Bogotá, D.C. - Bogotá;SI
3901662478;Bogotá-Bogota D.C.;Bogotá, D.C. - Bogotá;SI
18254587;Bogotá-Bogota D.C.;Bogotá, D.C. - Bogotá;SI
152482037;Bogotá-Bogota D.C.;Bogotá, D.C. - Bogotá;SI
11121903567;Bogotá-Bogota D.C.;Bogotá, D.C. - Bogotá;SI
111444131;Bogotá-Bogota D.C.;Bogotá, D.C. - Bogotá;SI
112124744;Bogotá-Bogota D.C.;Bogotá, D.C. - Bogotá;SI
179664257;Bogotá-Bogota D.C.;Bogotá, D.C. - Bogotá;SI
3900627186;Bogotá-Bogota D.C.;Bogotá, D.C. - Bogotá;SI
179687940;Bogotá-Bogota D.C.;Bogotá, D.C. - Bogotá;SI
130646745;Bogotá-Bogota D.C.;Bogotá, D.C. - Bogotá;SI
11020738340;Bogotá-Bogota D.C.;Bogotá, D.C. - Bogotá;SI
179338659;Bogotá-Bogota D.C.;Bogotá, D.C. - Bogotá;SI
11013603894;Bogotá-Bogota D.C.;Bogotá, D.C. - Bogotá;SI
179656962;Bogotá-Bogota D.C.;Bogotá, D.C. - Bogotá;SI
11018418368;Bogotá-Bogota D.C.;Bogotá, D.C. - Bogotá;SI
11026566926;Bogotá-Bogota D.C.;Bogotá, D.C. - Bogotá;SI
117172577;Bogotá-Bogota D.C.;Bogotá, D.C. - Bogotá;SI
171594086;Bogotá-Bogota D.C.;Bogotá, D.C. - Bogotá;SI
180821447;Bogotá-Bogota D.C.;Bogotá, D.C. - Bogotá;SI
11016073649;Bogotá-Bogota D.C.;Bogotá, D.C. - Bogotá;SI
138240483;Bogotá-Bogota D.C.;Bogotá, D.C. - Bogotá;SI
180221319;Bogotá-Bogota D.C.;Bogotá, D.C. - Bogotá;SI
119067943;Bogotá-Bogota D.C.;Bogotá, D.C. - Bogotá;SI
3860040872;Bogotá-Bogota D.C.;Bogotá, D.C. - Bogotá;SI
3900252208;Bogotá-Bogota D.C.;Bogotá, D.C. - Bogotá;SI
3900322901;Bogotá-Bogota D.C.;Bogotá, D.C. - Bogotá;SI
135461360;Bogotá-Bogota D.C.;Bogotá, D.C. - Bogotá;SI
179043542;Bogotá-Bogota D.C.;Bogotá, D.C. - Bogotá;SI
179597090;Bogotá-Bogota D.C.;Bogotá, D.C. - Bogotá;SI
3832002227;Bogotá-Bogota D.C.;Bogotá, D.C. - Bogotá;SI
180029244;Bogotá-Bogota D.C.;Bogotá, D.C. - Bogotá;SI
3830091733;Bogotá-Bogota D.C.;Bogotá, D.C. - Bogotá;SI
119084782;Bogotá-Bogota D.C.;Bogotá, D.C. - Bogotá;SI
179579038;Bogotá-Bogota D.C.;Bogotá, D.C. - Bogotá;SI
3830025916;Bogotá-Bogota D.C.;Bogotá, D.C. - Bogotá;SI
3901352779;Bogotá-Bogota D.C.;Bogotá, D.C. - Bogotá;SI
1294884;Bogotá-Bogota D.C.;Bogotá, D.C. - Bogotá;SI
3900906009;Bogotá-Bogota D.C.;Bogotá, D.C. - Bogotá;SI
11101755150;Bogotá-Bogota D.C.;Bogotá, D.C. - Bogotá;SI
140373299;Bogotá-Bogota D.C.;Bogotá, D.C. - Bogotá;SI
111188834;Bogotá-Bogota D.C.;Bogotá, D.C. - Bogotá;SI
198362371;Bogotá-Bogota D.C.;Bogotá, D.C. - Bogotá;SI
3800051673;Bogotá-Bogota D.C.;Bogotá, D.C. - Bogotá;SI
3900608787;Bogotá-Bogota D.C.;Bogotá, D.C. - Bogotá;SI
11022393020;Bogotá-Bogota D.C.;Bogotá, D.C. - Bogotá;SI
11019114913;Bogotá-Bogota D.C.;Bogotá, D.C. - Bogotá;SI
180126411;Bogotá-Bogota D.C.;Bogotá, D.C. - Bogotá;SI
3901015049;Bogotá-Bogota D.C.;Bogotá, D.C. - Bogotá;SI
11016003652;Bogotá-Bogota D.C.;Bogotá, D.C. - Bogotá;SI
179352201;Bogotá-Bogota D.C.;Bogotá, D.C. - Bogotá;SI
3860001371;Bogotá-Bogota D.C.;Bogotá, D.C. - Bogotá;SI
11026253419;Bogotá-Bogota D.C.;Bogotá, D.C. - Bogotá;SI
3901421516;Bogotá-Bogota D.C.;Bogotá, D.C. - Bogotá;SI
111222986;Bogotá-Bogota D.C.;Bogotá, D.C. - Bogotá;SI
180903289;Bogotá-Bogota D.C.;Bogotá, D.C. - Bogotá;SI
11032435344;Bogotá-Bogota D.C.;Bogotá, D.C. - Bogotá;SI
13230509;Bogotá-Bogota D.C.;Bogotá, D.C. - Bogotá;SI
186073102;Bogotá-Bogota D.C.;Bogotá, D.C. - Bogotá;SI
139812032;Bogotá-Bogota D.C.;Bogotá, D.C. - Bogotá;SI
3800090910;Bogotá-Bogota D.C.;Bogotá, D.C. - Bogotá;SI
14585368;Bogotá-Bogota D.C.;Bogotá, D.C. - Bogotá;SI
119183790;Bogotá-Bogota D.C.;Bogotá, D.C. - Bogotá;SI
115877011;Bogotá-Bogota D.C.;Bogotá, D.C. - Bogotá;SI
179914159;Bogotá-Bogota D.C.;Bogotá, D.C. - Bogotá;SI
152269976;Bogotá-Bogota D.C.;Bogotá, D.C. - Bogotá;SI
3900776784;Bogotá-Bogota D.C.;Bogotá, D.C. - Bogotá;SI
3830049344;Bogotá-Bogota D.C.;Bogotá, D.C. - Bogotá;SI
11075654388;Bogotá-Bogota D.C.;Bogotá, D.C. - Bogotá;SI
3900548409;Bogotá-Bogota D.C.;Bogotá, D.C. - Bogotá;SI
139699244;Bogotá-Bogota D.C.;Bogotá, D.C. - Bogotá;SI
179863814;Bogotá-Bogota D.C.;Bogotá, D.C. - Bogotá;SI
141694365;Bogotá-Bogota D.C.;Bogotá, D.C. - Bogotá;SI
139689893;Bogotá-Bogota D.C.;Bogotá, D.C. - Bogotá;SI
11020770343;Bogotá-Bogota D.C.;Bogotá, D.C. - Bogotá;SI
152690161;Bogotá-Bogota D.C.;Bogotá, D.C. - Bogotá;SI
3901598347;Bogotá-Bogota D.C.;Bogotá, D.C. - Bogotá;SI
179459769;Bogotá-Bogota D.C.;Bogotá, D.C. - Bogotá;SI
3900820946;Bogotá-Bogota D.C.;Bogotá, D.C. - Bogotá;SI
11010216591;Bogotá-Bogota D.C.;Bogotá, D.C. - Bogotá;SI
180758730;Bogotá-Bogota D.C.;Bogotá, D.C. - Bogotá;SI
151601429;Bogotá-Bogota D.C.;Bogotá, D.C. - Bogotá;SI
11016018175;Bogotá-Bogota D.C.;Bogotá, D.C. - Bogotá;SI
179647953;Bogotá-Bogota D.C.;Bogotá, D.C. - Bogotá;SI
172005702;Bogotá-Bogota D.C.;Bogotá, D.C. - Bogotá;SI
180811305;Bogotá-Bogota D.C.;Bogotá, D.C. - Bogotá;SI
179622969;Bogotá-Bogota D.C.;Bogotá, D.C. - Bogotá;SI
151974906;Bogotá-Bogota D.C.;Bogotá, D.C. - Bogotá;SI
179519320;Bogotá-Bogota D.C.;Bogotá, D.C. - Bogotá;SI
179149745;Bogotá-Bogota D.C.;Bogotá, D.C. - Bogotá;SI
117343994;Bogotá-Bogota D.C.;Bogotá, D.C. - Bogotá;SI
180001076;Bogotá-Bogota D.C.;Bogotá, D.C. - Bogotá;SI
133700447;Bogotá-Bogota D.C.;Bogotá, D.C. - Bogotá;SI
3901386546;Bogotá-Bogota D.C.;Bogotá, D.C. - Bogotá;SI
3830133460;Bogotá-Bogota D.C.;Bogotá, D.C. - Bogotá;SI
180015435;Bogotá-Bogota D.C.;Bogotá, D.C. - Bogotá;SI
152498015;Bogotá-Bogota D.C.;Bogotá, D.C. - Bogotá;SI
180023605;Bogotá-Bogota D.C.;Bogotá, D.C. - Bogotá;SI
3900964988;Bogotá-Bogota D.C.;Bogotá, D.C. - Bogotá;SI
151947720;Bogotá-Bogota D.C.;Bogotá, D.C. - Bogotá;SI
174333448;Bogotá-Bogota D.C.;Bogotá, D.C. - Bogotá;SI
11032384887;Bogotá-Bogota D.C.;Bogotá, D.C. - Bogotá;SI
180027407;Bogotá-Bogota D.C.;Bogotá, D.C. - Bogotá;SI
140388743;Bogotá-Bogota D.C.;Bogotá, D.C. - Bogotá;SI
152282675;Bogotá-Bogota D.C.;Bogotá, D.C. - Bogotá;SI
11116788541;Bogotá-Bogota D.C.;Bogotá, D.C. - Bogotá;SI
3900563086;Bogotá-Bogota D.C.;Bogotá, D.C. - Bogotá;SI
14431211;Bogotá-Bogota D.C.;Bogotá, D.C. - Bogotá;SI
11151956181;Bogotá-Bogota D.C.;Bogotá, D.C. - Bogotá;SI
180076088;Bogotá-Bogota D.C.;Bogotá, D.C. - Bogotá;SI
119056381;Bogotá-Bogota D.C.;Bogotá, D.C. - Bogotá;SI
140411398;Bogotá-Bogota D.C.;Bogotá, D.C. - Bogotá;SI
18358694;Bogotá-Bogota D.C.;Bogotá, D.C. - Bogotá;SI
3901342799;Bogotá-Bogota D.C.;Bogotá, D.C. - Bogotá;SI
179982627;Bogotá-Bogota D.C.;Bogotá, D.C. - Bogotá;SI
179152547;Bogotá-Bogota D.C.;Bogotá, D.C. - Bogotá;SI
180194932;Bogotá-Bogota D.C.;Bogotá, D.C. - Bogotá;SI
180233114;Bogotá-Bogota D.C.;Bogotá, D.C. - Bogotá;SI
179592896;Bogotá-Bogota D.C.;Bogotá, D.C. - Bogotá;SI
3900281394;Bogotá-Bogota D.C.;Bogotá, D.C. - Bogotá;SI
141753661;Bogotá-Bogota D.C.;Bogotá, D.C. - Bogotá;SI
179526516;Bogotá-Bogota D.C.;Bogotá, D.C. - Bogotá;SI
180183322;Bogotá-Bogota D.C.;Bogotá, D.C. - Bogotá;SI
3901118824;Bogotá-Bogota D.C.;Bogotá, D.C. - Bogotá;SI
179901619;Bogotá-Bogota D.C.;Bogotá, D.C. - Bogotá;SI
179112838;Bogotá-Bogota D.C.;Bogotá, D.C. - Bogotá;SI
180124300;Bogotá-Bogota D.C.;Bogotá, D.C. - Bogotá;SI
3901158416;Bogotá-Bogota D.C.;Bogotá, D.C. - Bogotá;SI
179447550;Bogotá-Bogota D.C.;Bogotá, D.C. - Bogotá;SI
11072168306;Bogotá-Bogota D.C.;Bogotá, D.C. - Bogotá;SI
180845495;Bogotá-Bogota D.C.;Bogotá, D.C. - Bogotá;SI
3900524239;Bogotá-Bogota D.C.;Bogotá, D.C. - Bogotá;SI
152935654;Bogotá-Bogota D.C.;Bogotá, D.C. - Bogotá;SI
151739585;Bogotá-Bogota D.C.;Bogotá, D.C. - Bogotá;SI
117387976;Bogotá-Bogota D.C.;Bogotá, D.C. - Bogotá;SI
119406594;Bogotá-Bogota D.C.;Bogotá, D.C. - Bogotá;SI
3830030694;Bogotá-Bogota D.C.;Bogotá, D.C. - Bogotá;SI
111449458;Bogotá-Bogota D.C.;Bogotá, D.C. - Bogotá;SI
19525258;Bogotá-Bogota D.C.;Bogotá, D.C. - Bogotá;SI
152363971;Bogotá-Bogota D.C.;Bogotá, D.C. - Bogotá;SI
180120056;Bogotá-Bogota D.C.;Bogotá, D.C. - Bogotá;SI
3860518673;Bogotá-Bogota D.C.;Bogotá, D.C. - Bogotá;SI
180794347;Bogotá-Bogota D.C.;Bogotá, D.C. - Bogotá;SI
11000156917;Bogotá-Bogota D.C.;Bogotá, D.C. - Bogotá;SI
180791947;Bogotá-Bogota D.C.;Bogotá, D.C. - Bogotá;SI
191283672;Bogotá-Bogota D.C.;Bogotá, D.C. - Bogotá;SI
3830024204;Bogotá-Bogota D.C.;Bogotá, D.C. - Bogotá;SI
17530035;Bogotá-Bogota D.C.;Bogotá, D.C. - Bogotá;SI
179852583;Bogotá-Bogota D.C.;Bogotá, D.C. - Bogotá;SI
3900108594;Bogotá-Bogota D.C.;Bogotá, D.C. - Bogotá;SI
152446113;Bogotá-Bogota D.C.;Bogotá, D.C. - Bogotá;SI
117133379;Bogotá-Bogota D.C.;Bogotá, D.C. - Bogotá;SI
159826413;Bogotá-Bogota D.C.;Bogotá, D.C. - Bogotá;SI
3900042474;Bogotá-Bogota D.C.;Bogotá, D.C. - Bogotá;SI
117020528;Bogotá-Bogota D.C.;Bogotá, D.C. - Bogotá;SI
3901299541;Bogotá-Bogota D.C.;Bogotá, D.C. - Bogotá;SI
11019072316;Bogotá-Bogota D.C.;Bogotá, D.C. - Bogotá;SI
174180060;Bogotá-Bogota D.C.;Bogotá, D.C. - Bogotá;SI
3860000655;Bogotá-Bogota D.C.;Bogotá, D.C. - Bogotá;SI
3900255587;Bogotá-Bogota D.C.;Bogotá, D.C. - Bogotá;SI
11020838115;Bogotá-Bogota D.C.;Bogotá, D.C. - Bogotá;SI
17180753;Bogotá-Bogota D.C.;Bogotá, D.C. - Bogotá;SI
11075657931;Bogotá-Bogota D.C.;Bogotá, D.C. - Bogotá;SI
186079446;Bogotá-Bogota D.C.;Bogotá, D.C. - Bogotá;SI
3900761131;Bogotá-Bogota D.C.;Bogotá, D.C. - Bogotá;SI
119423370;Bogotá-Bogota D.C.;Bogotá, D.C. - Bogotá;SI
186062352;Bogotá-Bogota D.C.;Bogotá, D.C. - Bogotá;SI
179978968;Bogotá-Bogota D.C.;Bogotá, D.C. - Bogotá;SI
3830063769;Bogotá-Bogota D.C.;Bogotá, D.C. - Bogotá;SI
17713704;Bogotá-Bogota D.C.;Bogotá, D.C. - Bogotá;SI
153105628;Bogotá-Bogota D.C.;Bogotá, D.C. - Bogotá;SI
179397197;Bogotá-Bogota D.C.;Bogotá, D.C. - Bogotá;SI
152189503;Bogotá-Bogota D.C.;Bogotá, D.C. - Bogotá;SI
179602275;Bogotá-Bogota D.C.;Bogotá, D.C. - Bogotá;SI
186062230;Bogotá-Bogota D.C.;Bogotá, D.C. - Bogotá;SI
119483426;Bogotá-Bogota D.C.;Bogotá, D.C. - Bogotá;SI
180122931;Bogotá-Bogota D.C.;Bogotá, D.C. - Bogotá;SI
11015438107;Bogotá-Bogota D.C.;Bogotá, D.C. - Bogotá;SI
151787308;Bogotá-Bogota D.C.;Bogotá, D.C. - Bogotá;SI
3900124221;Bogotá-Bogota D.C.;Bogotá, D.C. - Bogotá;SI
179792432;Bogotá-Bogota D.C.;Bogotá, D.C. - Bogotá;SI
179040193;Bogotá-Bogota D.C.;Bogotá, D.C. - Bogotá;SI
152904818;Bogotá-Bogota D.C.;Bogotá, D.C. - Bogotá;SI
11018417441;Bogotá-Bogota D.C.;Bogotá, D.C. - Bogotá;SI
139527094;Bogotá-Bogota D.C.;Bogotá, D.C. - Bogotá;SI
3830120298;Bogotá-Bogota D.C.;Bogotá, D.C. - Bogotá;SI
3900403064;Bogotá-Bogota D.C.;Bogotá, D.C. - Bogotá;SI
180164970;Bogotá-Bogota D.C.;Bogotá, D.C. - Bogotá;SI
3800250926;Bogotá-Bogota D.C.;Bogotá, D.C. - Bogotá;SI
179727530;Bogotá-Bogota D.C.;Bogotá, D.C. - Bogotá;SI
11015466001;Bogotá-Bogota D.C.;Bogotá, D.C. - Bogotá;SI
1396325;Bogotá-Bogota D.C.;Bogotá, D.C. - Bogotá;SI
11013625257;Bogotá-Bogota D.C.;Bogotá, D.C. - Bogotá;SI
3830054002;Bogotá-Bogota D.C.;Bogotá, D.C. - Bogotá;SI
151960990;Bogotá-Bogota D.C.;Bogotá, D.C. - Bogotá;SI
3901381425;Bogotá-Bogota D.C.;Bogotá, D.C. - Bogotá;SI
3901029807;Bogotá-Bogota D.C.;Bogotá, D.C. - Bogotá;SI
152438111;Bogotá-Bogota D.C.;Bogotá, D.C. - Bogotá;SI
3900880277;Bogotá-Bogota D.C.;Bogotá, D.C. - Bogotá;SI
14112694;Bogotá-Bogota D.C.;Bogotá, D.C. - Bogotá;SI
179749373;Bogotá-Bogota D.C.;Bogotá, D.C. - Bogotá;SI
121225114;Bogotá-Bogota D.C.;Bogotá, D.C. - Bogotá;SI
152694338;Bogotá-Bogota D.C.;Bogotá, D.C. - Bogotá;SI
180071594;Bogotá-Bogota D.C.;Bogotá, D.C. - Bogotá;SI
11018405733;Bogotá-Bogota D.C.;Bogotá, D.C. - Bogotá;SI
3901326034;Bogotá-Bogota D.C.;Bogotá, D.C. - Bogotá;SI
179691744;Bogotá-Bogota D.C.;Bogotá, D.C. - Bogotá;SI
3860400765;Bogotá-Bogota D.C.;Bogotá, D.C. - Bogotá;SI
3901592479;Bogotá-Bogota D.C.;Bogotá, D.C. - Bogotá;SI
119360944;Bogotá-Bogota D.C.;Bogotá, D.C. - Bogotá;SI
179565169;Bogotá-Bogota D.C.;Bogotá, D.C. - Bogotá;SI
152690097;Bogotá-Bogota D.C.;Bogotá, D.C. - Bogotá;SI
3800250475;Bogotá-Bogota D.C.;Bogotá, D.C. - Bogotá;SI
119278435;Bogotá-Bogota D.C.;Bogotá, D.C. - Bogotá;SI
12911157;Bogotá-Bogota D.C.;Bogotá, D.C. - Bogotá;SI
179836784;Bogotá-Bogota D.C.;Bogotá, D.C. - Bogotá;SI
3800003781;Bogotá-Bogota D.C.;Bogotá, D.C. - Bogotá;SI
3900731055;Bogotá-Bogota D.C.;Bogotá, D.C. - Bogotá;SI
11019045967;Bogotá-Bogota D.C.;Bogotá, D.C. - Bogotá;SI
141795676;Bogotá-Bogota D.C.;Bogotá, D.C. - Bogotá;SI
3830120152;Bogotá-Bogota D.C.;Bogotá, D.C. - Bogotá;SI
11053797859;Bogotá-Bogota D.C.;Bogotá, D.C. - Bogotá;SI
180513639;Bogotá-Bogota D.C.;Bogotá, D.C. - Bogotá;SI
194383663;Bogotá-Bogota D.C.;Bogotá, D.C. - Bogotá;SI
119303436;Bogotá-Bogota D.C.;Bogotá, D.C. - Bogotá;SI
111331006;Bogotá-Bogota D.C.;Bogotá, D.C. - Bogotá;SI
120371059;Bogotá-Bogota D.C.;Bogotá, D.C. - Bogotá;SI
152994989;Bogotá-Bogota D.C.;Bogotá, D.C. - Bogotá;SI
3901353043;Bogotá-Bogota D.C.;Bogotá, D.C. - Bogotá;SI
3901246958;Bogotá-Bogota D.C.;Bogotá, D.C. - Bogotá;SI
179484189;Bogotá-Bogota D.C.;Bogotá, D.C. - Bogotá;SI
3901149663;Bogotá-Bogota D.C.;Bogotá, D.C. - Bogotá;SI
179692253;Bogotá-Bogota D.C.;Bogotá, D.C. - Bogotá;SI
120796488;Bogotá-Bogota D.C.;Bogotá, D.C. - Bogotá;SI
3900594987;Bogotá-Bogota D.C.;Bogotá, D.C. - Bogotá;SI
15832645;Bogotá-Bogota D.C.;Bogotá, D.C. - Bogotá;SI
3900156309;Bogotá-Bogota D.C.;Bogotá, D.C. - Bogotá;SI
3900607559;Bogotá-Bogota D.C.;Bogotá, D.C. - Bogotá;SI
3901413059;Bogotá-Bogota D.C.;Bogotá, D.C. - Bogotá;SI
11010214602;Bogotá-Bogota D.C.;Bogotá, D.C. - Bogotá;SI
3900613669;Bogotá-Bogota D.C.;Bogotá, D.C. - Bogotá;SI
17178314;Bogotá-Bogota D.C.;Bogotá, D.C. - Bogotá;SI
15932504;Bogotá-Bogota D.C.;Bogotá, D.C. - Bogotá;SI
180426626;Bogotá-Bogota D.C.;Bogotá, D.C. - Bogotá;SI
180151778;Bogotá-Bogota D.C.;Bogotá, D.C. - Bogotá;SI
188193794;Bogotá-Bogota D.C.;Bogotá, D.C. - Bogotá;SI
151904439;Bogotá-Bogota D.C.;Bogotá, D.C. - Bogotá;SI
110225354;Bogotá-Bogota D.C.;Bogotá, D.C. - Bogotá;SI
11015430145;Bogotá-Bogota D.C.;Bogotá, D.C. - Bogotá;SI
11018409297;Bogotá-Bogota D.C.;Bogotá, D.C. - Bogotá;SI
172151124;Bogotá-Bogota D.C.;Bogotá, D.C. - Bogotá;SI
117318749;Bogotá-Bogota D.C.;Bogotá, D.C. - Bogotá;SI
11026563398;Bogotá-Bogota D.C.;Bogotá, D.C. - Bogotá;SI
3901180548;Bogotá-Bogota D.C.;Bogotá, D.C. - Bogotá;SI
180727070;Bogotá-Bogota D.C.;Bogotá, D.C. - Bogotá;SI
3800079536;Bogotá-Bogota D.C.;Bogotá, D.C. - Bogotá;SI
180232253;Bogotá-Bogota D.C.;Bogotá, D.C. - Bogotá;SI
152805294;Bogotá-Bogota D.C.;Bogotá, D.C. - Bogotá;SI
119321836;Bogotá-Bogota D.C.;Bogotá, D.C. - Bogotá;SI
180188594;Bogotá-Bogota D.C.;Bogotá, D.C. - Bogotá;SI
175146507;Bogotá-Bogota D.C.;Bogotá, D.C. - Bogotá;SI
3860005986;Bogotá-Bogota D.C.;Bogotá, D.C. - Bogotá;SI
152148389;Bogotá-Bogota D.C.;Bogotá, D.C. - Bogotá;SI
11032375119;Bogotá-Bogota D.C.;Bogotá, D.C. - Bogotá;SI
11069735325;Bogotá-Bogota D.C.;Bogotá, D.C. - Bogotá;SI
11121822651;Bogotá-Bogota D.C.;Bogotá, D.C. - Bogotá;SI
179694894;Bogotá-Bogota D.C.;Bogotá, D.C. - Bogotá;SI
179291326;Bogotá-Bogota D.C.;Bogotá, D.C. - Bogotá;SI
3900705854;Bogotá-Bogota D.C.;Bogotá, D.C. - Bogotá;SI
3830066251;Bogotá-Bogota D.C.;Bogotá, D.C. - Bogotá;SI
3830071114;Bogotá-Bogota D.C.;Bogotá, D.C. - Bogotá;SI
188269552;Bogotá-Bogota D.C.;Bogotá, D.C. - Bogotá;SI
174185879;Bogotá-Bogota D.C.;Bogotá, D.C. - Bogotá;SI
179557130;Bogotá-Bogota D.C.;Bogotá, D.C. - Bogotá;SI
152452017;Bogotá-Bogota D.C.;Bogotá, D.C. - Bogotá;SI
180796700;Bogotá-Bogota D.C.;Bogotá, D.C. - Bogotá;SI
3901114294;Bogotá-Bogota D.C.;Bogotá, D.C. - Bogotá;SI
114624807;Bogotá-Bogota D.C.;Bogotá, D.C. - Bogotá;SI
179400577;Bogotá-Bogota D.C.;Bogotá, D.C. - Bogotá;SI
3890110188;Bogotá-Bogota D.C.;Bogotá, D.C. - Bogotá;SI
3800131512;Bogotá-Bogota D.C.;Bogotá, D.C. - Bogotá;SI
179981531;Bogotá-Bogota D.C.;Bogotá, D.C. - Bogotá;SI
3900719939;Bogotá-Bogota D.C.;Bogotá, D.C. - Bogotá;SI
152821570;Bogotá-Bogota D.C.;Bogotá, D.C. - Bogotá;SI
22018467;Bogotá-Bogota D.C.;Bogotá, D.C. - Bogotá;SI
11000238920;Bogotá-Bogota D.C.;Bogotá, D.C. - Bogotá;SI
180041970;Bogotá-Bogota D.C.;Bogotá, D.C. - Bogotá;SI
3900813952;Bogotá-Bogota D.C.;Bogotá, D.C. - Bogotá;SI
3901342471;Bogotá-Bogota D.C.;Bogotá, D.C. - Bogotá;SI
3900649025;Bogotá-Bogota D.C.;Bogotá, D.C. - Bogotá;SI
180262733;Bogotá-Bogota D.C.;Bogotá, D.C. - Bogotá;SI
142790643;Bogotá-Bogota D.C.;Bogotá, D.C. - Bogotá;SI
11046667499;Bogotá-Bogota D.C.;Bogotá, D.C. - Bogotá;SI
3900540382;Bogotá-Bogota D.C.;Bogotá, D.C. - Bogotá;SI
139785253;Bogotá-Bogota D.C.;Bogotá, D.C. - Bogotá;SI
11023936115;Bogotá-Bogota D.C.;Bogotá, D.C. - Bogotá;SI
180240471;Bogotá-Bogota D.C.;Bogotá, D.C. - Bogotá;SI
3900377847;Bogotá-Bogota D.C.;Bogotá, D.C. - Bogotá;SI
3900128137;Bogotá-Bogota D.C.;Bogotá, D.C. - Bogotá;SI
3860075498;Bogotá-Bogota D.C.;Bogotá, D.C. - Bogotá;SI
152542540;Bogotá-Bogota D.C.;Bogotá, D.C. - Bogotá;SI
11123085112;Bogotá-Bogota D.C.;Bogotá, D.C. - Bogotá;SI
139353110;Bogotá-Bogota D.C.;Bogotá, D.C. - Bogotá;SI
11020720485;Bogotá-Bogota D.C.;Bogotá, D.C. - Bogotá;SI
180441313;Bogotá-Bogota D.C.;Bogotá, D.C. - Bogotá;SI
3901254796;Bogotá-Bogota D.C.;Bogotá, D.C. - Bogotá;SI
3900425436;Bogotá-Bogota D.C.;Bogotá, D.C. - Bogotá;SI
179732528;Bogotá-Bogota D.C.;Bogotá, D.C. - Bogotá;SI
179728059;Bogotá-Bogota D.C.;Bogotá, D.C. - Bogotá;SI
119053429;Bogotá-Bogota D.C.;Bogotá, D.C. - Bogotá;SI
3830006735;Bogotá-Bogota D.C.;Bogotá, D.C. - Bogotá;SI
179794696;Bogotá-Bogota D.C.;Bogotá, D.C. - Bogotá;SI
151797943;Bogotá-Bogota D.C.;Bogotá, D.C. - Bogotá;SI
11018402249;Bogotá-Bogota D.C.;Bogotá, D.C. - Bogotá;SI
19530595;Bogotá-Bogota D.C.;Bogotá, D.C. - Bogotá;SI
3830083386;Bogotá-Bogota D.C.;Bogotá, D.C. - Bogotá;SI
2488715;Bogotá-Bogota D.C.;Bogotá, D.C. - Bogotá;SI
3901015950;Bogotá-Bogota D.C.;Bogotá, D.C. - Bogotá;SI
11016009685;Bogotá-Bogota D.C.;Bogotá, D.C. - Bogotá;SI
3901190645;Bogotá-Bogota D.C.;Bogotá, D.C. - Bogotá;SI
11014213069;Bogotá-Bogota D.C.;Bogotá, D.C. - Bogotá;SI
13172659;Bogotá-Bogota D.C.;Bogotá, D.C. - Bogotá;SI
3900361316;Bogotá-Bogota D.C.;Bogotá, D.C. - Bogotá;SI
179914672;Bogotá-Bogota D.C.;Bogotá, D.C. - Bogotá;SI
135463174;Bogotá-Bogota D.C.;Bogotá, D.C. - Bogotá;SI
14221396;Bogotá-Bogota D.C.;Bogotá, D.C. - Bogotá;SI
1396748;Bogotá-Bogota D.C.;Bogotá, D.C. - Bogotá;SI
13229060;Bogotá-Bogota D.C.;Bogotá, D.C. - Bogotá;SI
135337533;Bogotá-Bogota D.C.;Bogotá, D.C. - Bogotá;SI
3901468413;Bogotá-Bogota D.C.;Bogotá, D.C. - Bogotá;SI
120531158;Bogotá-Bogota D.C.;Bogotá, D.C. - Bogotá;SI
3900757267;Bogotá-Bogota D.C.;Bogotá, D.C. - Bogotá;SI
179940168;Bogotá-Bogota D.C.;Bogotá, D.C. - Bogotá;SI
119075177;Bogotá-Bogota D.C.;Bogotá, D.C. - Bogotá;SI
11020788224;Bogotá-Bogota D.C.;Bogotá, D.C. - Bogotá;SI
2127818;Bogotá-Bogota D.C.;Bogotá, D.C. - Bogotá;SI
143720584;Bogotá-Bogota D.C.;Bogotá, D.C. - Bogotá;SI
126640899;Bogotá-Bogota D.C.;Bogotá, D.C. - Bogotá;SI
3900451443;Bogotá-Bogota D.C.;Bogotá, D.C. - Bogotá;SI
11023899832;Bogotá-Bogota D.C.;Bogotá, D.C. - Bogotá;SI
3900892889;Bogotá-Bogota D.C.;Bogotá, D.C. - Bogotá;SI
179132422;Bogotá-Bogota D.C.;Bogotá, D.C. - Bogotá;SI
17538008;Bogotá-Bogota D.C.;Bogotá, D.C. - Bogotá;SI
180090117;Bogotá-Bogota D.C.;Bogotá, D.C. - Bogotá;SI
3901065408;Bogotá-Bogota D.C.;Bogotá, D.C. - Bogotá;SI
152969525;Bogotá-Bogota D.C.;Bogotá, D.C. - Bogotá;SI
140395737;Bogotá-Bogota D.C.;Bogotá, D.C. - Bogotá;SI
163482988;Bogotá-Bogota D.C.;Bogotá, D.C. - Bogotá;SI
3901056632;Bogotá-Bogota D.C.;Bogotá, D.C. - Bogotá;SI
11020845447;Bogotá-Bogota D.C.;Bogotá, D.C. - Bogotá;SI
11074129230;Bogotá-Bogota D.C.;Bogotá, D.C. - Bogotá;SI
179149020;Bogotá-Bogota D.C.;Bogotá, D.C. - Bogotá;SI
3901264054;Bogotá-Bogota D.C.;Bogotá, D.C. - Bogotá;SI
11014257821;Bogotá-Bogota D.C.;Bogotá, D.C. - Bogotá;SI
119306973;Bogotá-Bogota D.C.;Bogotá, D.C. - Bogotá;SI
180213467;Bogotá-Bogota D.C.;Bogotá, D.C. - Bogotá;SI
117321624;Bogotá-Bogota D.C.;Bogotá, D.C. - Bogotá;SI
191445830;Bogotá-Bogota D.C.;Bogotá, D.C. - Bogotá;SI
3830029582;Bogotá-Bogota D.C.;Bogotá, D.C. - Bogotá;SI
119471801;Bogotá-Bogota D.C.;Bogotá, D.C. - Bogotá;SI
119445911;Bogotá-Bogota D.C.;Bogotá, D.C. - Bogotá;SI
119389453;Bogotá-Bogota D.C.;Bogotá, D.C. - Bogotá;SI
180265709;Bogotá-Bogota D.C.;Bogotá, D.C. - Bogotá;SI
11026256340;Bogotá-Bogota D.C.;Bogotá, D.C. - Bogotá;SI
3860042585;Bogotá-Bogota D.C.;Bogotá, D.C. - Bogotá;SI
17144333;Bogotá-Bogota D.C.;Bogotá, D.C. - Bogotá;SI
11090411894;Bogotá-Bogota D.C.;Bogotá, D.C. - Bogotá;SI
3860504882;Bogotá-Bogota D.C.;Bogotá, D.C. - Bogotá;SI
179744946;Bogotá-Bogota D.C.;Bogotá, D.C. - Bogotá;SI
152005977;Bogotá-Bogota D.C.;Bogotá, D.C. - Bogotá;SI
3830064013;Bogotá-Bogota D.C.;Bogotá, D.C. - Bogotá;SI
179489206;Bogotá-Bogota D.C.;Bogotá, D.C. - Bogotá;SI
3901141160;Bogotá-Bogota D.C.;Bogotá, D.C. - Bogotá;SI
180882038;Bogotá-Bogota D.C.;Bogotá, D.C. - Bogotá;SI
180801988;Bogotá-Bogota D.C.;Bogotá, D.C. - Bogotá;SI
152485703;Bogotá-Bogota D.C.;Bogotá, D.C. - Bogotá;SI
3901114718;Bogotá-Bogota D.C.;Bogotá, D.C. - Bogotá;SI
3901532835;Bogotá-Bogota D.C.;Bogotá, D.C. - Bogotá;SI
179738037;Bogotá-Bogota D.C.;Bogotá, D.C. - Bogotá;SI
3860002182;Bogotá-Bogota D.C.;Bogotá, D.C. - Bogotá;SI
3901459538;Bogotá-Bogota D.C.;Bogotá, D.C. - Bogotá;SI
121234413;Bogotá-Bogota D.C.;Bogotá, D.C. - Bogotá;SI
3811045845;Bogotá-Bogota D.C.;Bogotá, D.C. - Bogotá;SI
3900060018;Bogotá-Bogota D.C.;Bogotá, D.C. - Bogotá;SI
117320800;Bogotá-Bogota D.C.;Bogotá, D.C. - Bogotá;SI
180200714;Bogotá-Bogota D.C.;Bogotá, D.C. - Bogotá;SI
179535423;Bogotá-Bogota D.C.;Bogotá, D.C. - Bogotá;SI
180122403;Bogotá-Bogota D.C.;Bogotá, D.C. - Bogotá;SI
3830123305;Bogotá-Bogota D.C.;Bogotá, D.C. - Bogotá;SI
3900130240;Bogotá-Bogota D.C.;Bogotá, D.C. - Bogotá;SI
170062684;Bogotá-Bogota D.C.;Bogotá, D.C. - Bogotá;SI
3900516700;Bogotá-Bogota D.C.;Bogotá, D.C. - Bogotá;SI
193348605;Bogotá-Bogota D.C.;Bogotá, D.C. - Bogotá;SI
3900831342;Bogotá-Bogota D.C.;Bogotá, D.C. - Bogotá;SI
152931648;Bogotá-Bogota D.C.;Bogotá, D.C. - Bogotá;SI
3800034069;Bogotá-Bogota D.C.;Bogotá, D.C. - Bogotá;SI
3900235322;Bogotá-Bogota D.C.;Bogotá, D.C. - Bogotá;SI
179156241;Bogotá-Bogota D.C.;Bogotá, D.C. - Bogotá;SI
179691127;Bogotá-Bogota D.C.;Bogotá, D.C. - Bogotá;SI
19397924;Bogotá-Bogota D.C.;Bogotá, D.C. - Bogotá;SI
179750255;Bogotá-Bogota D.C.;Bogotá, D.C. - Bogotá;SI
179761083;Bogotá-Bogota D.C.;Bogotá, D.C. - Bogotá;SI
3900748670;Bogotá-Bogota D.C.;Bogotá, D.C. - Bogotá;SI
3860058070;Bogotá-Bogota D.C.;Bogotá, D.C. - Bogotá;SI
12957433;Bogotá-Bogota D.C.;Bogotá, D.C. - Bogotá;SI
119145274;Bogotá-Bogota D.C.;Bogotá, D.C. - Bogotá;SI
3900703608;Bogotá-Bogota D.C.;Bogotá, D.C. - Bogotá;SI
179601310;Bogotá-Bogota D.C.;Bogotá, D.C. - Bogotá;SI
11072650866;Bogotá-Bogota D.C.;Bogotá, D.C. - Bogotá;SI
3830003273;Bogotá-Bogota D.C.;Bogotá, D.C. - Bogotá;SI
3900414529;Bogotá-Bogota D.C.;Bogotá, D.C. - Bogotá;SI
180005438;Bogotá-Bogota D.C.;Bogotá, D.C. - Bogotá;SI
112963982;Bogotá-Bogota D.C.;Bogotá, D.C. - Bogotá;SI
179852662;Bogotá-Bogota D.C.;Bogotá, D.C. - Bogotá;SI
3900575287;Bogotá-Bogota D.C.;Bogotá, D.C. - Bogotá;SI
3860529657;Bogotá-Bogota D.C.;Bogotá, D.C. - Bogotá;SI
119489891;Bogotá-Bogota D.C.;Bogotá, D.C. - Bogotá;SI
11012341120;Bogotá-Bogota D.C.;Bogotá, D.C. - Bogotá;SI
179795211;Bogotá-Bogota D.C.;Bogotá, D.C. - Bogotá;SI
3900679913;Bogotá-Bogota D.C.;Bogotá, D.C. - Bogotá;SI
179153415;Bogotá-Bogota D.C.;Bogotá, D.C. - Bogotá;SI
179651783;Bogotá-Bogota D.C.;Bogotá, D.C. - Bogotá;SI
180130635;Bogotá-Bogota D.C.;Bogotá, D.C. - Bogotá;SI
3860065736;Bogotá-Bogota D.C.;Bogotá, D.C. - Bogotá;SI
11018463807;Bogotá-Bogota D.C.;Bogotá, D.C. - Bogotá;SI
186086506;Bogotá-Bogota D.C.;Bogotá, D.C. - Bogotá;SI
179487722;Bogotá-Bogota D.C.;Bogotá, D.C. - Bogotá;SI
179748751;Bogotá-Bogota D.C.;Bogotá, D.C. - Bogotá;SI
179568183;Bogotá-Bogota D.C.;Bogotá, D.C. - Bogotá;SI
180093329;Bogotá-Bogota D.C.;Bogotá, D.C. - Bogotá;SI
3901579273;Bogotá-Bogota D.C.;Bogotá, D.C. - Bogotá;SI
11019033126;Bogotá-Bogota D.C.;Bogotá, D.C. - Bogotá;SI
194326707;Bogotá-Bogota D.C.;Bogotá, D.C. - Bogotá;SI
3900152835;Bogotá-Bogota D.C.;Bogotá, D.C. - Bogotá;SI
180857889;Bogotá-Bogota D.C.;Bogotá, D.C. - Bogotá;SI
119402632;Bogotá-Bogota D.C.;Bogotá, D.C. - Bogotá;SI
139544170;Bogotá-Bogota D.C.;Bogotá, D.C. - Bogotá;SI
119365519;Bogotá-Bogota D.C.;Bogotá, D.C. - Bogotá;SI
3900864244;Bogotá-Bogota D.C.;Bogotá, D.C. - Bogotá;SI
179878034;Bogotá-Bogota D.C.;Bogotá, D.C. - Bogotá;SI
3800120135;Bogotá-Bogota D.C.;Bogotá, D.C. - Bogotá;SI
3900071228;Bogotá-Bogota D.C.;Bogotá, D.C. - Bogotá;SI
151698607;Bogotá-Bogota D.C.;Bogotá, D.C. - Bogotá;SI
180408109;Bogotá-Bogota D.C.;Bogotá, D.C. - Bogotá;SI
141711526;Bogotá-Bogota D.C.;Bogotá, D.C. - Bogotá;SI
198646978;Bogotá-Bogota D.C.;Bogotá, D.C. - Bogotá;SI
3900500644;Bogotá-Bogota D.C.;Bogotá, D.C. - Bogotá;SI
3900378893;Bogotá-Bogota D.C.;Bogotá, D.C. - Bogotá;SI
11022345325;Bogotá-Bogota D.C.;Bogotá, D.C. - Bogotá;SI
179579162;Bogotá-Bogota D.C.;Bogotá, D.C. - Bogotá;SI
117312124;Bogotá-Bogota D.C.;Bogotá, D.C. - Bogotá;SI
11026588882;Bogotá-Bogota D.C.;Bogotá, D.C. - Bogotá;SI
179140991;Bogotá-Bogota D.C.;Bogotá, D.C. - Bogotá;SI
3901149000;Bogotá-Bogota D.C.;Bogotá, D.C. - Bogotá;SI
3900756575;Bogotá-Bogota D.C.;Bogotá, D.C. - Bogotá;SI
179575819;Bogotá-Bogota D.C.;Bogotá, D.C. - Bogotá;SI
180415519;Bogotá-Bogota D.C.;Bogotá, D.C. - Bogotá;SI
124720885;Bogotá-Bogota D.C.;Bogotá, D.C. - Bogotá;SI
3901169821;Bogotá-Bogota D.C.;Bogotá, D.C. - Bogotá;SI
3900206717;Bogotá-Bogota D.C.;Bogotá, D.C. - Bogotá;SI
180230436;Bogotá-Bogota D.C.;Bogotá, D.C. - Bogotá;SI
3860525661;Bogotá-Bogota D.C.;Bogotá, D.C. - Bogotá;SI
3890302646;Bogotá-Bogota D.C.;Bogotá, D.C. - Bogotá;SI
11016093916;Bogotá-Bogota D.C.;Bogotá, D.C. - Bogotá;SI
179045725;Bogotá-Bogota D.C.;Bogotá, D.C. - Bogotá;SI
119229177;Bogotá-Bogota D.C.;Bogotá, D.C. - Bogotá;SI
3800047904;Bogotá-Bogota D.C.;Bogotá, D.C. - Bogotá;SI
179984366;Bogotá-Bogota D.C.;Bogotá, D.C. - Bogotá;SI
16746855;Bogotá-Bogota D.C.;Bogotá, D.C. - Bogotá;SI
152386276;Bogotá-Bogota D.C.;Bogotá, D.C. - Bogotá;SI
11121827079;Bogotá-Bogota D.C.;Bogotá, D.C. - Bogotá;SI
3901153197;Bogotá-Bogota D.C.;Bogotá, D.C. - Bogotá;SI
179554368;Bogotá-Bogota D.C.;Bogotá, D.C. - Bogotá;SI
3901253015;Bogotá-Bogota D.C.;Bogotá, D.C. - Bogotá;SI
141517697;Bogotá-Bogota D.C.;Bogotá, D.C. - Bogotá;SI
3900517421;Bogotá-Bogota D.C.;Bogotá, D.C. - Bogotá;SI
179273288;Bogotá-Bogota D.C.;Bogotá, D.C. - Bogotá;SI
3900266781;Bogotá-Bogota D.C.;Bogotá, D.C. - Bogotá;SI
3830000213;Bogotá-Bogota D.C.;Bogotá, D.C. - Bogotá;SI
3901506691;Bogotá-Bogota D.C.;Bogotá, D.C. - Bogotá;SI
179141964;Bogotá-Bogota D.C.;Bogotá, D.C. - Bogotá;SI
3830048667;Bogotá-Bogota D.C.;Bogotá, D.C. - Bogotá;SI
11121878274;Bogotá-Bogota D.C.;Bogotá, D.C. - Bogotá;SI
179757873;Bogotá-Bogota D.C.;Bogotá, D.C. - Bogotá;SI
180134895;Bogotá-Bogota D.C.;Bogotá, D.C. - Bogotá;SI
179640674;Bogotá-Bogota D.C.;Bogotá, D.C. - Bogotá;SI
3901282019;Bogotá-Bogota D.C.;Bogotá, D.C. - Bogotá;SI
3800196449;Bogotá-Bogota D.C.;Bogotá, D.C. - Bogotá;SI
119312048;Bogotá-Bogota D.C.;Bogotá, D.C. - Bogotá;SI
3830028762;Bogotá-Bogota D.C.;Bogotá, D.C. - Bogotá;SI
119129947;Bogotá-Bogota D.C.;Bogotá, D.C. - Bogotá;SI
11030538149;Bogotá-Bogota D.C.;Bogotá, D.C. - Bogotá;SI
11030547961;Bogotá-Bogota D.C.;Bogotá, D.C. - Bogotá;SI
151576350;Bogotá-Bogota D.C.;Bogotá, D.C. - Bogotá;SI
179655247;Bogotá-Bogota D.C.;Bogotá, D.C. - Bogotá;SI
11019037461;Bogotá-Bogota D.C.;Bogotá, D.C. - Bogotá;SI
3900037572;Bogotá-Bogota D.C.;Bogotá, D.C. - Bogotá;SI
179848749;Bogotá-Bogota D.C.;Bogotá, D.C. - Bogotá;SI
180199190;Bogotá-Bogota D.C.;Bogotá, D.C. - Bogotá;SI
179235735;Bogotá-Bogota D.C.;Bogotá, D.C. - Bogotá;SI
3830071139;Bogotá-Bogota D.C.;Bogotá, D.C. - Bogotá;SI
180076115;Bogotá-Bogota D.C.;Bogotá, D.C. - Bogotá;SI
3860000258;Bogotá-Bogota D.C.;Bogotá, D.C. - Bogotá;SI
3900909669;Bogotá-Bogota D.C.;Bogotá, D.C. - Bogotá;SI
13234013;Bogotá-Bogota D.C.;Bogotá, D.C. - Bogotá;SI
11019023247;Bogotá-Bogota D.C.;Bogotá, D.C. - Bogotá;SI
3901670199;Bogotá-Bogota D.C.;Bogotá, D.C. - Bogotá;SI
179941470;Bogotá-Bogota D.C.;Bogotá, D.C. - Bogotá;SI
171787830;Bogotá-Bogota D.C.;Bogotá, D.C. - Bogotá;SI
183218313;Bogotá-Bogota D.C.;Bogotá, D.C. - Bogotá;SI
3901297504;Bogotá-Bogota D.C.;Bogotá, D.C. - Bogotá;SI
3830046757;Bogotá-Bogota D.C.;Bogotá, D.C. - Bogotá;SI
11018422404;Bogotá-Bogota D.C.;Bogotá, D.C. - Bogotá;SI
117323243;Bogotá-Bogota D.C.;Bogotá, D.C. - Bogotá;SI
117422631;Bogotá-Bogota D.C.;Bogotá, D.C. - Bogotá;SI
11032375533;Bogotá-Bogota D.C.;Bogotá, D.C. - Bogotá;SI
3832008475;Bogotá-Bogota D.C.;Bogotá, D.C. - Bogotá;SI
180118857;Bogotá-Bogota D.C.;Bogotá, D.C. - Bogotá;SI
111280707;Bogotá-Bogota D.C.;Bogotá, D.C. - Bogotá;SI
3900907909;Bogotá-Bogota D.C.;Bogotá, D.C. - Bogotá;SI
3900936031;Bogotá-Bogota D.C.;Bogotá, D.C. - Bogotá;SI
180025685;Bogotá-Bogota D.C.;Bogotá, D.C. - Bogotá;SI
180091529;Bogotá-Bogota D.C.;Bogotá, D.C. - Bogotá;SI
13167194;Bogotá-Bogota D.C.;Bogotá, D.C. - Bogotá;SI
110241778;Bogotá-Bogota D.C.;Bogotá, D.C. - Bogotá;SI
11020792015;Bogotá-Bogota D.C.;Bogotá, D.C. - Bogotá;SI
3901474443;Bogotá-Bogota D.C.;Bogotá, D.C. - Bogotá;SI
13276221;Bogotá-Bogota D.C.;Bogotá, D.C. - Bogotá;SI
179515269;Bogotá-Bogota D.C.;Bogotá, D.C. - Bogotá;SI
3900338016;Bogotá-Bogota D.C.;Bogotá, D.C. - Bogotá;SI
171216621;Bogotá-Bogota D.C.;Bogotá, D.C. - Bogotá;SI
3800093475;Bogotá-Bogota D.C.;Bogotá, D.C. - Bogotá;SI
3900216566;Bogotá-Bogota D.C.;Bogotá, D.C. - Bogotá;SI
3901065395;Bogotá-Bogota D.C.;Bogotá, D.C. - Bogotá;SI
179690717;Bogotá-Bogota D.C.;Bogotá, D.C. - Bogotá;SI
3800216878;Bogotá-Bogota D.C.;Bogotá, D.C. - Bogotá;SI
180874761;Bogotá-Bogota D.C.;Bogotá, D.C. - Bogotá;SI
3800006955;Bogotá-Bogota D.C.;Bogotá, D.C. - Bogotá;SI
180872269;Bogotá-Bogota D.C.;Bogotá, D.C. - Bogotá;SI
179394941;Bogotá-Bogota D.C.;Bogotá, D.C. - Bogotá;SI
3901070257;Bogotá-Bogota D.C.;Bogotá, D.C. - Bogotá;SI
179966510;Bogotá-Bogota D.C.;Bogotá, D.C. - Bogotá;SI
152157297;Bogotá-Bogota D.C.;Bogotá, D.C. - Bogotá;SI
3860006764;Bogotá-Bogota D.C.;Bogotá, D.C. - Bogotá;SI
11121859135;Bogotá-Bogota D.C.;Bogotá, D.C. - Bogotá;SI
117179921;Bogotá-Bogota D.C.;Bogotá, D.C. - Bogotá;SI
19092475;Bogotá-Bogota D.C.;Bogotá, D.C. - Bogotá;SI
179688889;Bogotá-Bogota D.C.;Bogotá, D.C. - Bogotá;SI
13182643;Bogotá-Bogota D.C.;Bogotá, D.C. - Bogotá;SI
3901560494;Bogotá-Bogota D.C.;Bogotá, D.C. - Bogotá;SI
3809000555;Bogotá-Bogota D.C.;Bogotá, D.C. - Bogotá;SI
11022330526;Bogotá-Bogota D.C.;Bogotá, D.C. - Bogotá;SI
180029421;Bogotá-Bogota D.C.;Bogotá, D.C. - Bogotá;SI
3900721717;Bogotá-Bogota D.C.;Bogotá, D.C. - Bogotá;SI
179736578;Bogotá-Bogota D.C.;Bogotá, D.C. - Bogotá;SI
3900537192;Bogotá-Bogota D.C.;Bogotá, D.C. - Bogotá;SI
3800151555;Bogotá-Bogota D.C.;Bogotá, D.C. - Bogotá;SI
3900096154;Bogotá-Bogota D.C.;Bogotá, D.C. - Bogotá;SI
151714954;Bogotá-Bogota D.C.;Bogotá, D.C. - Bogotá;SI
193410263;Bogotá-Bogota D.C.;Bogotá, D.C. - Bogotá;SI
171641744;Bogotá-Bogota D.C.;Bogotá, D.C. - Bogotá;SI
11034278021;Bogotá-Bogota D.C.;Bogotá, D.C. - Bogotá;SI
13277064;Bogotá-Bogota D.C.;Bogotá, D.C. - Bogotá;SI
111324074;Bogotá-Bogota D.C.;Bogotá, D.C. - Bogotá;SI
165800304;Bogotá-Bogota D.C.;Bogotá, D.C. - Bogotá;SI
3901571739;Bogotá-Bogota D.C.;Bogotá, D.C. - Bogotá;SI
3900576791;Bogotá-Bogota D.C.;Bogotá, D.C. - Bogotá;SI
180904928;Bogotá-Bogota D.C.;Bogotá, D.C. - Bogotá;SI
12995651;Bogotá-Bogota D.C.;Bogotá, D.C. - Bogotá;SI
187248370;Bogotá-Bogota D.C.;Bogotá, D.C. - Bogotá;SI
13178891;Bogotá-Bogota D.C.;Bogotá, D.C. - Bogotá;SI
117111241;Bogotá-Bogota D.C.;Bogotá, D.C. - Bogotá;SI
183092926;Bogotá-Bogota D.C.;Bogotá, D.C. - Bogotá;SI
3800160933;Bogotá-Bogota D.C.;Bogotá, D.C. - Bogotá;SI
179530904;Bogotá-Bogota D.C.;Bogotá, D.C. - Bogotá;SI
3830138557;Bogotá-Bogota D.C.;Bogotá, D.C. - Bogotá;SI
180816138;Bogotá-Bogota D.C.;Bogotá, D.C. - Bogotá;SI
180195770;Bogotá-Bogota D.C.;Bogotá, D.C. - Bogotá;SI
179518764;Bogotá-Bogota D.C.;Bogotá, D.C. - Bogotá;SI
11019035343;Bogotá-Bogota D.C.;Bogotá, D.C. - Bogotá;SI
119109413;Bogotá-Bogota D.C.;Bogotá, D.C. - Bogotá;SI
119243427;Bogotá-Bogota D.C.;Bogotá, D.C. - Bogotá;SI
19731658;Bogotá-Bogota D.C.;Bogotá, D.C. - Bogotá;SI
3800172158;Bogotá-Bogota D.C.;Bogotá, D.C. - Bogotá;SI
3901672861;Bogotá-Bogota D.C.;Bogotá, D.C. - Bogotá;SI
13276569;Bogotá-Bogota D.C.;Bogotá, D.C. - Bogotá;SI
179344242;Bogotá-Bogota D.C.;Bogotá, D.C. - Bogotá;SI
3900752989;Bogotá-Bogota D.C.;Bogotá, D.C. - Bogotá;SI
3800185056;Bogotá-Bogota D.C.;Bogotá, D.C. - Bogotá;SI
11030674606;Bogotá-Bogota D.C.;Bogotá, D.C. - Bogotá;SI
179571305;Bogotá-Bogota D.C.;Bogotá, D.C. - Bogotá;SI
180020860;Bogotá-Bogota D.C.;Bogotá, D.C. - Bogotá;SI
179274786;Bogotá-Bogota D.C.;Bogotá, D.C. - Bogotá;SI
179737887;Bogotá-Bogota D.C.;Bogotá, D.C. - Bogotá;SI
180009542;Bogotá-Bogota D.C.;Bogotá, D.C. - Bogotá;SI
186058304;Bogotá-Bogota D.C.;Bogotá, D.C. - Bogotá;SI
3900870755;Bogotá-Bogota D.C.;Bogotá, D.C. - Bogotá;SI
179148971;Bogotá-Bogota D.C.;Bogotá, D.C. - Bogotá;SI
11073506279;Bogotá-Bogota D.C.;Bogotá, D.C. - Bogotá;SI
180151561;Bogotá-Bogota D.C.;Bogotá, D.C. - Bogotá;SI
180155067;Bogotá-Bogota D.C.;Bogotá, D.C. - Bogotá;SI
180177331;Bogotá-Bogota D.C.;Bogotá, D.C. - Bogotá;SI
119414547;Bogotá-Bogota D.C.;Bogotá, D.C. - Bogotá;SI
3900506815;Bogotá-Bogota D.C.;Bogotá, D.C. - Bogotá;SI
174859618;Bogotá-Bogota D.C.;Bogotá, D.C. - Bogotá;SI
11013608044;Bogotá-Bogota D.C.;Bogotá, D.C. - Bogotá;SI
3900103925;Bogotá-Bogota D.C.;Bogotá, D.C. - Bogotá;SI
139782269;Bogotá-Bogota D.C.;Bogotá, D.C. - Bogotá;SI
11074133659;Bogotá-Bogota D.C.;Bogotá, D.C. - Bogotá;SI
11092348981;Bogotá-Bogota D.C.;Bogotá, D.C. - Bogotá;SI
198543119;Bogotá-Bogota D.C.;Bogotá, D.C. - Bogotá;SI
16767436;Bogotá-Bogota D.C.;Bogotá, D.C. - Bogotá;SI
3900150646;Bogotá-Bogota D.C.;Bogotá, D.C. - Bogotá;SI
119428243;Bogotá-Bogota D.C.;Bogotá, D.C. - Bogotá;SI
11019030716;Bogotá-Bogota D.C.;Bogotá, D.C. - Bogotá;SI
179436192;Bogotá-Bogota D.C.;Bogotá, D.C. - Bogotá;SI
179893090;Bogotá-Bogota D.C.;Bogotá, D.C. - Bogotá;SI
171748544;Bogotá-Bogota D.C.;Bogotá, D.C. - Bogotá;SI
3900767343;Bogotá-Bogota D.C.;Bogotá, D.C. - Bogotá;SI
3900956512;Bogotá-Bogota D.C.;Bogotá, D.C. - Bogotá;SI
193288833;Bogotá-Bogota D.C.;Bogotá, D.C. - Bogotá;SI
180054254;Bogotá-Bogota D.C.;Bogotá, D.C. - Bogotá;SI
152961610;Bogotá-Bogota D.C.;Bogotá, D.C. - Bogotá;SI
3900558756;Bogotá-Bogota D.C.;Bogotá, D.C. - Bogotá;SI
179566627;Bogotá-Bogota D.C.;Bogotá, D.C. - Bogotá;SI
179761403;Bogotá-Bogota D.C.;Bogotá, D.C. - Bogotá;SI
3860519046;Bogotá-Bogota D.C.;Bogotá, D.C. - Bogotá;SI
11016082786;Bogotá-Bogota D.C.;Bogotá, D.C. - Bogotá;SI
179340345;Bogotá-Bogota D.C.;Bogotá, D.C. - Bogotá;SI
186048009;Bogotá-Bogota D.C.;Bogotá, D.C. - Bogotá;SI
179141328;Bogotá-Bogota D.C.;Bogotá, D.C. - Bogotá;SI
180419336;Bogotá-Bogota D.C.;Bogotá, D.C. - Bogotá;SI
3900200903;Bogotá-Bogota D.C.;Bogotá, D.C. - Bogotá;SI
121238334;Bogotá-Bogota D.C.;Bogotá, D.C. - Bogotá;SI
135520874;Bogotá-Bogota D.C.;Bogotá, D.C. - Bogotá;SI
11032399004;Bogotá-Bogota D.C.;Bogotá, D.C. - Bogotá;SI
193394811;Bogotá-Bogota D.C.;Bogotá, D.C. - Bogotá;SI
3901298473;Bogotá-Bogota D.C.;Bogotá, D.C. - Bogotá;SI
119261727;Bogotá-Bogota D.C.;Bogotá, D.C. - Bogotá;SI
119232317;Bogotá-Bogota D.C.;Bogotá, D.C. - Bogotá;SI
179953993;Bogotá-Bogota D.C.;Bogotá, D.C. - Bogotá;SI
120358276;Bogotá-Bogota D.C.;Bogotá, D.C. - Bogotá;SI
11032371997;Bogotá-Bogota D.C.;Bogotá, D.C. - Bogotá;SI
11018447621;Bogotá-Bogota D.C.;Bogotá, D.C. - Bogotá;SI
179138324;Bogotá-Bogota D.C.;Bogotá, D.C. - Bogotá;SI
179886465;Bogotá-Bogota D.C.;Bogotá, D.C. - Bogotá;SI
179661781;Bogotá-Bogota D.C.;Bogotá, D.C. - Bogotá;SI
180424264;Bogotá-Bogota D.C.;Bogotá, D.C. - Bogotá;SI
3900915872;Bogotá-Bogota D.C.;Bogotá, D.C. - Bogotá;SI
3800162592;Bogotá-Bogota D.C.;Bogotá, D.C. - Bogotá;SI
179601979;Bogotá-Bogota D.C.;Bogotá, D.C. - Bogotá;SI
117328718;Bogotá-Bogota D.C.;Bogotá, D.C. - Bogotá;SI
119387947;Bogotá-Bogota D.C.;Bogotá, D.C. - Bogotá;SI
3900944377;Bogotá-Bogota D.C.;Bogotá, D.C. - Bogotá;SI
11032432830;Bogotá-Bogota D.C.;Bogotá, D.C. - Bogotá;SI
3900170109;Bogotá-Bogota D.C.;Bogotá, D.C. - Bogotá;SI
13274128;Bogotá-Bogota D.C.;Bogotá, D.C. - Bogotá;SI
116245440;Bogotá-Bogota D.C.;Bogotá, D.C. - Bogotá;SI
117344975;Bogotá-Bogota D.C.;Bogotá, D.C. - Bogotá;SI
11018409928;Bogotá-Bogota D.C.;Bogotá, D.C. - Bogotá;SI
141657347;Bogotá-Bogota D.C.;Bogotá, D.C. - Bogotá;SI
179937915;Bogotá-Bogota D.C.;Bogotá, D.C. - Bogotá;SI
179321027;Bogotá-Bogota D.C.;Bogotá, D.C. - Bogotá;SI
180828644;Bogotá-Bogota D.C.;Bogotá, D.C. - Bogotá;SI
3830092264;Bogotá-Bogota D.C.;Bogotá, D.C. - Bogotá;SI
179869985;Bogotá-Bogota D.C.;Bogotá, D.C. - Bogotá;SI
3860517522;Bogotá-Bogota D.C.;Bogotá, D.C. - Bogotá;SI
177194506;Bogotá-Bogota D.C.;Bogotá, D.C. - Bogotá;SI
179484844;Bogotá-Bogota D.C.;Bogotá, D.C. - Bogotá;SI
3900797325;Bogotá-Bogota D.C.;Bogotá, D.C. - Bogotá;SI
3900304675;Bogotá-Bogota D.C.;Bogotá, D.C. - Bogotá;SI
180429548;Bogotá-Bogota D.C.;Bogotá, D.C. - Bogotá;SI
179547768;Bogotá-Bogota D.C.;Bogotá, D.C. - Bogotá;SI
152518423;Bogotá-Bogota D.C.;Bogotá, D.C. - Bogotá;SI
11010202208;Bogotá-Bogota D.C.;Bogotá, D.C. - Bogotá;SI
180205476;Bogotá-Bogota D.C.;Bogotá, D.C. - Bogotá;SI
3900035972;Bogotá-Bogota D.C.;Bogotá, D.C. - Bogotá;SI
3900972365;Bogotá-Bogota D.C.;Bogotá, D.C. - Bogotá;SI
3901083398;Bogotá-Bogota D.C.;Bogotá, D.C. - Bogotá;SI
111186033;Bogotá-Bogota D.C.;Bogotá, D.C. - Bogotá;SI
179140781;Bogotá-Bogota D.C.;Bogotá, D.C. - Bogotá;SI
179943474;Bogotá-Bogota D.C.;Bogotá, D.C. - Bogotá;SI
110104719;Bogotá-Bogota D.C.;Bogotá, D.C. - Bogotá;SI
3830043645;Bogotá-Bogota D.C.;Bogotá, D.C. - Bogotá;SI
3830088350;Bogotá-Bogota D.C.;Bogotá, D.C. - Bogotá;SI
179648158;Bogotá-Bogota D.C.;Bogotá, D.C. - Bogotá;SI
179452653;Bogotá-Bogota D.C.;Bogotá, D.C. - Bogotá;SI
3900381610;Bogotá-Bogota D.C.;Bogotá, D.C. - Bogotá;SI
11087127049;Bogotá-Bogota D.C.;Bogotá, D.C. - Bogotá;SI
179123368;Bogotá-Bogota D.C.;Bogotá, D.C. - Bogotá;SI
179100093;Bogotá-Bogota D.C.;Bogotá, D.C. - Bogotá;SI
11018468179;Bogotá-Bogota D.C.;Bogotá, D.C. - Bogotá;SI
194471137;Bogotá-Bogota D.C.;Bogotá, D.C. - Bogotá;SI
11022328773;Bogotá-Bogota D.C.;Bogotá, D.C. - Bogotá;SI
180420167;Bogotá-Bogota D.C.;Bogotá, D.C. - Bogotá;SI
179306465;Bogotá-Bogota D.C.;Bogotá, D.C. - Bogotá;SI
180133926;Bogotá-Bogota D.C.;Bogotá, D.C. - Bogotá;SI
13012312;Bogotá-Bogota D.C.;Bogotá, D.C. - Bogotá;SI
2423392;Bogotá-Bogota D.C.;Bogotá, D.C. - Bogotá;SI
3900838567;Bogotá-Bogota D.C.;Bogotá, D.C. - Bogotá;SI
141709688;Bogotá-Bogota D.C.;Bogotá, D.C. - Bogotá;SI
180419857;Bogotá-Bogota D.C.;Bogotá, D.C. - Bogotá;SI
13232792;Bogotá-Bogota D.C.;Bogotá, D.C. - Bogotá;SI
152507136;Bogotá-Bogota D.C.;Bogotá, D.C. - Bogotá;SI
3900435994;Bogotá-Bogota D.C.;Bogotá, D.C. - Bogotá;SI
151572502;Bogotá-Bogota D.C.;Bogotá, D.C. - Bogotá;SI
180177493;Bogotá-Bogota D.C.;Bogotá, D.C. - Bogotá;SI
3860034155;Bogotá-Bogota D.C.;Bogotá, D.C. - Bogotá;SI
3860516806;Bogotá-Bogota D.C.;Bogotá, D.C. - Bogotá;SI
11020753652;Bogotá-Bogota D.C.;Bogotá, D.C. - Bogotá;SI
179807276;Bogotá-Bogota D.C.;Bogotá, D.C. - Bogotá;SI
11024582217;Bogotá-Bogota D.C.;Bogotá, D.C. - Bogotá;SI
3901101222;Bogotá-Bogota D.C.;Bogotá, D.C. - Bogotá;SI
3830043424;Bogotá-Bogota D.C.;Bogotá, D.C. - Bogotá;SI
113803159;Bogotá-Bogota D.C.;Bogotá, D.C. - Bogotá;SI
3800134497;Bogotá-Bogota D.C.;Bogotá, D.C. - Bogotá;SI
189005041;Bogotá-Bogota D.C.;Bogotá, D.C. - Bogotá;SI
179836209;Bogotá-Bogota D.C.;Bogotá, D.C. - Bogotá;SI
14238106;Bogotá-Bogota D.C.;Bogotá, D.C. - Bogotá;SI
180742125;Bogotá-Bogota D.C.;Bogotá, D.C. - Bogotá;SI
117347462;Bogotá-Bogota D.C.;Bogotá, D.C. - Bogotá;SI
11071169789;Bogotá-Bogota D.C.;Bogotá, D.C. - Bogotá;SI
179711034;Bogotá-Bogota D.C.;Bogotá, D.C. - Bogotá;SI
179413066;Bogotá-Bogota D.C.;Bogotá, D.C. - Bogotá;SI
117340355;Bogotá-Bogota D.C.;Bogotá, D.C. - Bogotá;SI
180815791;Bogotá-Bogota D.C.;Bogotá, D.C. - Bogotá;SI
3900652083;Bogotá-Bogota D.C.;Bogotá, D.C. - Bogotá;SI
114214983;Bogotá-Bogota D.C.;Bogotá, D.C. - Bogotá;SI
141590362;Bogotá-Bogota D.C.;Bogotá, D.C. - Bogotá;SI
11010231160;Bogotá-Bogota D.C.;Bogotá, D.C. - Bogotá;SI
152096877;Bogotá-Bogota D.C.;Bogotá, D.C. - Bogotá;SI
3830023345;Bogotá-Bogota D.C.;Bogotá, D.C. - Bogotá;SI
179327227;Bogotá-Bogota D.C.;Bogotá, D.C. - Bogotá;SI
11121839463;Bogotá-Bogota D.C.;Bogotá, D.C. - Bogotá;SI
11020795557;Bogotá-Bogota D.C.;Bogotá, D.C. - Bogotá;SI
186071845;Bogotá-Bogota D.C.;Bogotá, D.C. - Bogotá;SI
3901763083;Bogotá-Bogota D.C.;Bogotá, D.C. - Bogotá;SI
180527881;Bogotá-Bogota D.C.;Bogotá, D.C. - Bogotá;SI
3901675272;Bogotá-Bogota D.C.;Bogotá, D.C. - Bogotá;SI
119278147;Bogotá-Bogota D.C.;Bogotá, D.C. - Bogotá;SI
179792868;Bogotá-Bogota D.C.;Bogotá, D.C. - Bogotá;SI
177176054;Bogotá-Bogota D.C.;Bogotá, D.C. - Bogotá;SI
120952365;Bogotá-Bogota D.C.;Bogotá, D.C. - Bogotá;SI
111323905;Bogotá-Bogota D.C.;Bogotá, D.C. - Bogotá;SI
180409563;Bogotá-Bogota D.C.;Bogotá, D.C. - Bogotá;SI
152078647;Bogotá-Bogota D.C.;Bogotá, D.C. - Bogotá;SI
113722992;Bogotá-Bogota D.C.;Bogotá, D.C. - Bogotá;SI
11016011823;Bogotá-Bogota D.C.;Bogotá, D.C. - Bogotá;SI
11015999049;Bogotá-Bogota D.C.;Bogotá, D.C. - Bogotá;SI
3900645281;Bogotá-Bogota D.C.;Bogotá, D.C. - Bogotá;SI
11022369709;Bogotá-Bogota D.C.;Bogotá, D.C. - Bogotá;SI
179794140;Bogotá-Bogota D.C.;Bogotá, D.C. - Bogotá;SI
179618272;Bogotá-Bogota D.C.;Bogotá, D.C. - Bogotá;SI
3901502508;Bogotá-Bogota D.C.;Bogotá, D.C. - Bogotá;SI
180831489;Bogotá-Bogota D.C.;Bogotá, D.C. - Bogotá;SI
179629041;Bogotá-Bogota D.C.;Bogotá, D.C. - Bogotá;SI
11020734369;Bogotá-Bogota D.C.;Bogotá, D.C. - Bogotá;SI
117320382;Bogotá-Bogota D.C.;Bogotá, D.C. - Bogotá;SI
3900031737;Bogotá-Bogota D.C.;Bogotá, D.C. - Bogotá;SI
152206780;Bogotá-Bogota D.C.;Bogotá, D.C. - Bogotá;SI
179961089;Bogotá-Bogota D.C.;Bogotá, D.C. - Bogotá;SI
194379906;Bogotá-Bogota D.C.;Bogotá, D.C. - Bogotá;SI
152911939;Bogotá-Bogota D.C.;Bogotá, D.C. - Bogotá;SI
140440354;Bogotá-Bogota D.C.;Bogotá, D.C. - Bogotá;SI
117388290;Bogotá-Bogota D.C.;Bogotá, D.C. - Bogotá;SI
141741713;Bogotá-Bogota D.C.;Bogotá, D.C. - Bogotá;SI
180022377;Bogotá-Bogota D.C.;Bogotá, D.C. - Bogotá;SI
180832246;Bogotá-Bogota D.C.;Bogotá, D.C. - Bogotá;SI
3860508382;Bogotá-Bogota D.C.;Bogotá, D.C. - Bogotá;SI
11030559635;Bogotá-Bogota D.C.;Bogotá, D.C. - Bogotá;SI
11015454368;Bogotá-Bogota D.C.;Bogotá, D.C. - Bogotá;SI
119285469;Bogotá-Bogota D.C.;Bogotá, D.C. - Bogotá;SI
11000455393;Bogotá-Bogota D.C.;Bogotá, D.C. - Bogotá;SI
119450116;Bogotá-Bogota D.C.;Bogotá, D.C. - Bogotá;SI
180196880;Bogotá-Bogota D.C.;Bogotá, D.C. - Bogotá;SI
117414515;Bogotá-Bogota D.C.;Bogotá, D.C. - Bogotá;SI
119871275;Bogotá-Bogota D.C.;Bogotá, D.C. - Bogotá;SI
110031404;Bogotá-Bogota D.C.;Bogotá, D.C. - Bogotá;SI
179876524;Bogotá-Bogota D.C.;Bogotá, D.C. - Bogotá;SI
180197776;Bogotá-Bogota D.C.;Bogotá, D.C. - Bogotá;SI
11076220102;Bogotá-Bogota D.C.;Bogotá, D.C. - Bogotá;SI
3900639700;Bogotá-Bogota D.C.;Bogotá, D.C. - Bogotá;SI
179911534;Bogotá-Bogota D.C.;Bogotá, D.C. - Bogotá;SI
119098345;Bogotá-Bogota D.C.;Bogotá, D.C. - Bogotá;SI
3830094294;Bogotá-Bogota D.C.;Bogotá, D.C. - Bogotá;SI
3901110863;Bogotá-Bogota D.C.;Bogotá, D.C. - Bogotá;SI
179352294;Bogotá-Bogota D.C.;Bogotá, D.C. - Bogotá;SI
3901425564;Bogotá-Bogota D.C.;Bogotá, D.C. - Bogotá;SI
3800173111;Bogotá-Bogota D.C.;Bogotá, D.C. - Bogotá;SI
180050188;Bogotá-Bogota D.C.;Bogotá, D.C. - Bogotá;SI
179059510;Bogotá-Bogota D.C.;Bogotá, D.C. - Bogotá;SI
2507292;Bogotá-Bogota D.C.;Bogotá, D.C. - Bogotá;SI
3901085972;Bogotá-Bogota D.C.;Bogotá, D.C. - Bogotá;SI
3860010443;Bogotá-Bogota D.C.;Bogotá, D.C. - Bogotá;SI
3900842680;Bogotá-Bogota D.C.;Bogotá, D.C. - Bogotá;SI
3900731893;Bogotá-Bogota D.C.;Bogotá, D.C. - Bogotá;SI
152452287;Bogotá-Bogota D.C.;Bogotá, D.C. - Bogotá;SI
139730290;Bogotá-Bogota D.C.;Bogotá, D.C. - Bogotá;SI
119373075;Bogotá-Bogota D.C.;Bogotá, D.C. - Bogotá;SI
11032417385;Bogotá-Bogota D.C.;Bogotá, D.C. - Bogotá;SI
3900709502;Bogotá-Bogota D.C.;Bogotá, D.C. - Bogotá;SI
141539920;Bogotá-Bogota D.C.;Bogotá, D.C. - Bogotá;SI
116830719;Bogotá-Bogota D.C.;Bogotá, D.C. - Bogotá;SI
129363876;Bogotá-Bogota D.C.;Bogotá, D.C. - Bogotá;SI
3890311243;Bogotá-Bogota D.C.;Bogotá, D.C. - Bogotá;SI
3900645765;Bogotá-Bogota D.C.;Bogotá, D.C. - Bogotá;SI
186078000;Bogotá-Bogota D.C.;Bogotá, D.C. - Bogotá;SI
3901088462;Bogotá-Bogota D.C.;Bogotá, D.C. - Bogotá;SI
151812114;Bogotá-Bogota D.C.;Bogotá, D.C. - Bogotá;SI
197801097;Bogotá-Bogota D.C.;Bogotá, D.C. - Bogotá;SI
179121281;Bogotá-Bogota D.C.;Bogotá, D.C. - Bogotá;SI
180229046;Bogotá-Bogota D.C.;Bogotá, D.C. - Bogotá;SI
180225223;Bogotá-Bogota D.C.;Bogotá, D.C. - Bogotá;SI
141685262;Bogotá-Bogota D.C.;Bogotá, D.C. - Bogotá;SI
179301924;Bogotá-Bogota D.C.;Bogotá, D.C. - Bogotá;SI
180024797;Bogotá-Bogota D.C.;Bogotá, D.C. - Bogotá;SI
3830128889;Bogotá-Bogota D.C.;Bogotá, D.C. - Bogotá;SI
11020748564;Bogotá-Bogota D.C.;Bogotá, D.C. - Bogotá;SI
180791311;Bogotá-Bogota D.C.;Bogotá, D.C. - Bogotá;SI
179117373;Bogotá-Bogota D.C.;Bogotá, D.C. - Bogotá;SI
180773918;Bogotá-Bogota D.C.;Bogotá, D.C. - Bogotá;SI
13277652;Bogotá-Bogota D.C.;Bogotá, D.C. - Bogotá;SI
179473044;Bogotá-Bogota D.C.;Bogotá, D.C. - Bogotá;SI
11032433182;Bogotá-Bogota D.C.;Bogotá, D.C. - Bogotá;SI
151666330;Bogotá-Bogota D.C.;Bogotá, D.C. - Bogotá;SI
179694561;Bogotá-Bogota D.C.;Bogotá, D.C. - Bogotá;SI
180432377;Bogotá-Bogota D.C.;Bogotá, D.C. - Bogotá;SI
114272491;Bogotá-Bogota D.C.;Bogotá, D.C. - Bogotá;SI
11136881156;Bogotá-Bogota D.C.;Bogotá, D.C. - Bogotá;SI
3800164351;Bogotá-Bogota D.C.;Bogotá, D.C. - Bogotá;SI
11001315955;Bogotá-Bogota D.C.;Bogotá, D.C. - Bogotá;SI
16758310;Bogotá-Bogota D.C.;Bogotá, D.C. - Bogotá;SI
3900896314;Bogotá-Bogota D.C.;Bogotá, D.C. - Bogotá;SI
3811024067;Bogotá-Bogota D.C.;Bogotá, D.C. - Bogotá;SI
116452307;Bogotá-Bogota D.C.;Bogotá, D.C. - Bogotá;SI
119409678;Bogotá-Bogota D.C.;Bogotá, D.C. - Bogotá;SI
135402197;Bogotá-Bogota D.C.;Bogotá, D.C. - Bogotá;SI
179352416;Bogotá-Bogota D.C.;Bogotá, D.C. - Bogotá;SI
3901128488;Bogotá-Bogota D.C.;Bogotá, D.C. - Bogotá;SI
11121934754;Bogotá-Bogota D.C.;Bogotá, D.C. - Bogotá;SI
179139084;Bogotá-Bogota D.C.;Bogotá, D.C. - Bogotá;SI
11022984888;Bogotá-Bogota D.C.;Bogotá, D.C. - Bogotá;SI
18636324;Bogotá-Bogota D.C.;Bogotá, D.C. - Bogotá;SI
11018513330;Bogotá-Bogota D.C.;Bogotá, D.C. - Bogotá;SI
3900567192;Bogotá-Bogota D.C.;Bogotá, D.C. - Bogotá;SI
179202781;Bogotá-Bogota D.C.;Bogotá, D.C. - Bogotá;SI
180037045;Bogotá-Bogota D.C.;Bogotá, D.C. - Bogotá;SI
139658324;Bogotá-Bogota D.C.;Bogotá, D.C. - Bogotá;SI
180764663;Bogotá-Bogota D.C.;Bogotá, D.C. - Bogotá;SI
140362359;Bogotá-Bogota D.C.;Bogotá, D.C. - Bogotá;SI
152125912;Bogotá-Bogota D.C.;Bogotá, D.C. - Bogotá;SI
152764462;Bogotá-Bogota D.C.;Bogotá, D.C. - Bogotá;SI
152252161;Bogotá-Bogota D.C.;Bogotá, D.C. - Bogotá;SI
180449652;Bogotá-Bogota D.C.;Bogotá, D.C. - Bogotá;SI
180231459;Bogotá-Bogota D.C.;Bogotá, D.C. - Bogotá;SI
11003649701;Bogotá-Bogota D.C.;Bogotá, D.C. - Bogotá;SI
141522474;Bogotá-Bogota D.C.;Bogotá, D.C. - Bogotá;SI
3900570293;Bogotá-Bogota D.C.;Bogotá, D.C. - Bogotá;SI
180502516;Bogotá-Bogota D.C.;Bogotá, D.C. - Bogotá;SI
179735613;Bogotá-Bogota D.C.;Bogotá, D.C. - Bogotá;SI
11014206565;Bogotá-Bogota D.C.;Bogotá, D.C. - Bogotá;SI
11018433237;Bogotá-Bogota D.C.;Bogotá, D.C. - Bogotá;SI
119379250;Bogotá-Bogota D.C.;Bogotá, D.C. - Bogotá;SI
3901193667;Bogotá-Bogota D.C.;Bogotá, D.C. - Bogotá;SI
179292879;Bogotá-Bogota D.C.;Bogotá, D.C. - Bogotá;SI
3900927718;Bogotá-Bogota D.C.;Bogotá, D.C. - Bogotá;SI
3901163085;Bogotá-Bogota D.C.;Bogotá, D.C. - Bogotá;SI
135460631;Bogotá-Bogota D.C.;Bogotá, D.C. - Bogotá;SI
119430912;Bogotá-Bogota D.C.;Bogotá, D.C. - Bogotá;SI
151768405;Bogotá-Bogota D.C.;Bogotá, D.C. - Bogotá;SI
179568158;Bogotá-Bogota D.C.;Bogotá, D.C. - Bogotá;SI
11032459853;Bogotá-Bogota D.C.;Bogotá, D.C. - Bogotá;SI
11022392267;Bogotá-Bogota D.C.;Bogotá, D.C. - Bogotá;SI
152820496;Bogotá-Bogota D.C.;Bogotá, D.C. - Bogotá;SI
3830044266;Bogotá-Bogota D.C.;Bogotá, D.C. - Bogotá;SI
3901506988;Bogotá-Bogota D.C.;Bogotá, D.C. - Bogotá;SI
119451709;Bogotá-Bogota D.C.;Bogotá, D.C. - Bogotá;SI
11030633488;Bogotá-Bogota D.C.;Bogotá, D.C. - Bogotá;SI
3901015577;Bogotá-Bogota D.C.;Bogotá, D.C. - Bogotá;SI
3901524562;Bogotá-Bogota D.C.;Bogotá, D.C. - Bogotá;SI
3901293027;Bogotá-Bogota D.C.;Bogotá, D.C. - Bogotá;SI
179655501;Bogotá-Bogota D.C.;Bogotá, D.C. - Bogotá;SI
179965217;Bogotá-Bogota D.C.;Bogotá, D.C. - Bogotá;SI
152503951;Bogotá-Bogota D.C.;Bogotá, D.C. - Bogotá;SI
11121913785;Bogotá-Bogota D.C.;Bogotá, D.C. - Bogotá;SI
140367115;Bogotá-Bogota D.C.;Bogotá, D.C. - Bogotá;SI
116075447;Bogotá-Bogota D.C.;Bogotá, D.C. - Bogotá;SI
119128786;Bogotá-Bogota D.C.;Bogotá, D.C. - Bogotá;SI
119470135;Bogotá-Bogota D.C.;Bogotá, D.C. - Bogotá;SI
3900284183;Bogotá-Bogota D.C.;Bogotá, D.C. - Bogotá;SI
179905749;Bogotá-Bogota D.C.;Bogotá, D.C. - Bogotá;SI
11022940670;Bogotá-Bogota D.C.;Bogotá, D.C. - Bogotá;SI
119210334;Bogotá-Bogota D.C.;Bogotá, D.C. - Bogotá;SI
179601552;Bogotá-Bogota D.C.;Bogotá, D.C. - Bogotá;SI
3900271539;Bogotá-Bogota D.C.;Bogotá, D.C. - Bogotá;SI
179523994;Bogotá-Bogota D.C.;Bogotá, D.C. - Bogotá;SI
152694219;Bogotá-Bogota D.C.;Bogotá, D.C. - Bogotá;SI
172164637;Bogotá-Bogota D.C.;Bogotá, D.C. - Bogotá;SI
180093842;Bogotá-Bogota D.C.;Bogotá, D.C. - Bogotá;SI
152145714;Bogotá-Bogota D.C.;Bogotá, D.C. - Bogotá;SI
11015457099;Bogotá-Bogota D.C.;Bogotá, D.C. - Bogotá;SI
180176925;Bogotá-Bogota D.C.;Bogotá, D.C. - Bogotá;SI
11013658685;Bogotá-Bogota D.C.;Bogotá, D.C. - Bogotá;SI
179579659;Bogotá-Bogota D.C.;Bogotá, D.C. - Bogotá;SI
3830067746;Bogotá-Bogota D.C.;Bogotá, D.C. - Bogotá;SI
119453945;Bogotá-Bogota D.C.;Bogotá, D.C. - Bogotá;SI
180061575;Bogotá-Bogota D.C.;Bogotá, D.C. - Bogotá;SI
179946865;Bogotá-Bogota D.C.;Bogotá, D.C. - Bogotá;SI
11071165131;Bogotá-Bogota D.C.;Bogotá, D.C. - Bogotá;SI
3901606107;Bogotá-Bogota D.C.;Bogotá, D.C. - Bogotá;SI
121068968;Bogotá-Bogota D.C.;Bogotá, D.C. - Bogotá;SI
3900354829;Bogotá-Bogota D.C.;Bogotá, D.C. - Bogotá;SI
180161718;Bogotá-Bogota D.C.;Bogotá, D.C. - Bogotá;SI
193295072;Bogotá-Bogota D.C.;Bogotá, D.C. - Bogotá;SI
3900913507;Bogotá-Bogota D.C.;Bogotá, D.C. - Bogotá;SI
180014447;Bogotá-Bogota D.C.;Bogotá, D.C. - Bogotá;SI
11013604153;Bogotá-Bogota D.C.;Bogotá, D.C. - Bogotá;SI
11030571017;Bogotá-Bogota D.C.;Bogotá, D.C. - Bogotá;SI
13153490;Bogotá-Bogota D.C.;Bogotá, D.C. - Bogotá;SI
180001473;Bogotá-Bogota D.C.;Bogotá, D.C. - Bogotá;SI
179802358;Bogotá-Bogota D.C.;Bogotá, D.C. - Bogotá;SI
186067280;Bogotá-Bogota D.C.;Bogotá, D.C. - Bogotá;SI
152029762;Bogotá-Bogota D.C.;Bogotá, D.C. - Bogotá;SI
11020713240;Bogotá-Bogota D.C.;Bogotá, D.C. - Bogotá;SI
3830128976;Bogotá-Bogota D.C.;Bogotá, D.C. - Bogotá;SI
180797796;Bogotá-Bogota D.C.;Bogotá, D.C. - Bogotá;SI
179683745;Bogotá-Bogota D.C.;Bogotá, D.C. - Bogotá;SI
152149015;Bogotá-Bogota D.C.;Bogotá, D.C. - Bogotá;SI
180095782;Bogotá-Bogota D.C.;Bogotá, D.C. - Bogotá;SI
11022386766;Bogotá-Bogota D.C.;Bogotá, D.C. - Bogotá;SI
111407911;Bogotá-Bogota D.C.;Bogotá, D.C. - Bogotá;SI
3900587972;Bogotá-Bogota D.C.;Bogotá, D.C. - Bogotá;SI
191287950;Bogotá-Bogota D.C.;Bogotá, D.C. - Bogotá;SI
198570064;Bogotá-Bogota D.C.;Bogotá, D.C. - Bogotá;SI
119198797;Bogotá-Bogota D.C.;Bogotá, D.C. - Bogotá;SI
3900936745;Bogotá-Bogota D.C.;Bogotá, D.C. - Bogotá;SI
3830507982;Bogotá-Bogota D.C.;Bogotá, D.C. - Bogotá;SI
3901108921;Bogotá-Bogota D.C.;Bogotá, D.C. - Bogotá;SI
120654142;Bogotá-Bogota D.C.;Bogotá, D.C. - Bogotá;SI
3900455438;Bogotá-Bogota D.C.;Bogotá, D.C. - Bogotá;SI
3901048265;Bogotá-Bogota D.C.;Bogotá, D.C. - Bogotá;SI
3900052123;Bogotá-Bogota D.C.;Bogotá, D.C. - Bogotá;SI
3901077177;Bogotá-Bogota D.C.;Bogotá, D.C. - Bogotá;SI
13156189;Bogotá-Bogota D.C.;Bogotá, D.C. - Bogotá;SI
3860516847;Bogotá-Bogota D.C.;Bogotá, D.C. - Bogotá;SI
3901335977;Bogotá-Bogota D.C.;Bogotá, D.C. - Bogotá;SI
3800218958;Bogotá-Bogota D.C.;Bogotá, D.C. - Bogotá;SI
3900926346;Bogotá-Bogota D.C.;Bogotá, D.C. - Bogotá;SI
180066975;Bogotá-Bogota D.C.;Bogotá, D.C. - Bogotá;SI
3830101830;Bogotá-Bogota D.C.;Bogotá, D.C. - Bogotá;SI
179799804;Bogotá-Bogota D.C.;Bogotá, D.C. - Bogotá;SI
11015420777;Bogotá-Bogota D.C.;Bogotá, D.C. - Bogotá;SI
179627012;Bogotá-Bogota D.C.;Bogotá, D.C. - Bogotá;SI
3830011376;Bogotá-Bogota D.C.;Bogotá, D.C. - Bogotá;SI
180849571;Bogotá-Bogota D.C.;Bogotá, D.C. - Bogotá;SI
119205141;Bogotá-Bogota D.C.;Bogotá, D.C. - Bogotá;SI
11018440465;Bogotá-Bogota D.C.;Bogotá, D.C. - Bogotá;SI
179548033;Bogotá-Bogota D.C.;Bogotá, D.C. - Bogotá;SI
3901193050;Bogotá-Bogota D.C.;Bogotá, D.C. - Bogotá;SI
180801269;Bogotá-Bogota D.C.;Bogotá, D.C. - Bogotá;SI
119099244;Bogotá-Bogota D.C.;Bogotá, D.C. - Bogotá;SI
11023902008;Bogotá-Bogota D.C.;Bogotá, D.C. - Bogotá;SI
3900833879;Bogotá-Bogota D.C.;Bogotá, D.C. - Bogotá;SI
3900796762;Bogotá-Bogota D.C.;Bogotá, D.C. - Bogotá;SI
11020815462;Bogotá-Bogota D.C.;Bogotá, D.C. - Bogotá;SI
152255501;Bogotá-Bogota D.C.;Bogotá, D.C. - Bogotá;SI
153060859;Bogotá-Bogota D.C.;Bogotá, D.C. - Bogotá;SI
11020807999;Bogotá-Bogota D.C.;Bogotá, D.C. - Bogotá;SI
180757540;Bogotá-Bogota D.C.;Bogotá, D.C. - Bogotá;SI
179257840;Bogotá-Bogota D.C.;Bogotá, D.C. - Bogotá;SI
111254055;Bogotá-Bogota D.C.;Bogotá, D.C. - Bogotá;SI
180198191;Bogotá-Bogota D.C.;Bogotá, D.C. - Bogotá;SI
119419214;Bogotá-Bogota D.C.;Bogotá, D.C. - Bogotá;SI
179452817;Bogotá-Bogota D.C.;Bogotá, D.C. - Bogotá;SI
179486531;Bogotá-Bogota D.C.;Bogotá, D.C. - Bogotá;SI
3900448330;Bogotá-Bogota D.C.;Bogotá, D.C. - Bogotá;SI
179734787;Bogotá-Bogota D.C.;Bogotá, D.C. - Bogotá;SI
179117385;Bogotá-Bogota D.C.;Bogotá, D.C. - Bogotá;SI
3900959200;Bogotá-Bogota D.C.;Bogotá, D.C. - Bogotá;SI
11130646791;Bogotá-Bogota D.C.;Bogotá, D.C. - Bogotá;SI
11014272038;Bogotá-Bogota D.C.;Bogotá, D.C. - Bogotá;SI
179230875;Bogotá-Bogota D.C.;Bogotá, D.C. - Bogotá;SI
11121857118;Bogotá-Bogota D.C.;Bogotá, D.C. - Bogotá;SI
117334317;Bogotá-Bogota D.C.;Bogotá, D.C. - Bogotá;SI
180764331;Bogotá-Bogota D.C.;Bogotá, D.C. - Bogotá;SI
119280241;Bogotá-Bogota D.C.;Bogotá, D.C. - Bogotá;SI
3901053528;Bogotá-Bogota D.C.;Bogotá, D.C. - Bogotá;SI
179381082;Bogotá-Bogota D.C.;Bogotá, D.C. - Bogotá;SI
180759709;Bogotá-Bogota D.C.;Bogotá, D.C. - Bogotá;SI
3830500326;Bogotá-Bogota D.C.;Bogotá, D.C. - Bogotá;SI
3901490555;Bogotá-Bogota D.C.;Bogotá, D.C. - Bogotá;SI
152748585;Bogotá-Bogota D.C.;Bogotá, D.C. - Bogotá;SI
119496040;Bogotá-Bogota D.C.;Bogotá, D.C. - Bogotá;SI
11030636973;Bogotá-Bogota D.C.;Bogotá, D.C. - Bogotá;SI
19771199;Bogotá-Bogota D.C.;Bogotá, D.C. - Bogotá;SI
3900152573;Bogotá-Bogota D.C.;Bogotá, D.C. - Bogotá;SI
3900527898;Bogotá-Bogota D.C.;Bogotá, D.C. - Bogotá;SI
3901386643;Bogotá-Bogota D.C.;Bogotá, D.C. - Bogotá;SI
180258903;Bogotá-Bogota D.C.;Bogotá, D.C. - Bogotá;SI
3900964285;Bogotá-Bogota D.C.;Bogotá, D.C. - Bogotá;SI
152828600;Bogotá-Bogota D.C.;Bogotá, D.C. - Bogotá;SI
152515397;Bogotá-Bogota D.C.;Bogotá, D.C. - Bogotá;SI
3901252118;Bogotá-Bogota D.C.;Bogotá, D.C. - Bogotá;SI
179365031;Bogotá-Bogota D.C.;Bogotá, D.C. - Bogotá;SI
3800189974;Bogotá-Bogota D.C.;Bogotá, D.C. - Bogotá;SI
179249937;Bogotá-Bogota D.C.;Bogotá, D.C. - Bogotá;SI
11019016028;Bogotá-Bogota D.C.;Bogotá, D.C. - Bogotá;SI
180008071;Bogotá-Bogota D.C.;Bogotá, D.C. - Bogotá;SI
179686596;Bogotá-Bogota D.C.;Bogotá, D.C. - Bogotá;SI
180257133;Bogotá-Bogota D.C.;Bogotá, D.C. - Bogotá;SI
180772646;Bogotá-Bogota D.C.;Bogotá, D.C. - Bogotá;SI
3900970984;Bogotá-Bogota D.C.;Bogotá, D.C. - Bogotá;SI
179514066;Bogotá-Bogota D.C.;Bogotá, D.C. - Bogotá;SI
179297998;Bogotá-Bogota D.C.;Bogotá, D.C. - Bogotá;SI
11010170887;Bogotá-Bogota D.C.;Bogotá, D.C. - Bogotá;SI
15174681;Bogotá-Bogota D.C.;Bogotá, D.C. - Bogotá;SI
11020724398;Bogotá-Bogota D.C.;Bogotá, D.C. - Bogotá;SI
3900694384;Bogotá-Bogota D.C.;Bogotá, D.C. - Bogotá;SI
11022391415;Bogotá-Bogota D.C.;Bogotá, D.C. - Bogotá;SI
3860511458;Bogotá-Bogota D.C.;Bogotá, D.C. - Bogotá;SI
11014179232;Bogotá-Bogota D.C.;Bogotá, D.C. - Bogotá;SI
151829080;Bogotá-Bogota D.C.;Bogotá, D.C. - Bogotá;SI
180377590;Bogotá-Bogota D.C.;Bogotá, D.C. - Bogotá;SI
11030635823;Bogotá-Bogota D.C.;Bogotá, D.C. - Bogotá;SI
152514940;Bogotá-Bogota D.C.;Bogotá, D.C. - Bogotá;SI
110227597;Bogotá-Bogota D.C.;Bogotá, D.C. - Bogotá;SI
3900016411;Bogotá-Bogota D.C.;Bogotá, D.C. - Bogotá;SI
11015448871;Bogotá-Bogota D.C.;Bogotá, D.C. - Bogotá;SI
3900656137;Bogotá-Bogota D.C.;Bogotá, D.C. - Bogotá;SI
3830045573;Bogotá-Bogota D.C.;Bogotá, D.C. - Bogotá;SI
179793782;Bogotá-Bogota D.C.;Bogotá, D.C. - Bogotá;SI
179327514;Bogotá-Bogota D.C.;Bogotá, D.C. - Bogotá;SI
3830095998;Bogotá-Bogota D.C.;Bogotá, D.C. - Bogotá;SI
153080341;Bogotá-Bogota D.C.;Bogotá, D.C. - Bogotá;SI
180927412;Bogotá-Bogota D.C.;Bogotá, D.C. - Bogotá;SI
180221049;Bogotá-Bogota D.C.;Bogotá, D.C. - Bogotá;SI
119211274;Bogotá-Bogota D.C.;Bogotá, D.C. - Bogotá;SI
179591601;Bogotá-Bogota D.C.;Bogotá, D.C. - Bogotá;SI
179893649;Bogotá-Bogota D.C.;Bogotá, D.C. - Bogotá;SI
180210852;Bogotá-Bogota D.C.;Bogotá, D.C. - Bogotá;SI
179436757;Bogotá-Bogota D.C.;Bogotá, D.C. - Bogotá;SI
191176152;Bogotá-Bogota D.C.;Bogotá, D.C. - Bogotá;SI
3900597768;Bogotá-Bogota D.C.;Bogotá, D.C. - Bogotá;SI
15750871;Bogotá-Bogota D.C.;Bogotá, D.C. - Bogotá;SI
179575786;Bogotá-Bogota D.C.;Bogotá, D.C. - Bogotá;SI
11018418887;Bogotá-Bogota D.C.;Bogotá, D.C. - Bogotá;SI
11124022389;Bogotá-Bogota D.C.;Bogotá, D.C. - Bogotá;SI
11020745069;Bogotá-Bogota D.C.;Bogotá, D.C. - Bogotá;SI
11022395578;Bogotá-Bogota D.C.;Bogotá, D.C. - Bogotá;SI
180009849;Bogotá-Bogota D.C.;Bogotá, D.C. - Bogotá;SI
179347462;Bogotá-Bogota D.C.;Bogotá, D.C. - Bogotá;SI
180050018;Bogotá-Bogota D.C.;Bogotá, D.C. - Bogotá;SI
3830091939;Bogotá-Bogota D.C.;Bogotá, D.C. - Bogotá;SI
119127192;Bogotá-Bogota D.C.;Bogotá, D.C. - Bogotá;SI
11072705521;Bogotá-Bogota D.C.;Bogotá, D.C. - Bogotá;SI
120749022;Bogotá-Bogota D.C.;Bogotá, D.C. - Bogotá;SI
180031532;Bogotá-Bogota D.C.;Bogotá, D.C. - Bogotá;SI
180067082;Bogotá-Bogota D.C.;Bogotá, D.C. - Bogotá;SI
179624333;Bogotá-Bogota D.C.;Bogotá, D.C. - Bogotá;SI
17719480;Bogotá-Bogota D.C.;Bogotá, D.C. - Bogotá;SI
117134846;Bogotá-Bogota D.C.;Bogotá, D.C. - Bogotá;SI
113991703;Bogotá-Bogota D.C.;Bogotá, D.C. - Bogotá;SI
3800033094;Bogotá-Bogota D.C.;Bogotá, D.C. - Bogotá;SI
3900804156;Bogotá-Bogota D.C.;Bogotá, D.C. - Bogotá;SI
179953994;Bogotá-Bogota D.C.;Bogotá, D.C. - Bogotá;SI
179433557;Bogotá-Bogota D.C.;Bogotá, D.C. - Bogotá;SI
11107105564;Bogotá-Bogota D.C.;Bogotá, D.C. - Bogotá;SI
152128269;Bogotá-Bogota D.C.;Bogotá, D.C. - Bogotá;SI
11030557821;Bogotá-Bogota D.C.;Bogotá, D.C. - Bogotá;SI
3900834378;Bogotá-Bogota D.C.;Bogotá, D.C. - Bogotá;SI
117416150;Bogotá-Bogota D.C.;Bogotá, D.C. - Bogotá;SI
3900109656;Bogotá-Bogota D.C.;Bogotá, D.C. - Bogotá;SI
3901211800;Bogotá-Bogota D.C.;Bogotá, D.C. - Bogotá;SI
11031123633;Bogotá-Bogota D.C.;Bogotá, D.C. - Bogotá;SI
179916182;Bogotá-Bogota D.C.;Bogotá, D.C. - Bogotá;SI
11018404993;Bogotá-Bogota D.C.;Bogotá, D.C. - Bogotá;SI
152304903;Bogotá-Bogota D.C.;Bogotá, D.C. - Bogotá;SI
179895242;Bogotá-Bogota D.C.;Bogotá, D.C. - Bogotá;SI
179130222;Bogotá-Bogota D.C.;Bogotá, D.C. - Bogotá;SI
152072343;Bogotá-Bogota D.C.;Bogotá, D.C. - Bogotá;SI
180761556;Bogotá-Bogota D.C.;Bogotá, D.C. - Bogotá;SI
3830089377;Bogotá-Bogota D.C.;Bogotá, D.C. - Bogotá;SI
119453795;Bogotá-Bogota D.C.;Bogotá, D.C. - Bogotá;SI
11095933159;Bogotá-Bogota D.C.;Bogotá, D.C. - Bogotá;SI
180416446;Bogotá-Bogota D.C.;Bogotá, D.C. - Bogotá;SI
3900497367;Bogotá-Bogota D.C.;Bogotá, D.C. - Bogotá;SI
3901521873;Bogotá-Bogota D.C.;Bogotá, D.C. - Bogotá;SI
151641038;Bogotá-Bogota D.C.;Bogotá, D.C. - Bogotá;SI
179619532;Bogotá-Bogota D.C.;Bogotá, D.C. - Bogotá;SI
11121831811;Bogotá-Bogota D.C.;Bogotá, D.C. - Bogotá;SI
141738930;Bogotá-Bogota D.C.;Bogotá, D.C. - Bogotá;SI
3900429890;Bogotá-Bogota D.C.;Bogotá, D.C. - Bogotá;SI
3805007853;Bogotá-Bogota D.C.;Bogotá, D.C. - Bogotá;SI
189003674;Bogotá-Bogota D.C.;Bogotá, D.C. - Bogotá;SI
180010340;Bogotá-Bogota D.C.;Bogotá, D.C. - Bogotá;SI
111224973;Bogotá-Bogota D.C.;Bogotá, D.C. - Bogotá;SI
3800177674;Bogotá-Bogota D.C.;Bogotá, D.C. - Bogotá;SI
11045674439;Bogotá-Bogota D.C.;Bogotá, D.C. - Bogotá;SI
179946801;Bogotá-Bogota D.C.;Bogotá, D.C. - Bogotá;SI
179602307;Bogotá-Bogota D.C.;Bogotá, D.C. - Bogotá;SI
3901607700;Bogotá-Bogota D.C.;Bogotá, D.C. - Bogotá;SI
119234136;Bogotá-Bogota D.C.;Bogotá, D.C. - Bogotá;SI
3900109849;Bogotá-Bogota D.C.;Bogotá, D.C. - Bogotá;SI
3860009808;Bogotá-Bogota D.C.;Bogotá, D.C. - Bogotá;SI
152981574;Bogotá-Bogota D.C.;Bogotá, D.C. - Bogotá;SI
11018499587;Bogotá-Bogota D.C.;Bogotá, D.C. - Bogotá;SI
139789054;Bogotá-Bogota D.C.;Bogotá, D.C. - Bogotá;SI
179807371;Bogotá-Bogota D.C.;Bogotá, D.C. - Bogotá;SI
179134592;Bogotá-Bogota D.C.;Bogotá, D.C. - Bogotá;SI
116782538;Bogotá-Bogota D.C.;Bogotá, D.C. - Bogotá;SI
179759580;Bogotá-Bogota D.C.;Bogotá, D.C. - Bogotá;SI
179938175;Bogotá-Bogota D.C.;Bogotá, D.C. - Bogotá;SI
139761353;Bogotá-Bogota D.C.;Bogotá, D.C. - Bogotá;SI
3860511681;Bogotá-Bogota D.C.;Bogotá, D.C. - Bogotá;SI
180723342;Bogotá-Bogota D.C.;Bogotá, D.C. - Bogotá;SI
3830137517;Bogotá-Bogota D.C.;Bogotá, D.C. - Bogotá;SI
3900356160;Bogotá-Bogota D.C.;Bogotá, D.C. - Bogotá;SI
114624790;Bogotá-Bogota D.C.;Bogotá, D.C. - Bogotá;SI
119329646;Bogotá-Bogota D.C.;Bogotá, D.C. - Bogotá;SI
170780696;Bogotá-Bogota D.C.;Bogotá, D.C. - Bogotá;SI
17531054;Bogotá-Bogota D.C.;Bogotá, D.C. - Bogotá;SI
179263332;Bogotá-Bogota D.C.;Bogotá, D.C. - Bogotá;SI
11018429658;Bogotá-Bogota D.C.;Bogotá, D.C. - Bogotá;SI
3900309589;Bogotá-Bogota D.C.;Bogotá, D.C. - Bogotá;SI
180792330;Bogotá-Bogota D.C.;Bogotá, D.C. - Bogotá;SI
159652226;Bogotá-Bogota D.C.;Bogotá, D.C. - Bogotá;SI
11070942562;Bogotá-Bogota D.C.;Bogotá, D.C. - Bogotá;SI
119492736;Bogotá-Bogota D.C.;Bogotá, D.C. - Bogotá;SI
180814059;Bogotá-Bogota D.C.;Bogotá, D.C. - Bogotá;SI
180162537;Bogotá-Bogota D.C.;Bogotá, D.C. - Bogotá;SI
179001667;Bogotá-Bogota D.C.;Bogotá, D.C. - Bogotá;SI
173198130;Bogotá-Bogota D.C.;Bogotá, D.C. - Bogotá;SI
11032381131;Bogotá-Bogota D.C.;Bogotá, D.C. - Bogotá;SI
179818652;Bogotá-Bogota D.C.;Bogotá, D.C. - Bogotá;SI
180761289;Bogotá-Bogota D.C.;Bogotá, D.C. - Bogotá;SI
119301968;Bogotá-Bogota D.C.;Bogotá, D.C. - Bogotá;SI
11143832955;Bogotá-Bogota D.C.;Bogotá, D.C. - Bogotá;SI
117305917;Bogotá-Bogota D.C.;Bogotá, D.C. - Bogotá;SI
180049456;Bogotá-Bogota D.C.;Bogotá, D.C. - Bogotá;SI
152646790;Bogotá-Bogota D.C.;Bogotá, D.C. - Bogotá;SI
3900827489;Bogotá-Bogota D.C.;Bogotá, D.C. - Bogotá;SI
179964019;Bogotá-Bogota D.C.;Bogotá, D.C. - Bogotá;SI
179691546;Bogotá-Bogota D.C.;Bogotá, D.C. - Bogotá;SI
11026561740;Bogotá-Bogota D.C.;Bogotá, D.C. - Bogotá;SI
13016520;Bogotá-Bogota D.C.;Bogotá, D.C. - Bogotá;SI
11053778497;Bogotá-Bogota D.C.;Bogotá, D.C. - Bogotá;SI
3900968414;Bogotá-Bogota D.C.;Bogotá, D.C. - Bogotá;SI
180002088;Bogotá-Bogota D.C.;Bogotá, D.C. - Bogotá;SI
18280040;Bogotá-Bogota D.C.;Bogotá, D.C. - Bogotá;SI
179708174;Bogotá-Bogota D.C.;Bogotá, D.C. - Bogotá;SI
180100190;Bogotá-Bogota D.C.;Bogotá, D.C. - Bogotá;SI
112129779;Bogotá-Bogota D.C.;Bogotá, D.C. - Bogotá;SI
180012688;Bogotá-Bogota D.C.;Bogotá, D.C. - Bogotá;SI
179501889;Bogotá-Bogota D.C.;Bogotá, D.C. - Bogotá;SI
151985007;Bogotá-Bogota D.C.;Bogotá, D.C. - Bogotá;SI
179448409;Bogotá-Bogota D.C.;Bogotá, D.C. - Bogotá;SI
128951453;Bogotá-Bogota D.C.;Bogotá, D.C. - Bogotá;SI
11014186624;Bogotá-Bogota D.C.;Bogotá, D.C. - Bogotá;SI
3830506116;Bogotá-Bogota D.C.;Bogotá, D.C. - Bogotá;SI
171777060;Bogotá-Bogota D.C.;Bogotá, D.C. - Bogotá;SI
180422701;Bogotá-Bogota D.C.;Bogotá, D.C. - Bogotá;SI
12971825;Bogotá-Bogota D.C.;Bogotá, D.C. - Bogotá;SI
3900120369;Bogotá-Bogota D.C.;Bogotá, D.C. - Bogotá;SI
3900030261;Bogotá-Bogota D.C.;Bogotá, D.C. - Bogotá;SI
172270781;Bogotá-Bogota D.C.;Bogotá, D.C. - Bogotá;SI
11073232297;Bogotá-Bogota D.C.;Bogotá, D.C. - Bogotá;SI
3900173936;Bogotá-Bogota D.C.;Bogotá, D.C. - Bogotá;SI
11121851541;Bogotá-Bogota D.C.;Bogotá, D.C. - Bogotá;SI
180091560;Bogotá-Bogota D.C.;Bogotá, D.C. - Bogotá;SI
180087909;Bogotá-Bogota D.C.;Bogotá, D.C. - Bogotá;SI
3900454607;Bogotá-Bogota D.C.;Bogotá, D.C. - Bogotá;SI
3900672513;Bogotá-Bogota D.C.;Bogotá, D.C. - Bogotá;SI
186031298;Bogotá-Bogota D.C.;Bogotá, D.C. - Bogotá;SI
112645094;Bogotá-Bogota D.C.;Bogotá, D.C. - Bogotá;SI
3900894480;Bogotá-Bogota D.C.;Bogotá, D.C. - Bogotá;SI
110691031;Bogotá-Bogota D.C.;Bogotá, D.C. - Bogotá;SI
179161323;Bogotá-Bogota D.C.;Bogotá, D.C. - Bogotá;SI
11030525746;Bogotá-Bogota D.C.;Bogotá, D.C. - Bogotá;SI
180502824;Bogotá-Bogota D.C.;Bogotá, D.C. - Bogotá;SI
140343248;Bogotá-Bogota D.C.;Bogotá, D.C. - Bogotá;SI
119283253;Bogotá-Bogota D.C.;Bogotá, D.C. - Bogotá;SI
179432725;Bogotá-Bogota D.C.;Bogotá, D.C. - Bogotá;SI
179530397;Bogotá-Bogota D.C.;Bogotá, D.C. - Bogotá;SI
116935574;Bogotá-Bogota D.C.;Bogotá, D.C. - Bogotá;SI
14153062;Bogotá-Bogota D.C.;Bogotá, D.C. - Bogotá;SI
122492493;Bogotá-Bogota D.C.;Bogotá, D.C. - Bogotá;SI
186074566;Bogotá-Bogota D.C.;Bogotá, D.C. - Bogotá;SI
11026269016;Bogotá-Bogota D.C.;Bogotá, D.C. - Bogotá;SI
179514599;Bogotá-Bogota D.C.;Bogotá, D.C. - Bogotá;SI
131568027;Bogotá-Bogota D.C.;Bogotá, D.C. - Bogotá;SI
11070015368;Bogotá-Bogota D.C.;Bogotá, D.C. - Bogotá;SI
180793150;Bogotá-Bogota D.C.;Bogotá, D.C. - Bogotá;SI
3900151827;Bogotá-Bogota D.C.;Bogotá, D.C. - Bogotá;SI
11014287478;Bogotá-Bogota D.C.;Bogotá, D.C. - Bogotá;SI
179960409;Bogotá-Bogota D.C.;Bogotá, D.C. - Bogotá;SI
117335512;Bogotá-Bogota D.C.;Bogotá, D.C. - Bogotá;SI
180850113;Bogotá-Bogota D.C.;Bogotá, D.C. - Bogotá;SI
119213705;Bogotá-Bogota D.C.;Bogotá, D.C. - Bogotá;SI
3832001364;Bogotá-Bogota D.C.;Bogotá, D.C. - Bogotá;SI
152349179;Bogotá-Bogota D.C.;Bogotá, D.C. - Bogotá;SI
11030550820;Bogotá-Bogota D.C.;Bogotá, D.C. - Bogotá;SI
3900415051;Bogotá-Bogota D.C.;Bogotá, D.C. - Bogotá;SI
179521904;Bogotá-Bogota D.C.;Bogotá, D.C. - Bogotá;SI
3830130782;Bogotá-Bogota D.C.;Bogotá, D.C. - Bogotá;SI
179948494;Bogotá-Bogota D.C.;Bogotá, D.C. - Bogotá;SI
113846471;Bogotá-Bogota D.C.;Bogotá, D.C. - Bogotá;SI
191202151;Bogotá-BogotaD.C.;Bogotá, D.C. - Bogotá;SI
11094924004;Bolívar -Valle;Bolívar - Cauca;SI
3900213428;Buenaventura -Valle;Buenaventura - Valle Del Cauca;SI
11144136121;Bugalagrande -Valle;Bugalagrande - Valle Del Cauca;SI
16199450;Bugalagrande -Valle;Bugalagrande - Valle Del Cauca;SI
11116239389;Bugalagrande -Valle;Bugalagrande - Valle Del Cauca;SI
170125368;Bugalagrande -Valle;Bugalagrande - Valle Del Cauca;SI
116245485;Bugalagrande -Valle;Bugalagrande - Valle Del Cauca;SI
3901139706;Caicedonia -Valle;Caicedonia - Valle Del Cauca;SI
3900858096;Calamar -Bolivar;Calamar - Bolívar;SI
179929932;Calarcá -Quindio;Calarcá - Quindío;SI
129116136;Cali -Valle;Cali - Valle Del Cauca;SI
11120744682;Cali -Valle;Cali - Valle Del Cauca;SI
3900440838;Cali -Valle;Cali - Valle Del Cauca;SI
3901044298;Cali -Valle;Cali - Valle Del Cauca;SI
3805029544;Cali -Valle;Cali - Valle Del Cauca;SI
3800253444;Cali -Valle;Cali - Valle Del Cauca;SI
11113305169;Cali -Valle;Cali - Valle Del Cauca;SI
3805016429;Cali -Valle;Cali - Valle Del Cauca;SI
194315064;Cali -Valle;Cali - Valle Del Cauca;SI
116986464;Cali -Valle;Cali - Valle Del Cauca;SI
3805006187;Cali -Valle;Cali - Valle Del Cauca;SI
11127227356;Cali -Valle;Cali - Valle Del Cauca;SI
3860350234;Cali -Valle;Cali - Valle Del Cauca;SI
116608867;Cali -Valle;Cali - Valle Del Cauca;SI
3800246222;Cali -Valle;Cali - Valle Del Cauca;SI
3900278642;Cali -Valle;Cali - Valle Del Cauca;SI
3900555613;Cali -Valle;Cali - Valle Del Cauca;SI
3800090735;Cali -Valle;Cali - Valle Del Cauca;SI
3805014563;Cali -Valle;Cali - Valle Del Cauca;SI
116581110;Cali -Valle;Cali - Valle Del Cauca;SI
3901147737;Cali -Valle;Cali - Valle Del Cauca;SI
3900849065;Cali -Valle;Cali - Valle Del Cauca;SI
179933271;Cali -Valle;Cali - Valle Del Cauca;SI
3901180929;Cali -Valle;Cali - Valle Del Cauca;SI
171387543;Cali -Valle;Cali - Valle Del Cauca;SI
110821105;Cali -Valle;Cali - Valle Del Cauca;SI
116627307;Cali -Valle;Cali - Valle Del Cauca;SI
3900209883;Cali -Valle;Cali - Valle Del Cauca;SI
3900311569;Cali -Valle;Cali - Valle Del Cauca;SI
3901417556;Cali -Valle;Cali - Valle Del Cauca;SI
3900662985;Cali -Valle;Cali - Valle Del Cauca;SI
3805025025;Cali -Valle;Cali - Valle Del Cauca;SI
114624789;Cali -Valle;Cali - Valle Del Cauca;SI
3899999034;Cali -Valle;Cali - Valle Del Cauca;SI
3901603652;Cali -Valle;Cali - Valle Del Cauca;SI
117089871;Cali -Valle;Cali - Valle Del Cauca;SI
131876422;Cali -Valle;Cali - Valle Del Cauca;SI
171786613;Cali -Valle;Cali - Valle Del Cauca;SI
179963873;Cali -Valle;Cali - Valle Del Cauca;SI
3900792417;Cali -Valle;Cali - Valle Del Cauca;SI
3900766903;Cali -Valle;Cali - Valle Del Cauca;SI
3890399001;Cali -Valle;Cali - Valle Del Cauca;SI
175082333;Cali -Valle;Cali - Valle Del Cauca;SI
3815000720;Cali -Valle;Cali - Valle Del Cauca;SI
3900762812;Cali -Valle;Cali - Valle Del Cauca;SI
3805023030;Cali -Valle;Cali - Valle Del Cauca;SI
3900198076;Cali -Valle;Cali - Valle Del Cauca;SI
3890399032;Cali -Valle;Cali - Valle Del Cauca;SI
3900805231;Cali -Valle;Cali - Valle Del Cauca;SI
3900319401;Cali -Valle;Cali - Valle Del Cauca;SI
3901079457;Cali -Valle;Cali - Valle Del Cauca;SI
3900144171;Cali -Valle;Cali - Valle Del Cauca;SI
16253346;Cali -Valle;Cali - Valle Del Cauca;SI
3800198062;Cali -Valle;Cali - Valle Del Cauca;SI
194324367;Cali -Valle;Cali - Valle Del Cauca;SI
116345156;Cali -Valle;Cali - Valle Del Cauca;SI
110251029;Cali -Valle;Cali - Valle Del Cauca;SI
3900017949;Cali -Valle;Cali - Valle Del Cauca;SI
116551661;Cali -Valle;Cali - Valle Del Cauca;SI
3800117197;Cali -Valle;Cali - Valle Del Cauca;SI
3805027005;Cali -Valle;Cali - Valle Del Cauca;SI
11130678220;Cali -Valle;Cali - Valle Del Cauca;SI
116628308;Cali -Valle;Cali - Valle Del Cauca;SI
3900735461;Cali -Valle;Cali - Valle Del Cauca;SI
3901438689;Cali -Valle;Cali - Valle Del Cauca;SI
3805009231;Cali -Valle;Cali - Valle Del Cauca;SI
116776593;Cali -Valle;Cali - Valle Del Cauca;SI
3900375335;Cali -Valle;Cali - Valle Del Cauca;SI
3901152028;Cali -Valle;Cali - Valle Del Cauca;SI
3900104046;Cali -Valle;Cali - Valle Del Cauca;SI
11081409387;Cali -Valle;Cali - Valle Del Cauca;SI
3900634106;Cali -Valle;Cali - Valle Del Cauca;SI
3900800336;Cali -Valle;Cali - Valle Del Cauca;SI
116448420;Cali -Valle;Cali - Valle Del Cauca;SI
3810000533;Cali -Valle;Cali - Valle Del Cauca;SI
3890312562;Cali -Valle;Cali - Valle Del Cauca;SI
3900332590;Cali -Valle;Cali - Valle Del Cauca;SI
142072198;Cali -Valle;Cali - Valle Del Cauca;SI
3901580071;Cali -Valle;Cali - Valle Del Cauca;SI
116447027;Cali -Valle;Cali - Valle Del Cauca;SI
110299802;Cali -Valle;Cali - Valle Del Cauca;SI
11130628428;Cali -Valle;Cali - Valle Del Cauca;SI
3901003748;Cali -Valle;Cali - Valle Del Cauca;SI
3900988309;Cali -Valle;Cali - Valle Del Cauca;SI
3900759272;Cali -Valle;Cali - Valle Del Cauca;SI
3890935401;Cali -Valle;Cali - Valle Del Cauca;SI
3830011670;Cali -Valle;Cali - Valle Del Cauca;SI
11113040886;Cali -Valle;Cali - Valle Del Cauca;SI
3901379462;Cali -Valle;Cali - Valle Del Cauca;SI
3805030454;Cali -Valle;Cali - Valle Del Cauca;SI
3805021056;Cali -Valle;Cali - Valle Del Cauca;SI
116274865;Cali -Valle;Cali - Valle Del Cauca;SI
112797409;Cali -Valle;Cali - Valle Del Cauca;SI
3805021410;Cali -Valle;Cali - Valle Del Cauca;SI
3901639341;Cali -Valle;Cali - Valle Del Cauca;SI
3901452395;Cali -Valle;Cali - Valle Del Cauca;SI
3901579730;Cali -Valle;Cali - Valle Del Cauca;SI
3900703910;Cali -Valle;Cali - Valle Del Cauca;SI
3900484871;Cali -Valle;Cali - Valle Del Cauca;SI
3900389459;Cali -Valle;Cali - Valle Del Cauca;SI
3901025892;Cali -Valle;Cali - Valle Del Cauca;SI
3805015744;Cali -Valle;Cali - Valle Del Cauca;SI
130404525;Cali -Valle;Cali - Valle Del Cauca;SI
3890300279;Cali -Valle;Cali - Valle Del Cauca;SI
3900532925;Cali -Valle;Cali - Valle Del Cauca;SI
3900563168;Cali -Valle;Cali - Valle Del Cauca;SI
3901242421;Cali -Valle;Cali - Valle Del Cauca;SI
3890320123;Cali -Valle;Cali - Valle Del Cauca;SI
3900262123;Cali -Valle;Cali - Valle Del Cauca;SI
3891301831;Cali -Valle;Cali - Valle Del Cauca;SI
3805012283;Cali -Valle;Cali - Valle Del Cauca;SI
3900979519;Cali -Valle;Cali - Valle Del Cauca;SI
131946870;Cali -Valle;Cali - Valle Del Cauca;SI
3890399039;Cali -Valle;Cali - Valle Del Cauca;SI
3901301544;Cali -Valle;Cali - Valle Del Cauca;SI
3900822038;Cali -Valle;Cali - Valle Del Cauca;SI
116775109;Cali -Valle;Cali - Valle Del Cauca;SI
3800225919;Cali -Valle;Cali - Valle Del Cauca;SI
3900928986;Cali -Valle;Cali - Valle Del Cauca;SI
3805027317;Cali -Valle;Cali - Valle Del Cauca;SI
3890302442;Cali -Valle;Cali - Valle Del Cauca;SI
116915934;Cali -Valle;Cali - Valle Del Cauca;SI
11113306309;Cali -Valle;Cali - Valle Del Cauca;SI
3891501133;Cali -Valle;Cali - Valle Del Cauca;SI
3900745904;Cali -Valle;Cali - Valle Del Cauca;SI
3890300012;Cali -Valle;Cali - Valle Del Cauca;SI
3890305124;Cali -Valle;Cali - Valle Del Cauca;SI
3901041907;Cali -Valle;Cali - Valle Del Cauca;SI
3901243337;Cali -Valle;Cali - Valle Del Cauca;SI
11144132045;Cali -Valle;Cali - Valle Del Cauca;SI
112748563;Cali -Valle;Cali - Valle Del Cauca;SI
3800053110;Cali -Valle;Cali - Valle Del Cauca;SI
11101682168;Cali -Valle;Cali - Valle Del Cauca;SI
3805031256;Cali -Valle;Cali - Valle Del Cauca;SI
11143844603;Cali -Valle;Cali - Valle Del Cauca;SI
3800178459;Cali -Valle;Cali - Valle Del Cauca;SI
3900429573;Cali -Valle;Cali - Valle Del Cauca;SI
194457147;Cali -Valle;Cali - Valle Del Cauca;SI
3901456763;Cali -Valle;Cali - Valle Del Cauca;SI
3800197463;Cali -Valle;Cali - Valle Del Cauca;SI
3901326697;Cali -Valle;Cali - Valle Del Cauca;SI
3890308051;Cali -Valle;Cali - Valle Del Cauca;SI
3891900196;Cali -Valle;Cali - Valle Del Cauca;SI
194251759;Cali -Valle;Cali - Valle Del Cauca;SI
3901228895;Cali -Valle;Cali - Valle Del Cauca;SI
116379625;Cali -Valle;Cali - Valle Del Cauca;SI
3900149757;Cali -Valle;Cali - Valle Del Cauca;SI
3844004994;Cali -Valle;Cali - Valle Del Cauca;SI
116364816;Cali -Valle;Cali - Valle Del Cauca;SI
131307979;Cali -Valle;Cali - Valle Del Cauca;SI
16102573;Cali -Valle;Cali - Valle Del Cauca;SI
194520032;Cali -Valle;Cali - Valle Del Cauca;SI
3901375771;Cali -Valle;Cali - Valle Del Cauca;SI
116253282;Cali -Valle;Cali - Valle Del Cauca;SI
3890304345;Cali -Valle;Cali - Valle Del Cauca;SI
3900212550;Cali -Valle;Cali - Valle Del Cauca;SI
3901260983;Cali -Valle;Cali - Valle Del Cauca;SI
3805013141;Cali -Valle;Cali - Valle Del Cauca;SI
3900524959;Cali -Valle;Cali - Valle Del Cauca;SI
3900515171;Cali -Valle;Cali - Valle Del Cauca;SI
3900131688;Cali -Valle;Cali - Valle Del Cauca;SI
3900422419;Cali -Valle;Cali - Valle Del Cauca;SI
3901413838;Cali -Valle;Cali - Valle Del Cauca;SI
3900359334;Cali -Valle;Cali - Valle Del Cauca;SI
11130640907;Cali -Valle;Cali - Valle Del Cauca;SI
3901134389;Cali -Valle;Cali - Valle Del Cauca;SI
3805012368;Cali -Valle;Cali - Valle Del Cauca;SI
3901083757;Cali -Valle;Cali - Valle Del Cauca;SI
11130605667;Cali -Valle;Cali - Valle Del Cauca;SI
3900725066;Cali -Valle;Cali - Valle Del Cauca;SI
194467916;Cali -Valle;Cali - Valle Del Cauca;SI
3901392717;Cali -Valle;Cali - Valle Del Cauca;SI
3900205225;Cali -Valle;Cali - Valle Del Cauca;SI
3900625723;Cali -Valle;Cali - Valle Del Cauca;SI
3900968645;Cali -Valle;Cali - Valle Del Cauca;SI
3890300378;Cali -Valle;Cali - Valle Del Cauca;SI
3805000674;Cali -Valle;Cali - Valle Del Cauca;SI
3830501223;Cali -Valle;Cali - Valle Del Cauca;SI
3800234792;Cali -Valle;Cali - Valle Del Cauca;SI
114443201;Cali -Valle;Cali - Valle Del Cauca;SI
194386441;Cali -Valle;Cali - Valle Del Cauca;SI
11130587210;Cali -Valle;Cali - Valle Del Cauca;SI
3805012896;Cali -Valle;Cali - Valle Del Cauca;SI
3800135595;Cali -Valle;Cali - Valle Del Cauca;SI
3901281257;Cali -Valle;Cali - Valle Del Cauca;SI
3800215063;Cali -Valle;Cali - Valle Del Cauca;SI
3900491498;Cali -Valle;Cali - Valle Del Cauca;SI
116633457;Cali -Valle;Cali - Valle Del Cauca;SI
14512929;Cali -Valle;Cali - Valle Del Cauca;SI
114839601;Cali -Valle;Cali - Valle Del Cauca;SI
3800254476;Cali -Valle;Cali - Valle Del Cauca;SI
3901596322;Cali -Valle;Cali - Valle Del Cauca;SI
3900432887;Cali -Valle;Cali - Valle Del Cauca;SI
114948607;Cali -Valle;Cali - Valle Del Cauca;SI
3900211167;Cali -Valle;Cali - Valle Del Cauca;SI
3890315140;Cali -Valle;Cali - Valle Del Cauca;SI
3890315430;Cali -Valle;Cali - Valle Del Cauca;SI
3900235531;Cali -Valle;Cali - Valle Del Cauca;SI
3900555789;Cali -Valle;Cali - Valle Del Cauca;SI
3900314868;Cali -Valle;Cali - Valle Del Cauca;SI
16106543;Cali -Valle;Cali - Valle Del Cauca;SI
3900296172;Cali -Valle;Cali - Valle Del Cauca;SI
194394595;Cali -Valle;Cali - Valle Del Cauca;SI
118594276;Cali -Valle;Cali - Valle Del Cauca;SI
114609687;Cali -Valle;Cali - Valle Del Cauca;SI
3800148262;Cali -Valle;Cali - Valle Del Cauca;SI
3900333452;Cali -Valle;Cali - Valle Del Cauca;SI
11116241287;Cali -Valle;Cali - Valle Del Cauca;SI
3900824641;Cali -Valle;Cali - Valle Del Cauca;SI
3900618248;Cali -Valle;Cali - Valle Del Cauca;SI
3901346888;Cali -Valle;Cali - Valle Del Cauca;SI
3800048076;Cali -Valle;Cali - Valle Del Cauca;SI
179389165;Cali -Valle;Cali - Valle Del Cauca;SI
114937871;Cali -Valle;Cali - Valle Del Cauca;SI
125021870;Cali -Valle;Cali - Valle Del Cauca;SI
116651088;Cali -Valle;Cali - Valle Del Cauca;SI
194153172;Cali -Valle;Cali - Valle Del Cauca;SI
11053847767;Cali -Valle;Cali - Valle Del Cauca;SI
3890301082;Cali -Valle;Cali - Valle Del Cauca;SI
11130616470;Cali -Valle;Cali - Valle Del Cauca;SI
3901120134;Cali -Valle;Cali - Valle Del Cauca;SI
3900689075;Cali -Valle;Cali - Valle Del Cauca;SI
118391341;Cali -Valle;Cali - Valle Del Cauca;SI
3900746832;Cali -Valle;Cali - Valle Del Cauca;SI
194401788;Cali -Valle;Cali - Valle Del Cauca;SI
11144026554;Cali -Valle;Cali - Valle Del Cauca;SI
11113040198;Cali -Valle;Cali - Valle Del Cauca;SI
3805023915;Cali -Valle;Cali - Valle Del Cauca;SI
3800053789;Cali -Valle;Cali - Valle Del Cauca;SI
194456250;Cali -Valle;Cali - Valle Del Cauca;SI
3901195579;Cali -Valle;Cali - Valle Del Cauca;SI
3805010341;Cali -Valle;Cali - Valle Del Cauca;SI
3805007221;Cali -Valle;Cali - Valle Del Cauca;SI
3901420375;Cali -Valle;Cali - Valle Del Cauca;SI
194356355;Cali -Valle;Cali - Valle Del Cauca;SI
3901286232;Cali -Valle;Cali - Valle Del Cauca;SI
3900136052;Cali -Valle;Cali - Valle Del Cauca;SI
11112619527;Cali -Valle;Cali - Valle Del Cauca;SI
3900872259;Cali -Valle;Cali - Valle Del Cauca;SI
3890405519;Canalete -Cordoba;Canalete - Córdoba;SI
116352478;Candelaria -Valle;Candelaria - Atlántico;SI
3900564135;Candelaria -Valle;Candelaria - Atlántico;SI
3900490692;Candelaria -Valle;Candelaria - Atlántico;SI
3900597662;Candelaria -Valle;Candelaria - Atlántico;SI
3900818707;Candelaria -Valle;Candelaria - Atlántico;SI
3800007955;Candelaria -Valle;Candelaria - Atlántico;SI
11112459389;Candelaria -Valle;Candelaria - Atlántico;SI
3900240093;Candelaria -Valle;Candelaria - Atlántico;SI
3900223160;Cartagena -Bolivar;Cartagena - Bolívar;SI
3901400447;Cartagena -Bolivar;Cartagena - Bolívar;SI
3901401206;Cartagena -Bolivar;Cartagena - Bolívar;SI
3800149306;Cartagena -Bolivar;Cartagena - Bolívar;SI
3901259344;Cartagena -Bolivar;Cartagena - Bolívar;SI
3900889845;Cartagena -Bolivar;Cartagena - Bolívar;SI
3800082770;Cartagena -Bolivar;Cartagena - Bolívar;SI
11047450483;Cartagena -Bolivar;Cartagena - Bolívar;SI
3901254178;Cartagena -Bolivar;Cartagena - Bolívar;SI
3901386343;Cartagena -Bolivar;Cartagena - Bolívar;SI
3901662779;Cartagena -Bolivar;Cartagena - Bolívar;SI
3900426658;Cartago -Valle;Cartago - Valle Del Cauca;SI
11112786119;Cartago -Valle;Cartago - Valle Del Cauca;SI
3891900156;Cartago -Valle;Cartago - Valle Del Cauca;SI
3900518826;Cartago -Valle;Cartago - Valle Del Cauca;SI
17316545;Cartago -Valle;Cartago - Valle Del Cauca;SI
3836000548;Cartago -Valle;Cartago - Valle Del Cauca;SI
3901673767;Cartago -Valle;Cartago - Valle Del Cauca;SI
116055521;Cartago -Valle;Cartago - Valle Del Cauca;SI
11017151011;Cartago -Valle;Cartago - Valle Del Cauca;SI
3900809001;Cartago -Valle;Cartago - Valle Del Cauca;SI
153059655;Cartago -Valle;Cartago - Valle Del Cauca;SI
16137076;Cartago -Valle;Cartago - Valle Del Cauca;SI
11053331850;Chiquinquirá -Boyaca;Chiquinquirá - Boyacá;SI
11022417017;Chiquinquirá -Boyaca;Chiquinquirá - Boyacá;SI
3900030700;Chivata -Boyaca;Chivata - Boyacá;SI
19800467;Departamento Quindío;Bogotá, D.C. - Bogotá;SI
39800467;Departamento Quindío;Bogotá, D.C. - Bogotá;SI
3891856457;Duitama -Boyaca;Duitama - Boyacá;SI
3900565420;Duitama -Boyaca;Duitama - Boyacá;SI
3900068145;Duitama -Boyaca;Duitama - Boyacá;SI
3900725200;Duitama -Boyaca;Duitama - Boyacá;SI
180427635;FACATATIVA;Bogotá, D.C. - Bogotá;SI
3900581234;Filandia -Quindio;Filandia - Quindío;SI
116891336;Florida -Valle;Florida - Valle Del Cauca;SI
11059904687;Florida -Valle;Florida - Valle Del Cauca;SI
18604159;Galapa -Atlantico;Galapa - Atlántico;SI
11112597454;Ginebra -Valle;Ginebra - Valle Del Cauca;SI
118594032;Ginebra -Valle;Ginebra - Valle Del Cauca;SI
16320011;Guacarí -Valle;Guacarí - Valle Del Cauca;SI
16322257;Guacarí -Valle;Guacarí - Valle Del Cauca;SI
3891380089;Guacarí -Valle;Guacarí - Valle Del Cauca;SI
3901672847;Guacarí -Valle;Guacarí - Valle Del Cauca;SI
3901576319;Guadalajara De Buga -Valle;Guadalajara De Buga - Valle Del Cauca;SI
3901148908;Guadalajara De Buga -Valle;Guadalajara De Buga - Valle Del Cauca;SI
3900659573;Guadalajara De Buga -Valle;Guadalajara De Buga - Valle Del Cauca;SI
3900042695;Guadalajara De Buga -Valle;Guadalajara De Buga - Valle Del Cauca;SI
3800007350;Guadalajara De Buga -Valle;Guadalajara De Buga - Valle Del Cauca;SI
11144124142;Guadalajara De Buga -Valle;Guadalajara De Buga - Valle Del Cauca;SI
3900600307;Guadalajara De Buga -Valle;Guadalajara De Buga - Valle Del Cauca;SI
11115066208;Guadalajara De Buga -Valle;Guadalajara De Buga - Valle Del Cauca;SI
11115069270;Guadalajara De Buga -Valle;Guadalajara De Buga - Valle Del Cauca;SI
3900915833;Guadalajara De Buga -Valle;Guadalajara De Buga - Valle Del Cauca;SI
3900178644;Guadalajara De Buga -Valle;Guadalajara De Buga - Valle Del Cauca;SI
138871255;Guadalajara De Buga -Valle;Guadalajara De Buga - Valle Del Cauca;SI
3901626732;Guadalajara De Buga -Valle;Guadalajara De Buga - Valle Del Cauca;SI
3900367173;Guadalajara De Buga -Valle;Guadalajara De Buga - Valle Del Cauca;SI
3900441733;Guadalajara De Buga -Valle;Guadalajara De Buga - Valle Del Cauca;SI
3900570697;Guadalajara De Buga -Valle;Guadalajara De Buga - Valle Del Cauca;SI
3900962052;Guadalajara De Buga -Valle;Guadalajara De Buga - Valle Del Cauca;SI
3815000863;Guadalajara De Buga -Valle;Guadalajara De Buga - Valle Del Cauca;SI
131791666;Guadalajara De Buga -Valle;Guadalajara De Buga - Valle Del Cauca;SI
11115076878;Guadalajara De Buga -Valle;Guadalajara De Buga - Valle Del Cauca;SI
194475271;Guadalajara De Buga -Valle;Guadalajara De Buga - Valle Del Cauca;SI
180717363;Guadalajara De Buga -Valle;Guadalajara De Buga - Valle Del Cauca;SI
3800172715;Guadalajara De Buga -Valle;Guadalajara De Buga - Valle Del Cauca;SI
3890321213;Guadalajara De Buga -Valle;Guadalajara De Buga - Valle Del Cauca;SI
3900438520;Guadalajara De Buga -Valle;Guadalajara De Buga - Valle Del Cauca;SI
194477821;Guadalajara De Buga -Valle;Guadalajara De Buga - Valle Del Cauca;SI
114899386;Guadalajara De Buga -Valle;Guadalajara De Buga - Valle Del Cauca;SI
194472869;Guadalajara De Buga -Valle;Guadalajara De Buga - Valle Del Cauca;SI
11053773392;Guadalajara De Buga -Valle;Guadalajara De Buga - Valle Del Cauca;SI
194481224;Guadalajara De Buga -Valle;Guadalajara De Buga - Valle Del Cauca;SI
3900797803;Guadalajara De Buga -Valle;Guadalajara De Buga - Valle Del Cauca;SI
3901026875;Guadalajara De Buga -Valle;Guadalajara De Buga - Valle Del Cauca;SI
114891008;Guadalajara De Buga -Valle;Guadalajara De Buga - Valle Del Cauca;SI
3900689732;Guadalajara De Buga -Valle;Guadalajara De Buga - Valle Del Cauca;SI
194479715;Guadalajara De Buga -Valle;Guadalajara De Buga - Valle Del Cauca;SI
3900106821;Guadalajara De Buga -Valle;Guadalajara De Buga - Valle Del Cauca;SI
11115065806;Guadalajara De Buga -Valle;Guadalajara De Buga - Valle Del Cauca;SI
3900803589;Guadalajara De Buga -Valle;Guadalajara De Buga - Valle Del Cauca;SI
194479117;Guadalajara De Buga -Valle;Guadalajara De Buga - Valle Del Cauca;SI
129305045;Guadalajara De Buga -Valle;Guadalajara De Buga - Valle Del Cauca;SI
3901112804;Guadalajara De Buga -Valle;Guadalajara De Buga - Valle Del Cauca;SI
11115073812;Guadalajara De Buga -Valle;Guadalajara De Buga - Valle Del Cauca;SI
194477813;Guadalajara De Buga -Valle;Guadalajara De Buga - Valle Del Cauca;SI
194478117;Guadalajara De Buga -Valle;Guadalajara De Buga - Valle Del Cauca;SI
3900107077;Guadalajara De Buga -Valle;Guadalajara De Buga - Valle Del Cauca;SI
3800012375;Guadalajara De Buga -Valle;Guadalajara De Buga - Valle Del Cauca;SI
131643543;Guadalajara De Buga -Valle;Guadalajara De Buga - Valle Del Cauca;SI
152842713;Guarne Antioquia;Guarne - Antioquia;SI
111706277;Istmina -Choco;Istmina - Chocó;SI
129106701;Jamundí -Valle;Jamundí - Valle Del Cauca;SI
166802992;Jamundí -Valle;Jamundí - Valle Del Cauca;SI
3800102813;Jamundí -Valle;Jamundí - Valle Del Cauca;SI
3900075205;Jamundí -Valle;Jamundí - Valle Del Cauca;SI
114930951;Jamundí -Valle;Jamundí - Valle Del Cauca;SI
11004671107;Jamundí -Valle;Jamundí - Valle Del Cauca;SI
116213116;Jamundí -Valle;Jamundí - Valle Del Cauca;SI
3817000639;Jamundí -Valle;Jamundí - Valle Del Cauca;SI
11113633698;Jamundí -Valle;Jamundí - Valle Del Cauca;SI
3900502031;Jamundí -Valle;Jamundí - Valle Del Cauca;SI
11020747579;La Tebaida -Quindio;La Tebaida - Quindío;SI
119397555;La Tebaida -Quindio;La Tebaida - Quindío;SI
11112618649;La Unión -Valle;La Unión - Valle Del Cauca;SI
194276267;La Unión -Valle;La Unión - Valle Del Cauca;SI
179938718;La Victoria -Valle;La Victoria - Valle Del Cauca;SI
11114208158;La Victoria -Valle;La Victoria - Valle Del Cauca;SI
194482895;La Victoria -Valle;La Victoria - Valle Del Cauca;SI
3891900481;La Victoria -Valle;La Victoria - Valle Del Cauca;SI
3900810246;La Victoria -Valle;La Victoria - Valle Del Cauca;SI
11114209153;La Victoria -Valle;La Victoria - Valle Del Cauca;SI
3900919599;Lorica -Cordoba;Lorica - Córdoba;SI
11016053801;Macanal -Boyaca;Macanal - Boyacá;SI
11032378108;Macanal -Boyaca;Macanal - Boyacá;SI
179533934;Macanal -Boyaca;Macanal - Boyacá;SI
180843610;Macanal -Boyaca;Macanal - Boyacá;SI
11045681368;Magangué -Bolivar;Magangué - Bolívar;SI
172056097;Malambo -Atlantico;Malambo - Atlántico;SI
3900363032;Medellin -Antioquia;Medellín - Antioquia;SI
18288345;Medellin -Antioquia;Medellín - Antioquia;SI
3900644251;Medellin -Antioquia;Medellín - Antioquia;SI
3901029446;Medellin -Antioquia;Medellín - Antioquia;SI
3901060665;Medellin -Antioquia;Medellín - Antioquia;SI
3800061542;Medellin -Antioquia;Medellín - Antioquia;SI
3900277743;Medellin -Antioquia;Medellín - Antioquia;SI
3900162625;Medellin -Antioquia;Medellín - Antioquia;SI
179530594;Medellin -Antioquia;Medellín - Antioquia;SI
3900427589;Medellin -Antioquia;Medellín - Antioquia;SI
18430081;Medellin -Antioquia;Medellín - Antioquia;SI
198634366;Medellin -Antioquia;Medellín - Antioquia;SI
3811036515;Medellin -Antioquia;Medellín - Antioquia;SI
3811028564;Medellin -Antioquia;Medellín - Antioquia;SI
3900824288;Medellin -Antioquia;Medellín - Antioquia;SI
198585141;Medellin -Antioquia;Medellín - Antioquia;SI
117342362;Medellin -Antioquia;Medellín - Antioquia;SI
132507989;Medellin -Antioquia;Medellín - Antioquia;SI
3900743592;Medellin -Antioquia;Medellín - Antioquia;SI
3900745356;Medellin -Antioquia;Medellín - Antioquia;SI
170047285;Medellin -Antioquia;Medellín - Antioquia;SI
3890922447;Medellin -Antioquia;Medellín - Antioquia;SI
3890920990;Medellin -Antioquia;Medellín - Antioquia;SI
3811013096;Medellin -Antioquia;Medellín - Antioquia;SI
3890902875;Medellin -Antioquia;Medellín - Antioquia;SI
11053872180;Medellin -Antioquia;Medellín - Antioquia;SI
132208314;Medellin -Antioquia;Medellín - Antioquia;SI
143904670;Medellin -Antioquia;Medellín - Antioquia;SI
19532190;Medellin -Antioquia;Medellín - Antioquia;SI
3900812184;Medellin -Antioquia;Medellín - Antioquia;SI
11037601151;Medellin -Antioquia;Medellín - Antioquia;SI
179988017;Medellin -Antioquia;Medellín - Antioquia;SI
3901160439;Medellin -Antioquia;Medellín - Antioquia;SI
3890906878;Medellin -Antioquia;Medellín - Antioquia;SI
3900705489;Medellin -Antioquia;Medellín - Antioquia;SI
3900462032;Medellin -Antioquia;Medellín - Antioquia;SI
176332070;Medellin -Antioquia;Medellín - Antioquia;SI
3900883707;Medellin -Antioquia;Medellín - Antioquia;SI
3890304130;Medellin -Antioquia;Medellín - Antioquia;SI
3900168181;Medellin -Antioquia;Medellín - Antioquia;SI
3901509372;Medellin -Antioquia;Medellín - Antioquia;SI
3900681255;Medellin -Antioquia;Medellín - Antioquia;SI
132225189;Medellin -Antioquia;Medellín - Antioquia;SI
3860016640;Medellin -Antioquia;Medellín - Antioquia;SI
11033338106;Medellin -Antioquia;Medellín - Antioquia;SI
3900603633;Medellin -Antioquia;Medellín - Antioquia;SI
3811016822;Medellin -Antioquia;Medellín - Antioquia;SI
11040752272;Medellin -Antioquia;Medellín - Antioquia;SI
11040322224;Medellin -Antioquia;Medellín - Antioquia;SI
11152469971;Medellin -Antioquia;Medellín - Antioquia;SI
3901150604;Medellin -Antioquia;Medellín - Antioquia;SI
170569547;Medellin -Antioquia;Medellín - Antioquia;SI
17321420;Medellin -Antioquia;Medellín - Antioquia;SI
3811020969;Medellin -Antioquia;Medellín - Antioquia;SI
3827000723;Medellin -Antioquia;Medellín - Antioquia;SI
1439966;Medellin -Antioquia;Medellín - Antioquia;SI
3900607402;Medellin -Antioquia;Medellín - Antioquia;SI
3900259964;Medellin -Antioquia;Medellín - Antioquia;SI
11097723245;Montenegro -Quindio;Montenegro - Quindío;SI
3900390425;Montería -Cordoba;Montería - Córdoba;SI
110188007;Montería -Cordoba;Montería - Córdoba;SI
3901758728;Montería -Cordoba;Montería - Córdoba;SI
150929707;Montería -Cordoba;Montería - Córdoba;SI
3900893919;Montería -Cordoba;Montería - Córdoba;SI
3901203041;Montería -Cordoba;Montería - Córdoba;SI
119166502;Mosquera, Cundinamarca;Mosquera - Cundinamarca;SI
3900770635;Palmira -Valle;Palmira - Valle Del Cauca;SI
3900379373;Palmira -Valle;Palmira - Valle Del Cauca;SI
3900959154;Palmira -Valle;Palmira - Valle Del Cauca;SI
3891300241;Palmira -Valle;Palmira - Valle Del Cauca;SI
179650801;Palmira -Valle;Palmira - Valle Del Cauca;SI
116262686;Palmira -Valle;Palmira - Valle Del Cauca;SI
3901333525;Palmira -Valle;Palmira - Valle Del Cauca;SI
3815004241;Palmira -Valle;Palmira - Valle Del Cauca;SI
11113672406;Palmira -Valle;Palmira - Valle Del Cauca;SI
3891304849;Palmira -Valle;Palmira - Valle Del Cauca;SI
3900951036;Palmira -Valle;Palmira - Valle Del Cauca;SI
11053772313;Palmira -Valle;Palmira - Valle Del Cauca;SI
194326872;Palmira -Valle;Palmira - Valle Del Cauca;SI
3901043737;Palmira -Valle;Palmira - Valle Del Cauca;SI
3817002585;Palmira -Valle;Palmira - Valle Del Cauca;SI
3815002760;Palmira -Valle;Palmira - Valle Del Cauca;SI
194456767;Palmira -Valle;Palmira - Valle Del Cauca;SI
3890300504;Palmira -Valle;Palmira - Valle Del Cauca;SI
3815003514;Palmira -Valle;Palmira - Valle Del Cauca;SI
11113655798;Palmira -Valle;Palmira - Valle Del Cauca;SI
3901172491;Palmira -Valle;Palmira - Valle Del Cauca;SI
3891300120;Palmira -Valle;Palmira - Valle Del Cauca;SI
3900732561;Palmira -Valle;Palmira - Valle Del Cauca;SI
3900710987;Palmira -Valle;Palmira - Valle Del Cauca;SI
3901721024;Palmira -Valle;Palmira - Valle Del Cauca;SI
3815003959;Palmira -Valle;Palmira - Valle Del Cauca;SI
110275645;Palmira -Valle;Palmira - Valle Del Cauca;SI
3817007055;Palmira -Valle;Palmira - Valle Del Cauca;SI
3901094000;Palmira -Valle;Palmira - Valle Del Cauca;SI
3891303015;Palmira -Valle;Palmira - Valle Del Cauca;SI
3900672307;Palmira -Valle;Palmira - Valle Del Cauca;SI
3890399012;Palmira -Valle;Palmira - Valle Del Cauca;SI
3830016868;Palmira -Valle;Palmira - Valle Del Cauca;SI
3901490304;Palmira -Valle;Palmira - Valle Del Cauca;SI
3901310287;Palmira -Valle;Palmira - Valle Del Cauca;SI
3901247983;Palmira -Valle;Palmira - Valle Del Cauca;SI
3901371795;Pueblo Nuevo -Cordoba;Pueblo Nuevo - Córdoba;SI
191511757;Puerto Boyacá -Boyaca;Puerto Boyacá - Boyacá;SI
11143434553;Puerto Colombia -Atlantico;Puerto Colombia - Atlántico;SI
3891900732;Riofrio -Valle;Riofrio - Valle Del Cauca;SI
3900786718;Riofrio -Valle;Riofrio - Valle Del Cauca;SI
116552785;Roldanillo -Valle;Roldanillo - Valle Del Cauca;SI
3901452152;Roldanillo -Valle;Roldanillo - Valle Del Cauca;SI
3901095623;Roldanillo -Valle;Roldanillo - Valle Del Cauca;SI
194389360;Roldanillo -Valle;Roldanillo - Valle Del Cauca;SI
114208107;Roldanillo -Valle;Roldanillo - Valle Del Cauca;SI
11053798394;Roldanillo -Valle;Roldanillo - Valle Del Cauca;SI
3900164840;Sahagún -Cordoba;Sahagún - Córdoba;SI
3901251955;Salento -Quindio;Salento - Quindío;SI
11120571465;San José del guaviare;San Jose Del Guaviare - Guaviare;SI
3891802151;San Luis De Gaceno -Boyaca;San Luis De Gaceno - Boyacá;SI
114889655;San Pedro -Valle;San Pedro - Valle Del Cauca;SI
191480279;San Pedro -Valle;San Pedro - Valle Del Cauca;SI
114896186;San Pedro -Valle;San Pedro - Valle Del Cauca;SI
163507318;San Pedro -Valle;San Pedro - Valle Del Cauca;SI
3900753498;San Pedro -Valle;San Pedro - Valle Del Cauca;SI
111205887;santarosadeosos-antioquia;Santa Rosa De Osos - Antioquia;SI
194288299;Sevilla -Valle;Sevilla - Valle Del Cauca;SI
194279201;Sevilla -Valle;Sevilla - Valle Del Cauca;SI
3901159990;Siachoque -Boyaca;Siachoque - Boyacá;SI
3901540958;Sogamoso -Boyaca;Sogamoso - Boyacá;SI
3891800045;Sogamoso -Boyaca;Sogamoso - Boyacá;SI
3891800075;Sogamoso -Boyaca;Sogamoso - Boyacá;SI
3900345494;Sogamoso -Boyaca;Sogamoso - Boyacá;SI
19531691;Sogamoso -Boyaca;Sogamoso - Boyacá;SI
3891901123;Trujillo -Valle;Trujillo - Valle Del Cauca;SI
3900401845;Trujillo -Valle;Trujillo - Valle Del Cauca;SI
3800175166;Tuluá -Valle;Tuluá - Valle Del Cauca;SI
3900600371;Tuluá -Valle;Tuluá - Valle Del Cauca;SI
3900715217;Tuluá -Valle;Tuluá - Valle Del Cauca;SI
3901298387;Tuluá -Valle;Tuluá - Valle Del Cauca;SI
3900472888;Tuluá -Valle;Tuluá - Valle Del Cauca;SI
114892580;Tuluá -Valle;Tuluá - Valle Del Cauca;SI
3821001749;Tuluá -Valle;Tuluá - Valle Del Cauca;SI
194456055;Tuluá -Valle;Tuluá - Valle Del Cauca;SI
194230212;Tuluá -Valle;Tuluá - Valle Del Cauca;SI
3901320749;Tuluá -Valle;Tuluá - Valle Del Cauca;SI
114796189;Tuluá -Valle;Tuluá - Valle Del Cauca;SI
114801896;Tuluá -Valle;Tuluá - Valle Del Cauca;SI
116363942;Tuluá -Valle;Tuluá - Valle Del Cauca;SI
193389424;Tuluá -Valle;Tuluá - Valle Del Cauca;SI
16103333;Tuluá -Valle;Tuluá - Valle Del Cauca;SI
114990846;Tuluá -Valle;Tuluá - Valle Del Cauca;SI
3900194475;Tuluá -Valle;Tuluá - Valle Del Cauca;SI
116360361;Tuluá -Valle;Tuluá - Valle Del Cauca;SI
110496123;Tuluá -Valle;Tuluá - Valle Del Cauca;SI
3800161538;Tuluá -Valle;Tuluá - Valle Del Cauca;SI
18310984;Tuluá -Valle;Tuluá - Valle Del Cauca;SI
194394874;Tuluá -Valle;Tuluá - Valle Del Cauca;SI
3800215062;Tuluá -Valle;Tuluá - Valle Del Cauca;SI
11116247436;Tuluá -Valle;Tuluá - Valle Del Cauca;SI
16315907;Tuluá -Valle;Tuluá - Valle Del Cauca;SI
3901557200;Tuluá -Valle;Tuluá - Valle Del Cauca;SI
19731464;Tuluá -Valle;Tuluá - Valle Del Cauca;SI
3900880906;Tuluá -Valle;Tuluá - Valle Del Cauca;SI
116359436;Tuluá -Valle;Tuluá - Valle Del Cauca;SI
3800154381;Tuluá -Valle;Tuluá - Valle Del Cauca;SI
171790821;Tuluá -Valle;Tuluá - Valle Del Cauca;SI
3900061680;Tuluá -Valle;Tuluá - Valle Del Cauca;SI
3900706445;Tuluá -Valle;Tuluá - Valle Del Cauca;SI
116352914;Tuluá -Valle;Tuluá - Valle Del Cauca;SI
3900900094;Tuluá -Valle;Tuluá - Valle Del Cauca;SI
194367354;Tuluá -Valle;Tuluá - Valle Del Cauca;SI
3900822016;Tuluá -Valle;Tuluá - Valle Del Cauca;SI
16107562;Tuluá -Valle;Tuluá - Valle Del Cauca;SI
3901270523;Tuluá -Valle;Tuluá - Valle Del Cauca;SI
3900832415;Tuluá -Valle;Tuluá - Valle Del Cauca;SI
3901443004;Tuluá -Valle;Tuluá - Valle Del Cauca;SI
116495487;Tuluá -Valle;Tuluá - Valle Del Cauca;SI
117260406;Tuluá -Valle;Tuluá - Valle Del Cauca;SI
131791703;Tuluá -Valle;Tuluá - Valle Del Cauca;SI
3900485012;Tuluá -Valle;Tuluá - Valle Del Cauca;SI
3821000570;Tuluá -Valle;Tuluá - Valle Del Cauca;SI
3901623521;Tuluá -Valle;Tuluá - Valle Del Cauca;SI
3900740477;Tuluá -Valle;Tuluá - Valle Del Cauca;SI
16497632;Tuluá -Valle;Tuluá - Valle Del Cauca;SI
3901078494;Tuluá -Valle;Tuluá - Valle Del Cauca;SI
3901615237;Tuluá -Valle;Tuluá - Valle Del Cauca;SI
131202284;Tuluá -Valle;Tuluá - Valle Del Cauca;SI
3901002967;Tuluá -Valle;Tuluá - Valle Del Cauca;SI
3900455455;Tuluá -Valle;Tuluá - Valle Del Cauca;SI
179723829;Tuluá -Valle;Tuluá - Valle Del Cauca;SI
114796267;Tuluá -Valle;Tuluá - Valle Del Cauca;SI
114801863;Tuluá -Valle;Tuluá - Valle Del Cauca;SI
11030553280;Tuluá -Valle;Tuluá - Valle Del Cauca;SI
3900006794;Tuluá -Valle;Tuluá - Valle Del Cauca;SI
3900623073;Tuluá -Valle;Tuluá - Valle Del Cauca;SI
16500369;Tuluá -Valle;Tuluá - Valle Del Cauca;SI
11116240119;Tuluá -Valle;Tuluá - Valle Del Cauca;SI
2681115;Tuluá -Valle;Tuluá - Valle Del Cauca;SI
3891901779;Tuluá -Valle;Tuluá - Valle Del Cauca;SI
194471443;Tuluá -Valle;Tuluá - Valle Del Cauca;SI
3821002115;Tuluá -Valle;Tuluá - Valle Del Cauca;SI
3800066619;Tuluá -Valle;Tuluá - Valle Del Cauca;SI
194391934;Tuluá -Valle;Tuluá - Valle Del Cauca;SI
3900649444;Tuluá -Valle;Tuluá - Valle Del Cauca;SI
3900325828;Tuluá -Valle;Tuluá - Valle Del Cauca;SI
3901252455;Tuluá -Valle;Tuluá - Valle Del Cauca;SI
117659661;Tuluá -Valle;Tuluá - Valle Del Cauca;SI
194366966;Tuluá -Valle;Tuluá - Valle Del Cauca;SI
11116435065;Tuluá -Valle;Tuluá - Valle Del Cauca;SI
191267534;Tuluá -Valle;Tuluá - Valle Del Cauca;SI
11112464453;Tuluá -Valle;Tuluá - Valle Del Cauca;SI
140365742;Tuluá -Valle;Tuluá - Valle Del Cauca;SI
13391591;Tuluá -Valle;Tuluá - Valle Del Cauca;SI
3900497175;Tuluá -Valle;Tuluá - Valle Del Cauca;SI
194395106;Tuluá -Valle;Tuluá - Valle Del Cauca;SI
3891903664;Tuluá -Valle;Tuluá - Valle Del Cauca;SI
11112299806;Tuluá -Valle;Tuluá - Valle Del Cauca;SI
3891904303;Tuluá -Valle;Tuluá - Valle Del Cauca;SI
3901698466;Tuluá -Valle;Tuluá - Valle Del Cauca;SI
3900442930;Tuluá -Valle;Tuluá - Valle Del Cauca;SI
194474420;Tuluá -Valle;Tuluá - Valle Del Cauca;SI
3900730695;Tuluá -Valle;Tuluá - Valle Del Cauca;SI
175085616;Tuluá -Valle;Tuluá - Valle Del Cauca;SI
119172104;Tuluá -Valle;Tuluá - Valle Del Cauca;SI
114796515;Tuluá -Valle;Tuluá - Valle Del Cauca;SI
194153255;Tuluá -Valle;Tuluá - Valle Del Cauca;SI
3901505987;Tuluá -Valle;Tuluá - Valle Del Cauca;SI
3901352683;Tuluá -Valle;Tuluá - Valle Del Cauca;SI
193363582;Tuluá -Valle;Tuluá - Valle Del Cauca;SI
3800098112;Tuluá -Valle;Tuluá - Valle Del Cauca;SI
130335662;Tuluá -Valle;Tuluá - Valle Del Cauca;SI
116496098;Tuluá -Valle;Tuluá - Valle Del Cauca;SI
16427771;Tuluá -Valle;Tuluá - Valle Del Cauca;SI
116363407;Tuluá -Valle;Tuluá - Valle Del Cauca;SI
11116271133;Tuluá -Valle;Tuluá - Valle Del Cauca;SI
3901266602;Tunja -Boyaca;Tunja - Boyacá;SI
3900114425;Tunja -Boyaca;Tunja - Boyacá;SI
117267989;Tunja -Boyaca;Tunja - Boyacá;SI
11049373298;Tunja -Boyaca;Tunja - Boyacá;SI
194357560;Yotoco -Valle;Yotoco - Valle Del Cauca;SI
3890301775;Yumbo -Valle;Yumbo - Valle Del Cauca;SI
3901531891;Yumbo -Valle;Yumbo - Valle Del Cauca;SI
3800157025;Yumbo -Valle;Yumbo - Valle Del Cauca;SI
3830510909;Yumbo -Valle;Yumbo - Valle Del Cauca;SI
3900291680;Yumbo -Valle;Yumbo - Valle Del Cauca;SI
3900784975;Yumbo -Valle;Yumbo - Valle Del Cauca;SI
3900071983;Yumbo -Valle;Yumbo - Valle Del Cauca;SI
3805007083;Yumbo -Valle;Yumbo - Valle Del Cauca;SI
3800193850;Yumbo -Valle;Yumbo - Valle Del Cauca;SI
3835001216;Yumbo -Valle;Yumbo - Valle Del Cauca;SI
3900624777;Yumbo -Valle;Yumbo - Valle Del Cauca;SI
3830500775;Yumbo -Valle;Yumbo - Valle Del Cauca;SI
3901283423;Yumbo -Valle;Yumbo - Valle Del Cauca;SI
3901204907;Yumbo -Valle;Yumbo - Valle Del Cauca;SI
3805000830;Yumbo -Valle;Yumbo - Valle Del Cauca;SI
3805003626;Yumbo -Valle;Yumbo - Valle Del Cauca;SI
3805029170;Yumbo -Valle;Yumbo - Valle Del Cauca;SI
3800093320;Yumbo -Valle;Yumbo - Valle Del Cauca;SI
3900220311;Yumbo -Valle;Yumbo - Valle Del Cauca;SI
3900055029;Yumbo -Valle;Yumbo - Valle Del Cauca;SI
3890333023;Yumbo -Valle;Yumbo - Valle Del Cauca;SI
3901078030;Yumbo -Valle;Yumbo - Valle Del Cauca;SI
3900574191;Yumbo -Valle;Yumbo - Valle Del Cauca;SI
3900528724;Yumbo -Valle;Yumbo - Valle Del Cauca;SI
3900203566;Yumbo -Valle;Yumbo - Valle Del Cauca;SI
3900171163;Yumbo -Valle;Yumbo - Valle Del Cauca;SI
3901047848;Yumbo -Valle;Yumbo - Valle Del Cauca;SI
3900301315;Yumbo -Valle;Yumbo - Valle Del Cauca;SI
3901063966;Yumbo -Valle;Yumbo - Valle Del Cauca;SI
3890322449;Yumbo -Valle;Yumbo - Valle Del Cauca;SI
3901657250;Yumbo -Valle;Yumbo - Valle Del Cauca;SI
3817001532;Yumbo -Valle;Yumbo - Valle Del Cauca;SI
138943942;Yumbo -Valle;Yumbo - Valle Del Cauca;SI
3805016737;Yumbo -Valle;Yumbo - Valle Del Cauca;SI
3900221402;Yumbo -Valle;Yumbo - Valle Del Cauca;SI
3800109274;Yumbo -Valle;Yumbo - Valle Del Cauca;SI
3900772097;Yumbo -Valle;Yumbo - Valle Del Cauca;SI
3805013338;Yumbo -Valle;Yumbo - Valle Del Cauca;SI
3900010107;Yumbo -Valle;Yumbo - Valle Del Cauca;SI
166871947;Zarzal -Valle;Zarzal - Valle Del Cauca;SI
3891900712;Zarzal -Valle;Zarzal - Valle Del Cauca;SI
11116435226;Zarzal -Valle;Zarzal - Valle Del Cauca;SI
11115184116;Zarzal -Valle;Zarzal - Valle Del Cauca;SI
16201912;Zarzal -Valle;Zarzal - Valle Del Cauca;SI
3901346227;Zarzal -Valle;Zarzal - Valle Del Cauca;SI
3900637562;Zarzal -Valle;Zarzal - Valle Del Cauca;SI