accountId;dateTransaction;dateTransactionNew;processDate1;processDate2
120811;2023-11-02T10:08.11.123;2023-11-02T10:08:11.123;2024-07-24T00:00:00.000;2024-07-24T23:59:59.000
19886;2023-11-04T07:06.11.123;2023-11-04T07:06:11.123;2024-07-24T00:00:00.000;2024-07-24T23:59:59.000
133495;2023-11-18T11:23.11.123;2023-11-18T11:23:11.123;2024-07-24T00:00:00.000;2024-07-24T23:59:59.000
136429;2023-11-19T05:09.11.123;2023-11-19T05:09:11.123;2024-07-24T00:00:00.000;2024-07-24T23:59:59.000
25690;2023-11-19T09:15.11.123;2023-11-19T09:15:11.123;2024-07-24T00:00:00.000;2024-07-24T23:59:59.000
140841;2023-12-06T02:52.11.123;2023-12-06T02:52:11.123;2024-07-24T00:00:00.000;2024-07-24T23:59:59.000
140841;2023-12-06T11:09.11.123;2023-12-06T11:09:11.123;2024-07-24T00:00:00.000;2024-07-24T23:59:59.000
88623;2024-01-04T02:19.11.123;2024-01-04T02:19:11.123;2024-07-24T00:00:00.000;2024-07-24T23:59:59.000
84748;2024-01-16T06:04.11.123;2024-01-16T06:04:11.123;2024-07-24T00:00:00.000;2024-07-24T23:59:59.000
99366;2024-01-18T02:55.11.123;2024-01-18T02:55:11.123;2024-07-24T00:00:00.000;2024-07-24T23:59:59.000
92006;2024-01-25T08:33.11.123;2024-01-25T08:33:11.123;2024-07-24T00:00:00.000;2024-07-24T23:59:59.000
90446;2024-02-11T07:47.11.123;2024-02-11T07:47:11.123;2024-07-24T00:00:00.000;2024-07-24T23:59:59.000
84639;2024-02-11T08:00.11.123;2024-02-11T08:00:11.123;2024-07-24T00:00:00.000;2024-07-24T23:59:59.000
31688;2024-02-13T04:26.11.123;2024-02-13T04:26:11.123;2024-07-24T00:00:00.000;2024-07-24T23:59:59.000
69905;2024-02-17T11:29.11.123;2024-02-17T11:29:11.123;2024-07-24T00:00:00.000;2024-07-24T23:59:59.000
137874;2024-02-18T08:26.11.123;2024-02-18T08:26:11.123;2024-07-24T00:00:00.000;2024-07-24T23:59:59.000
126577;2024-03-01T04:14.11.123;2024-03-01T04:14:11.123;2024-07-24T00:00:00.000;2024-07-24T23:59:59.000
96316;2024-03-06T03:12.11.123;2024-03-06T03:12:11.123;2024-07-24T00:00:00.000;2024-07-24T23:59:59.000
38725;2024-03-19T10:04.11.123;2024-03-19T10:04:11.123;2024-07-24T00:00:00.000;2024-07-24T23:59:59.000
96316;2024-03-20T01:11.11.123;2024-03-20T01:11:11.123;2024-07-24T00:00:00.000;2024-07-24T23:59:59.000
8103;2024-04-01T05:00.11.123;2024-04-01T05:00:11.123;2024-07-24T00:00:00.000;2024-07-24T23:59:59.000
8103;2024-04-01T10:28.11.123;2024-04-01T10:28:11.123;2024-07-24T00:00:00.000;2024-07-24T23:59:59.000
8851;2024-04-02T02:12.11.123;2024-04-02T02:12:11.123;2024-07-24T00:00:00.000;2024-07-24T23:59:59.000
8103;2024-04-02T03:50.11.123;2024-04-02T03:50:11.123;2024-07-24T00:00:00.000;2024-07-24T23:59:59.000
8103;2024-04-02T07:05.11.123;2024-04-02T07:05:11.123;2024-07-24T00:00:00.000;2024-07-24T23:59:59.000
8296;2024-04-02T09:08.11.123;2024-04-02T09:08:11.123;2024-07-24T00:00:00.000;2024-07-24T23:59:59.000
8296;2024-04-02T09:08.11.123;2024-04-02T09:08:11.123;2024-07-24T00:00:00.000;2024-07-24T23:59:59.000
8296;2024-04-03T07:56.11.123;2024-04-03T07:56:11.123;2024-07-24T00:00:00.000;2024-07-24T23:59:59.000
8103;2024-04-03T11:03.11.123;2024-04-03T11:03:11.123;2024-07-24T00:00:00.000;2024-07-24T23:59:59.000
8296;2024-04-06T02:00.11.123;2024-04-06T02:00:11.123;2024-07-24T00:00:00.000;2024-07-24T23:59:59.000
8296;2024-04-07T07:34.11.123;2024-04-07T07:34:11.123;2024-07-24T00:00:00.000;2024-07-24T23:59:59.000
8296;2024-04-09T08:02.11.123;2024-04-09T08:02:11.123;2024-07-24T00:00:00.000;2024-07-24T23:59:59.000
15522;2024-05-19T08:58.11.123;2024-05-19T08:58:11.123;2024-07-24T00:00:00.000;2024-07-24T23:59:59.000
33783;2024-06-04T02:13.11.123;2024-06-04T02:13:11.123;2024-07-24T00:00:00.000;2024-07-24T23:59:59.000
9091;2024-06-04T02:15.11.123;2024-06-04T02:15:11.123;2024-07-24T00:00:00.000;2024-07-24T23:59:59.000
26919;2023-01-19T04:10.11.123;2023-01-19T04:10:11.123;2024-07-24T00:00:00.000;2024-07-24T23:59:59.000
14508;2023-01-19T06:34.11.123;2023-01-19T06:34:11.123;2024-07-24T00:00:00.000;2024-07-24T23:59:59.000
8607;2023-01-19T06:44.11.123;2023-01-19T06:44:11.123;2024-07-24T00:00:00.000;2024-07-24T23:59:59.000
8296;2023-01-19T06:48.11.123;2023-01-19T06:48:11.123;2024-07-24T00:00:00.000;2024-07-24T23:59:59.000
16733;2023-01-19T08:20.11.123;2023-01-19T08:20:11.123;2024-07-24T00:00:00.000;2024-07-24T23:59:59.000
37484;2023-01-19T08:44.11.123;2023-01-19T08:44:11.123;2024-07-24T00:00:00.000;2024-07-24T23:59:59.000
18687;2023-01-19T03:58.11.123;2023-01-19T03:58:11.123;2024-07-24T00:00:00.000;2024-07-24T23:59:59.000
18900;2023-01-19T04:16.11.123;2023-01-19T04:16:11.123;2024-07-24T00:00:00.000;2024-07-24T23:59:59.000
18940;2023-01-19T04:27.11.123;2023-01-19T04:27:11.123;2024-07-24T00:00:00.000;2024-07-24T23:59:59.000
18940;2023-01-19T04:58.11.123;2023-01-19T04:58:11.123;2024-07-24T00:00:00.000;2024-07-24T23:59:59.000
18687;2023-01-19T05:09.11.123;2023-01-19T05:09:11.123;2024-07-24T00:00:00.000;2024-07-24T23:59:59.000
9464;2023-01-19T05:31.11.123;2023-01-19T05:31:11.123;2024-07-24T00:00:00.000;2024-07-24T23:59:59.000
9436;2023-01-19T07:48.11.123;2023-01-19T07:48:11.123;2024-07-24T00:00:00.000;2024-07-24T23:59:59.000
9618;2023-01-19T09:32.11.123;2023-01-19T09:32:11.123;2024-07-24T00:00:00.000;2024-07-24T23:59:59.000
8977;2023-01-19T09:36.11.123;2023-01-19T09:36:11.123;2024-07-24T00:00:00.000;2024-07-24T23:59:59.000
18900;2023-01-19T09:38.11.123;2023-01-19T09:38:11.123;2024-07-24T00:00:00.000;2024-07-24T23:59:59.000
18940;2023-01-19T09:57.11.123;2023-01-19T09:57:11.123;2024-07-24T00:00:00.000;2024-07-24T23:59:59.000
37943;2023-01-19T11:07.11.123;2023-01-19T11:07:11.123;2024-07-24T00:00:00.000;2024-07-24T23:59:59.000
37219;2023-01-19T11:27.11.123;2023-01-19T11:27:11.123;2024-07-24T00:00:00.000;2024-07-24T23:59:59.000
18841;2023-01-20T01:00.11.123;2023-01-20T01:00:11.123;2024-07-24T00:00:00.000;2024-07-24T23:59:59.000
9090;2023-01-20T01:29.11.123;2023-01-20T01:29:11.123;2024-07-24T00:00:00.000;2024-07-24T23:59:59.000
24780;2023-01-20T01:31.11.123;2023-01-20T01:31:11.123;2024-07-24T00:00:00.000;2024-07-24T23:59:59.000
24780;2023-01-20T01:37.11.123;2023-01-20T01:37:11.123;2024-07-24T00:00:00.000;2024-07-24T23:59:59.000
37188;2023-01-20T01:55.11.123;2023-01-20T01:55:11.123;2024-07-24T00:00:00.000;2024-07-24T23:59:59.000
9090;2023-01-20T02:19.11.123;2023-01-20T02:19:11.123;2024-07-24T00:00:00.000;2024-07-24T23:59:59.000
37189;2023-01-20T02:30.11.123;2023-01-20T02:30:11.123;2024-07-24T00:00:00.000;2024-07-24T23:59:59.000
9436;2023-01-20T02:42.11.123;2023-01-20T02:42:11.123;2024-07-24T00:00:00.000;2024-07-24T23:59:59.000
26919;2023-01-20T02:48.11.123;2023-01-20T02:48:11.123;2024-07-24T00:00:00.000;2024-07-24T23:59:59.000
18687;2023-01-20T02:50.11.123;2023-01-20T02:50:11.123;2024-07-24T00:00:00.000;2024-07-24T23:59:59.000
8886;2023-01-20T03:02.11.123;2023-01-20T03:02:11.123;2024-07-24T00:00:00.000;2024-07-24T23:59:59.000
8001;2023-01-20T03:03.11.123;2023-01-20T03:03:11.123;2024-07-24T00:00:00.000;2024-07-24T23:59:59.000
9091;2023-01-20T03:20.11.123;2023-01-20T03:20:11.123;2024-07-24T00:00:00.000;2024-07-24T23:59:59.000
35845;2023-01-20T03:28.11.123;2023-01-20T03:28:11.123;2024-07-24T00:00:00.000;2024-07-24T23:59:59.000
20958;2023-01-20T03:38.11.123;2023-01-20T03:38:11.123;2024-07-24T00:00:00.000;2024-07-24T23:59:59.000
8977;2023-01-20T03:45.11.123;2023-01-20T03:45:11.123;2024-07-24T00:00:00.000;2024-07-24T23:59:59.000
22525;2023-01-20T03:51.11.123;2023-01-20T03:51:11.123;2024-07-24T00:00:00.000;2024-07-24T23:59:59.000
9090;2023-01-20T03:57.11.123;2023-01-20T03:57:11.123;2024-07-24T00:00:00.000;2024-07-24T23:59:59.000
18940;2023-01-20T04:09.11.123;2023-01-20T04:09:11.123;2024-07-24T00:00:00.000;2024-07-24T23:59:59.000
8977;2023-01-20T04:33.11.123;2023-01-20T04:33:11.123;2024-07-24T00:00:00.000;2024-07-24T23:59:59.000
9454;2023-01-20T04:45.11.123;2023-01-20T04:45:11.123;2024-07-24T00:00:00.000;2024-07-24T23:59:59.000
18940;2023-01-20T04:48.11.123;2023-01-20T04:48:11.123;2024-07-24T00:00:00.000;2024-07-24T23:59:59.000
26919;2023-01-20T04:52.11.123;2023-01-20T04:52:11.123;2024-07-24T00:00:00.000;2024-07-24T23:59:59.000
37189;2023-01-20T05:07.11.123;2023-01-20T05:07:11.123;2024-07-24T00:00:00.000;2024-07-24T23:59:59.000
36966;2023-01-20T05:11.11.123;2023-01-20T05:11:11.123;2024-07-24T00:00:00.000;2024-07-24T23:59:59.000
23350;2023-01-20T05:18.11.123;2023-01-20T05:18:11.123;2024-07-24T00:00:00.000;2024-07-24T23:59:59.000
9224;2023-01-20T05:49.11.123;2023-01-20T05:49:11.123;2024-07-24T00:00:00.000;2024-07-24T23:59:59.000
22525;2023-01-20T06:05.11.123;2023-01-20T06:05:11.123;2024-07-24T00:00:00.000;2024-07-24T23:59:59.000
21396;2023-01-20T06:21.11.123;2023-01-20T06:21:11.123;2024-07-24T00:00:00.000;2024-07-24T23:59:59.000
18841;2023-01-20T06:26.11.123;2023-01-20T06:26:11.123;2024-07-24T00:00:00.000;2024-07-24T23:59:59.000
26919;2023-01-20T06:38.11.123;2023-01-20T06:38:11.123;2024-07-24T00:00:00.000;2024-07-24T23:59:59.000
37943;2023-01-20T06:39.11.123;2023-01-20T06:39:11.123;2024-07-24T00:00:00.000;2024-07-24T23:59:59.000
26919;2023-01-20T07:20.11.123;2023-01-20T07:20:11.123;2024-07-24T00:00:00.000;2024-07-24T23:59:59.000
16733;2023-01-20T07:57.11.123;2023-01-20T07:57:11.123;2024-07-24T00:00:00.000;2024-07-24T23:59:59.000
8977;2023-01-20T08:13.11.123;2023-01-20T08:13:11.123;2024-07-24T00:00:00.000;2024-07-24T23:59:59.000
18687;2023-01-20T08:24.11.123;2023-01-20T08:24:11.123;2024-07-24T00:00:00.000;2024-07-24T23:59:59.000
18940;2023-01-20T08:40.11.123;2023-01-20T08:40:11.123;2024-07-24T00:00:00.000;2024-07-24T23:59:59.000
22525;2023-01-20T08:58.11.123;2023-01-20T08:58:11.123;2024-07-24T00:00:00.000;2024-07-24T23:59:59.000
37189;2023-01-20T10:09.11.123;2023-01-20T10:09:11.123;2024-07-24T00:00:00.000;2024-07-24T23:59:59.000
37189;2023-01-20T10:51.11.123;2023-01-20T10:51:11.123;2024-07-24T00:00:00.000;2024-07-24T23:59:59.000
18940;2023-01-20T10:58.11.123;2023-01-20T10:58:11.123;2024-07-24T00:00:00.000;2024-07-24T23:59:59.000
36966;2023-01-20T11:02.11.123;2023-01-20T11:02:11.123;2024-07-24T00:00:00.000;2024-07-24T23:59:59.000
37188;2023-01-20T11:22.11.123;2023-01-20T11:22:11.123;2024-07-24T00:00:00.000;2024-07-24T23:59:59.000
16733;2023-01-20T11:47.11.123;2023-01-20T11:47:11.123;2024-07-24T00:00:00.000;2024-07-24T23:59:59.000
37484;2023-01-20T11:55.11.123;2023-01-20T11:55:11.123;2024-07-24T00:00:00.000;2024-07-24T23:59:59.000
18940;2023-01-20T11:59.11.123;2023-01-20T11:59:11.123;2024-07-24T00:00:00.000;2024-07-24T23:59:59.000
18940;2023-01-20T12:13.11.123;2023-01-20T12:13:11.123;2024-07-24T00:00:00.000;2024-07-24T23:59:59.000
18940;2023-01-20T12:26.11.123;2023-01-20T12:26:11.123;2024-07-24T00:00:00.000;2024-07-24T23:59:59.000
9091;2023-01-20T12:27.11.123;2023-01-20T12:27:11.123;2024-07-24T00:00:00.000;2024-07-24T23:59:59.000
18940;2023-01-20T12:35.11.123;2023-01-20T12:35:11.123;2024-07-24T00:00:00.000;2024-07-24T23:59:59.000
18841;2023-01-20T12:41.11.123;2023-01-20T12:41:11.123;2024-07-24T00:00:00.000;2024-07-24T23:59:59.000
22525;2023-01-20T12:46.11.123;2023-01-20T12:46:11.123;2024-07-24T00:00:00.000;2024-07-24T23:59:59.000
18492;2023-01-20T12:53.11.123;2023-01-20T12:53:11.123;2024-07-24T00:00:00.000;2024-07-24T23:59:59.000
16733;2023-01-20T12:53.11.123;2023-01-20T12:53:11.123;2024-07-24T00:00:00.000;2024-07-24T23:59:59.000
18687;2023-01-20T12:57.11.123;2023-01-20T12:57:11.123;2024-07-24T00:00:00.000;2024-07-24T23:59:59.000
37189;2023-01-23T08:20.11.123;2023-01-23T08:20:11.123;2024-07-24T00:00:00.000;2024-07-24T23:59:59.000
18940;2023-01-23T09:01.11.123;2023-01-23T09:01:11.123;2024-07-24T00:00:00.000;2024-07-24T23:59:59.000
26919;2023-01-23T09:07.11.123;2023-01-23T09:07:11.123;2024-07-24T00:00:00.000;2024-07-24T23:59:59.000
18900;2023-01-23T09:16.11.123;2023-01-23T09:16:11.123;2024-07-24T00:00:00.000;2024-07-24T23:59:59.000
16733;2023-01-23T09:36.11.123;2023-01-23T09:36:11.123;2024-07-24T00:00:00.000;2024-07-24T23:59:59.000
36966;2023-01-23T09:43.11.123;2023-01-23T09:43:11.123;2024-07-24T00:00:00.000;2024-07-24T23:59:59.000
22525;2023-01-26T08:17.11.123;2023-01-26T08:17:11.123;2024-07-24T00:00:00.000;2024-07-24T23:59:59.000
18940;2023-01-26T08:33.11.123;2023-01-26T08:33:11.123;2024-07-24T00:00:00.000;2024-07-24T23:59:59.000
35206;2023-01-26T08:36.11.123;2023-01-26T08:36:11.123;2024-07-24T00:00:00.000;2024-07-24T23:59:59.000
12987;2023-01-26T09:30.11.123;2023-01-26T09:30:11.123;2024-07-24T00:00:00.000;2024-07-24T23:59:59.000
37565;2023-01-26T10:02.11.123;2023-01-26T10:02:11.123;2024-07-24T00:00:00.000;2024-07-24T23:59:59.000
9090;2023-01-26T10:33.11.123;2023-01-26T10:33:11.123;2024-07-24T00:00:00.000;2024-07-24T23:59:59.000
54736;2023-01-27T01:38.11.123;2023-01-27T01:38:11.123;2024-07-24T00:00:00.000;2024-07-24T23:59:59.000
9090;2023-01-27T02:58.11.123;2023-01-27T02:58:11.123;2024-07-24T00:00:00.000;2024-07-24T23:59:59.000
16436;2023-01-28T10:31.11.123;2023-01-28T10:31:11.123;2024-07-24T00:00:00.000;2024-07-24T23:59:59.000
26919;2023-02-07T11:50.11.123;2023-02-07T11:50:11.123;2024-07-24T00:00:00.000;2024-07-24T23:59:59.000
8296;2023-02-15T08:31.11.123;2023-02-15T08:31:11.123;2024-07-24T00:00:00.000;2024-07-24T23:59:59.000
18492;2023-01-20T04:11.11.123;2023-01-20T04:11:11.123;2024-07-24T00:00:00.000;2024-07-24T23:59:59.000
24780;2023-01-20T05:24.11.123;2023-01-20T05:24:11.123;2024-07-24T00:00:00.000;2024-07-24T23:59:59.000
18940;2023-01-20T05:37.11.123;2023-01-20T05:37:11.123;2024-07-24T00:00:00.000;2024-07-24T23:59:59.000
8977;2023-01-20T06:17.11.123;2023-01-20T06:17:11.123;2024-07-24T00:00:00.000;2024-07-24T23:59:59.000
8103;2023-01-20T07:54.11.123;2023-01-20T07:54:11.123;2024-07-24T00:00:00.000;2024-07-24T23:59:59.000
9090;2023-01-20T08:38.11.123;2023-01-20T08:38:11.123;2024-07-24T00:00:00.000;2024-07-24T23:59:59.000
18841;2023-01-25T06:12.11.123;2023-01-25T06:12:11.123;2024-07-24T00:00:00.000;2024-07-24T23:59:59.000
12987;2023-01-26T08:15.11.123;2023-01-26T08:15:11.123;2024-07-24T00:00:00.000;2024-07-24T23:59:59.000
35006;2023-01-26T10:22.11.123;2023-01-26T10:22:11.123;2024-07-24T00:00:00.000;2024-07-24T23:59:59.000
18940;2023-01-31T11:30.11.123;2023-01-31T11:30:11.123;2024-07-24T00:00:00.000;2024-07-24T23:59:59.000
8103;2023-02-07T10:44.11.123;2023-02-07T10:44:11.123;2024-07-24T00:00:00.000;2024-07-24T23:59:59.000
37565;2023-02-15T09:47.11.123;2023-02-15T09:47:11.123;2024-07-24T00:00:00.000;2024-07-24T23:59:59.000
18940;2023-03-02T09:10.11.123;2023-03-02T09:10:11.123;2024-07-24T00:00:00.000;2024-07-24T23:59:59.000
8103;2023-03-03T06:04.11.123;2023-03-03T06:04:11.123;2024-07-24T00:00:00.000;2024-07-24T23:59:59.000
18841;2023-03-03T06:07.11.123;2023-03-03T06:07:11.123;2024-07-24T00:00:00.000;2024-07-24T23:59:59.000
37815;2023-03-07T09:21.11.123;2023-03-07T09:21:11.123;2024-07-24T00:00:00.000;2024-07-24T23:59:59.000
18940;2023-03-07T09:21.11.123;2023-03-07T09:21:11.123;2024-07-24T00:00:00.000;2024-07-24T23:59:59.000
18841;2023-03-07T09:39.11.123;2023-03-07T09:39:11.123;2024-07-24T00:00:00.000;2024-07-24T23:59:59.000
18940;2023-03-07T10:06.11.123;2023-03-07T10:06:11.123;2024-07-24T00:00:00.000;2024-07-24T23:59:59.000
9091;2023-03-08T12:49.11.123;2023-03-08T12:49:11.123;2024-07-24T00:00:00.000;2024-07-24T23:59:59.000
11765;2023-03-10T03:18.11.123;2023-03-10T03:18:11.123;2024-07-24T00:00:00.000;2024-07-24T23:59:59.000
33906;2023-03-13T01:34.11.123;2023-03-13T01:34:11.123;2024-07-24T00:00:00.000;2024-07-24T23:59:59.000
37943;2023-03-13T01:37.11.123;2023-03-13T01:37:11.123;2024-07-24T00:00:00.000;2024-07-24T23:59:59.000
26919;2023-03-13T02:33.11.123;2023-03-13T02:33:11.123;2024-07-24T00:00:00.000;2024-07-24T23:59:59.000
24780;2023-03-13T02:34.11.123;2023-03-13T02:34:11.123;2024-07-24T00:00:00.000;2024-07-24T23:59:59.000
24780;2023-03-13T02:52.11.123;2023-03-13T02:52:11.123;2024-07-24T00:00:00.000;2024-07-24T23:59:59.000
24780;2023-03-13T02:52.11.123;2023-03-13T02:52:11.123;2024-07-24T00:00:00.000;2024-07-24T23:59:59.000
18940;2023-03-13T03:03.11.123;2023-03-13T03:03:11.123;2024-07-24T00:00:00.000;2024-07-24T23:59:59.000
9091;2023-03-13T03:12.11.123;2023-03-13T03:12:11.123;2024-07-24T00:00:00.000;2024-07-24T23:59:59.000
33783;2023-03-13T03:32.11.123;2023-03-13T03:32:11.123;2024-07-24T00:00:00.000;2024-07-24T23:59:59.000
21396;2023-03-13T03:41.11.123;2023-03-13T03:41:11.123;2024-07-24T00:00:00.000;2024-07-24T23:59:59.000
18940;2023-03-13T04:16.11.123;2023-03-13T04:16:11.123;2024-07-24T00:00:00.000;2024-07-24T23:59:59.000
34464;2023-03-13T04:52.11.123;2023-03-13T04:52:11.123;2024-07-24T00:00:00.000;2024-07-24T23:59:59.000
18940;2023-03-13T05:06.11.123;2023-03-13T05:06:11.123;2024-07-24T00:00:00.000;2024-07-24T23:59:59.000
8103;2023-03-13T05:07.11.123;2023-03-13T05:07:11.123;2024-07-24T00:00:00.000;2024-07-24T23:59:59.000
18940;2023-03-13T05:13.11.123;2023-03-13T05:13:11.123;2024-07-24T00:00:00.000;2024-07-24T23:59:59.000
8450;2023-03-13T05:48.11.123;2023-03-13T05:48:11.123;2024-07-24T00:00:00.000;2024-07-24T23:59:59.000
9091;2023-03-13T05:50.11.123;2023-03-13T05:50:11.123;2024-07-24T00:00:00.000;2024-07-24T23:59:59.000
9091;2023-03-13T07:01.11.123;2023-03-13T07:01:11.123;2024-07-24T00:00:00.000;2024-07-24T23:59:59.000
10308;2023-03-13T07:50.11.123;2023-03-13T07:50:11.123;2024-07-24T00:00:00.000;2024-07-24T23:59:59.000
18940;2023-03-13T07:53.11.123;2023-03-13T07:53:11.123;2024-07-24T00:00:00.000;2024-07-24T23:59:59.000
8977;2023-03-13T08:15.11.123;2023-03-13T08:15:11.123;2024-07-24T00:00:00.000;2024-07-24T23:59:59.000
18940;2023-03-13T08:19.11.123;2023-03-13T08:19:11.123;2024-07-24T00:00:00.000;2024-07-24T23:59:59.000
37484;2023-03-13T08:39.11.123;2023-03-13T08:39:11.123;2024-07-24T00:00:00.000;2024-07-24T23:59:59.000
18940;2023-03-13T09:16.11.123;2023-03-13T09:16:11.123;2024-07-24T00:00:00.000;2024-07-24T23:59:59.000
18940;2023-03-13T10:46.11.123;2023-03-13T10:46:11.123;2024-07-24T00:00:00.000;2024-07-24T23:59:59.000
35006;2023-03-13T11:21.11.123;2023-03-13T11:21:11.123;2024-07-24T00:00:00.000;2024-07-24T23:59:59.000
37189;2023-03-13T11:39.11.123;2023-03-13T11:39:11.123;2024-07-24T00:00:00.000;2024-07-24T23:59:59.000
17486;2023-03-13T11:42.11.123;2023-03-13T11:42:11.123;2024-07-24T00:00:00.000;2024-07-24T23:59:59.000
24780;2023-03-13T11:43.11.123;2023-03-13T11:43:11.123;2024-07-24T00:00:00.000;2024-07-24T23:59:59.000
9091;2023-03-13T11:47.11.123;2023-03-13T11:47:11.123;2024-07-24T00:00:00.000;2024-07-24T23:59:59.000
35206;2023-03-13T11:59.11.123;2023-03-13T11:59:11.123;2024-07-24T00:00:00.000;2024-07-24T23:59:59.000
37219;2023-03-13T11:59.11.123;2023-03-13T11:59:11.123;2024-07-24T00:00:00.000;2024-07-24T23:59:59.000
33783;2023-03-13T12:05.11.123;2023-03-13T12:05:11.123;2024-07-24T00:00:00.000;2024-07-24T23:59:59.000
21396;2023-03-13T12:11.11.123;2023-03-13T12:11:11.123;2024-07-24T00:00:00.000;2024-07-24T23:59:59.000
24780;2023-03-13T12:11.11.123;2023-03-13T12:11:11.123;2024-07-24T00:00:00.000;2024-07-24T23:59:59.000
37609;2023-03-13T12:12.11.123;2023-03-13T12:12:11.123;2024-07-24T00:00:00.000;2024-07-24T23:59:59.000
8607;2023-03-13T12:17.11.123;2023-03-13T12:17:11.123;2024-07-24T00:00:00.000;2024-07-24T23:59:59.000
9436;2023-03-13T12:27.11.123;2023-03-13T12:27:11.123;2024-07-24T00:00:00.000;2024-07-24T23:59:59.000
18841;2023-03-13T12:33.11.123;2023-03-13T12:33:11.123;2024-07-24T00:00:00.000;2024-07-24T23:59:59.000
36925;2023-03-13T12:45.11.123;2023-03-13T12:45:11.123;2024-07-24T00:00:00.000;2024-07-24T23:59:59.000
8977;2023-03-13T12:49.11.123;2023-03-13T12:49:11.123;2024-07-24T00:00:00.000;2024-07-24T23:59:59.000
9704;2023-03-14T01:00.11.123;2023-03-14T01:00:11.123;2024-07-24T00:00:00.000;2024-07-24T23:59:59.000
18940;2023-03-14T01:25.11.123;2023-03-14T01:25:11.123;2024-07-24T00:00:00.000;2024-07-24T23:59:59.000
33806;2023-03-14T03:28.11.123;2023-03-14T03:28:11.123;2024-07-24T00:00:00.000;2024-07-24T23:59:59.000
37943;2023-03-14T12:35.11.123;2023-03-14T12:35:11.123;2024-07-24T00:00:00.000;2024-07-24T23:59:59.000
17330;2023-03-14T12:49.11.123;2023-03-14T12:49:11.123;2024-07-24T00:00:00.000;2024-07-24T23:59:59.000
23403;2023-03-14T12:51.11.123;2023-03-14T12:51:11.123;2024-07-24T00:00:00.000;2024-07-24T23:59:59.000
37188;2023-03-17T03:40.11.123;2023-03-17T03:40:11.123;2024-07-24T00:00:00.000;2024-07-24T23:59:59.000
37943;2023-03-17T05:59.11.123;2023-03-17T05:59:11.123;2024-07-24T00:00:00.000;2024-07-24T23:59:59.000
21396;2023-03-20T09:26.11.123;2023-03-20T09:26:11.123;2024-07-24T00:00:00.000;2024-07-24T23:59:59.000
24780;2023-03-28T03:24.11.123;2023-03-28T03:24:11.123;2024-07-24T00:00:00.000;2024-07-24T23:59:59.000
24780;2023-03-28T04:08.11.123;2023-03-28T04:08:11.123;2024-07-24T00:00:00.000;2024-07-24T23:59:59.000
8851;2023-03-28T04:15.11.123;2023-03-28T04:15:11.123;2024-07-24T00:00:00.000;2024-07-24T23:59:59.000
8296;2023-03-28T04:24.11.123;2023-03-28T04:24:11.123;2024-07-24T00:00:00.000;2024-07-24T23:59:59.000
8851;2023-03-28T04:27.11.123;2023-03-28T04:27:11.123;2024-07-24T00:00:00.000;2024-07-24T23:59:59.000
18940;2023-03-28T04:50.11.123;2023-03-28T04:50:11.123;2024-07-24T00:00:00.000;2024-07-24T23:59:59.000
9618;2023-03-28T04:59.11.123;2023-03-28T04:59:11.123;2024-07-24T00:00:00.000;2024-07-24T23:59:59.000
18940;2023-03-28T05:38.11.123;2023-03-28T05:38:11.123;2024-07-24T00:00:00.000;2024-07-24T23:59:59.000
24780;2023-03-28T05:50.11.123;2023-03-28T05:50:11.123;2024-07-24T00:00:00.000;2024-07-24T23:59:59.000
18940;2023-03-28T06:39.11.123;2023-03-28T06:39:11.123;2024-07-24T00:00:00.000;2024-07-24T23:59:59.000
8851;2023-03-28T07:39.11.123;2023-03-28T07:39:11.123;2024-07-24T00:00:00.000;2024-07-24T23:59:59.000
18940;2023-03-28T09:20.11.123;2023-03-28T09:20:11.123;2024-07-24T00:00:00.000;2024-07-24T23:59:59.000
18940;2023-03-28T11:14.11.123;2023-03-28T11:14:11.123;2024-07-24T00:00:00.000;2024-07-24T23:59:59.000
18940;2023-03-29T02:38.11.123;2023-03-29T02:38:11.123;2024-07-24T00:00:00.000;2024-07-24T23:59:59.000
18492;2023-03-29T03:28.11.123;2023-03-29T03:28:11.123;2024-07-24T00:00:00.000;2024-07-24T23:59:59.000
18940;2023-03-13T10:08.11.123;2023-03-13T10:08:11.123;2024-07-24T00:00:00.000;2024-07-24T23:59:59.000
18940;2023-03-14T01:30.11.123;2023-03-14T01:30:11.123;2024-07-24T00:00:00.000;2024-07-24T23:59:59.000
8977;2023-03-14T01:55.11.123;2023-03-14T01:55:11.123;2024-07-24T00:00:00.000;2024-07-24T23:59:59.000
18940;2023-03-14T02:36.11.123;2023-03-14T02:36:11.123;2024-07-24T00:00:00.000;2024-07-24T23:59:59.000
26919;2023-03-14T06:26.11.123;2023-03-14T06:26:11.123;2024-07-24T00:00:00.000;2024-07-24T23:59:59.000
18687;2023-03-28T03:44.11.123;2023-03-28T03:44:11.123;2024-07-24T00:00:00.000;2024-07-24T23:59:59.000
24780;2023-03-28T03:47.11.123;2023-03-28T03:47:11.123;2024-07-24T00:00:00.000;2024-07-24T23:59:59.000
18940;2023-03-28T04:04.11.123;2023-03-28T04:04:11.123;2024-07-24T00:00:00.000;2024-07-24T23:59:59.000
18940;2023-03-28T04:05.11.123;2023-03-28T04:05:11.123;2024-07-24T00:00:00.000;2024-07-24T23:59:59.000
9091;2023-03-28T04:11.11.123;2023-03-28T04:11:11.123;2024-07-24T00:00:00.000;2024-07-24T23:59:59.000
18687;2023-03-28T04:24.11.123;2023-03-28T04:24:11.123;2024-07-24T00:00:00.000;2024-07-24T23:59:59.000
8450;2023-03-28T04:40.11.123;2023-03-28T04:40:11.123;2024-07-24T00:00:00.000;2024-07-24T23:59:59.000
33806;2023-03-28T05:25.11.123;2023-03-28T05:25:11.123;2024-07-24T00:00:00.000;2024-07-24T23:59:59.000
8103;2023-03-28T05:47.11.123;2023-03-28T05:47:11.123;2024-07-24T00:00:00.000;2024-07-24T23:59:59.000
10308;2023-03-28T06:24.11.123;2023-03-28T06:24:11.123;2024-07-24T00:00:00.000;2024-07-24T23:59:59.000
10308;2023-03-28T06:25.11.123;2023-03-28T06:25:11.123;2024-07-24T00:00:00.000;2024-07-24T23:59:59.000
8977;2023-03-28T07:14.11.123;2023-03-28T07:14:11.123;2024-07-24T00:00:00.000;2024-07-24T23:59:59.000
9091;2023-03-28T07:47.11.123;2023-03-28T07:47:11.123;2024-07-24T00:00:00.000;2024-07-24T23:59:59.000
8977;2023-03-28T08:16.11.123;2023-03-28T08:16:11.123;2024-07-24T00:00:00.000;2024-07-24T23:59:59.000
37484;2023-03-28T08:27.11.123;2023-03-28T08:27:11.123;2024-07-24T00:00:00.000;2024-07-24T23:59:59.000
18940;2023-03-28T09:41.11.123;2023-03-28T09:41:11.123;2024-07-24T00:00:00.000;2024-07-24T23:59:59.000
9090;2023-03-28T09:54.11.123;2023-03-28T09:54:11.123;2024-07-24T00:00:00.000;2024-07-24T23:59:59.000
8296;2023-03-28T10:58.11.123;2023-03-28T10:58:11.123;2024-07-24T00:00:00.000;2024-07-24T23:59:59.000
18940;2023-03-29T01:11.11.123;2023-03-29T01:11:11.123;2024-07-24T00:00:00.000;2024-07-24T23:59:59.000
18940;2023-03-29T01:12.11.123;2023-03-29T01:12:11.123;2024-07-24T00:00:00.000;2024-07-24T23:59:59.000
18940;2023-03-29T01:17.11.123;2023-03-29T01:17:11.123;2024-07-24T00:00:00.000;2024-07-24T23:59:59.000
18492;2023-03-29T01:19.11.123;2023-03-29T01:19:11.123;2024-07-24T00:00:00.000;2024-07-24T23:59:59.000
8352;2023-03-29T01:21.11.123;2023-03-29T01:21:11.123;2024-07-24T00:00:00.000;2024-07-24T23:59:59.000
8977;2023-03-29T01:22.11.123;2023-03-29T01:22:11.123;2024-07-24T00:00:00.000;2024-07-24T23:59:59.000
18940;2023-03-29T01:32.11.123;2023-03-29T01:32:11.123;2024-07-24T00:00:00.000;2024-07-24T23:59:59.000
9090;2023-03-29T01:39.11.123;2023-03-29T01:39:11.123;2024-07-24T00:00:00.000;2024-07-24T23:59:59.000
18940;2023-03-29T01:43.11.123;2023-03-29T01:43:11.123;2024-07-24T00:00:00.000;2024-07-24T23:59:59.000
24780;2023-03-29T01:46.11.123;2023-03-29T01:46:11.123;2024-07-24T00:00:00.000;2024-07-24T23:59:59.000
18940;2023-03-29T01:48.11.123;2023-03-29T01:48:11.123;2024-07-24T00:00:00.000;2024-07-24T23:59:59.000
37938;2023-03-29T01:50.11.123;2023-03-29T01:50:11.123;2024-07-24T00:00:00.000;2024-07-24T23:59:59.000
38822;2023-03-29T01:50.11.123;2023-03-29T01:50:11.123;2024-07-24T00:00:00.000;2024-07-24T23:59:59.000
33806;2023-03-29T01:52.11.123;2023-03-29T01:52:11.123;2024-07-24T00:00:00.000;2024-07-24T23:59:59.000
26919;2023-03-29T01:54.11.123;2023-03-29T01:54:11.123;2024-07-24T00:00:00.000;2024-07-24T23:59:59.000
24780;2023-03-29T02:02.11.123;2023-03-29T02:02:11.123;2024-07-24T00:00:00.000;2024-07-24T23:59:59.000
36634;2023-03-29T02:06.11.123;2023-03-29T02:06:11.123;2024-07-24T00:00:00.000;2024-07-24T23:59:59.000
35206;2023-03-29T02:21.11.123;2023-03-29T02:21:11.123;2024-07-24T00:00:00.000;2024-07-24T23:59:59.000
9224;2023-03-29T02:54.11.123;2023-03-29T02:54:11.123;2024-07-24T00:00:00.000;2024-07-24T23:59:59.000
37188;2023-03-29T02:55.11.123;2023-03-29T02:55:11.123;2024-07-24T00:00:00.000;2024-07-24T23:59:59.000
18940;2023-03-29T02:56.11.123;2023-03-29T02:56:11.123;2024-07-24T00:00:00.000;2024-07-24T23:59:59.000
37943;2023-03-29T03:10.11.123;2023-03-29T03:10:11.123;2024-07-24T00:00:00.000;2024-07-24T23:59:59.000
18940;2023-03-29T03:16.11.123;2023-03-29T03:16:11.123;2024-07-24T00:00:00.000;2024-07-24T23:59:59.000
18492;2023-03-29T03:52.11.123;2023-03-29T03:52:11.123;2024-07-24T00:00:00.000;2024-07-24T23:59:59.000
26919;2023-03-29T03:52.11.123;2023-03-29T03:52:11.123;2024-07-24T00:00:00.000;2024-07-24T23:59:59.000
18841;2023-03-29T04:16.11.123;2023-03-29T04:16:11.123;2024-07-24T00:00:00.000;2024-07-24T23:59:59.000
18940;2023-03-29T04:17.11.123;2023-03-29T04:17:11.123;2024-07-24T00:00:00.000;2024-07-24T23:59:59.000
18940;2023-03-29T04:32.11.123;2023-03-29T04:32:11.123;2024-07-24T00:00:00.000;2024-07-24T23:59:59.000
12598;2023-03-29T04:33.11.123;2023-03-29T04:33:11.123;2024-07-24T00:00:00.000;2024-07-24T23:59:59.000
24780;2023-03-29T04:54.11.123;2023-03-29T04:54:11.123;2024-07-24T00:00:00.000;2024-07-24T23:59:59.000
18940;2023-03-29T05:00.11.123;2023-03-29T05:00:11.123;2024-07-24T00:00:00.000;2024-07-24T23:59:59.000
18940;2023-03-29T05:09.11.123;2023-03-29T05:09:11.123;2024-07-24T00:00:00.000;2024-07-24T23:59:59.000
36966;2023-03-29T05:24.11.123;2023-03-29T05:24:11.123;2024-07-24T00:00:00.000;2024-07-24T23:59:59.000
24780;2023-03-29T05:25.11.123;2023-03-29T05:25:11.123;2024-07-24T00:00:00.000;2024-07-24T23:59:59.000
37943;2023-03-29T05:26.11.123;2023-03-29T05:26:11.123;2024-07-24T00:00:00.000;2024-07-24T23:59:59.000
18940;2023-03-29T05:26.11.123;2023-03-29T05:26:11.123;2024-07-24T00:00:00.000;2024-07-24T23:59:59.000
20958;2023-03-29T05:31.11.123;2023-03-29T05:31:11.123;2024-07-24T00:00:00.000;2024-07-24T23:59:59.000
19547;2023-03-29T05:35.11.123;2023-03-29T05:35:11.123;2024-07-24T00:00:00.000;2024-07-24T23:59:59.000
23900;2023-03-29T05:37.11.123;2023-03-29T05:37:11.123;2024-07-24T00:00:00.000;2024-07-24T23:59:59.000
18940;2023-03-29T05:41.11.123;2023-03-29T05:41:11.123;2024-07-24T00:00:00.000;2024-07-24T23:59:59.000
19767;2023-03-29T05:51.11.123;2023-03-29T05:51:11.123;2024-07-24T00:00:00.000;2024-07-24T23:59:59.000
8851;2023-03-29T06:00.11.123;2023-03-29T06:00:11.123;2024-07-24T00:00:00.000;2024-07-24T23:59:59.000
8103;2023-03-29T06:04.11.123;2023-03-29T06:04:11.123;2024-07-24T00:00:00.000;2024-07-24T23:59:59.000
26919;2023-03-29T06:11.11.123;2023-03-29T06:11:11.123;2024-07-24T00:00:00.000;2024-07-24T23:59:59.000
26919;2023-03-29T06:30.11.123;2023-03-29T06:30:11.123;2024-07-24T00:00:00.000;2024-07-24T23:59:59.000
9090;2023-03-29T06:33.11.123;2023-03-29T06:33:11.123;2024-07-24T00:00:00.000;2024-07-24T23:59:59.000
37565;2023-03-29T06:49.11.123;2023-03-29T06:49:11.123;2024-07-24T00:00:00.000;2024-07-24T23:59:59.000
18841;2023-03-29T07:11.11.123;2023-03-29T07:11:11.123;2024-07-24T00:00:00.000;2024-07-24T23:59:59.000
8296;2023-03-29T07:21.11.123;2023-03-29T07:21:11.123;2024-07-24T00:00:00.000;2024-07-24T23:59:59.000
37827;2023-03-29T07:50.11.123;2023-03-29T07:50:11.123;2024-07-24T00:00:00.000;2024-07-24T23:59:59.000
8296;2023-03-29T08:09.11.123;2023-03-29T08:09:11.123;2024-07-24T00:00:00.000;2024-07-24T23:59:59.000
18940;2023-03-29T08:21.11.123;2023-03-29T08:21:11.123;2024-07-24T00:00:00.000;2024-07-24T23:59:59.000
35206;2023-03-29T08:21.11.123;2023-03-29T08:21:11.123;2024-07-24T00:00:00.000;2024-07-24T23:59:59.000
8977;2023-03-29T08:30.11.123;2023-03-29T08:30:11.123;2024-07-24T00:00:00.000;2024-07-24T23:59:59.000
26919;2023-03-29T08:42.11.123;2023-03-29T08:42:11.123;2024-07-24T00:00:00.000;2024-07-24T23:59:59.000
18940;2023-03-29T09:01.11.123;2023-03-29T09:01:11.123;2024-07-24T00:00:00.000;2024-07-24T23:59:59.000
9224;2023-03-29T09:11.11.123;2023-03-29T09:11:11.123;2024-07-24T00:00:00.000;2024-07-24T23:59:59.000
37565;2023-03-29T10:23.11.123;2023-03-29T10:23:11.123;2024-07-24T00:00:00.000;2024-07-24T23:59:59.000
8296;2023-03-29T10:30.11.123;2023-03-29T10:30:11.123;2024-07-24T00:00:00.000;2024-07-24T23:59:59.000
23841;2023-03-29T10:37.11.123;2023-03-29T10:37:11.123;2024-07-24T00:00:00.000;2024-07-24T23:59:59.000
18841;2023-03-29T10:52.11.123;2023-03-29T10:52:11.123;2024-07-24T00:00:00.000;2024-07-24T23:59:59.000
33141;2023-03-29T11:27.11.123;2023-03-29T11:27:11.123;2024-07-24T00:00:00.000;2024-07-24T23:59:59.000
8296;2023-03-29T11:28.11.123;2023-03-29T11:28:11.123;2024-07-24T00:00:00.000;2024-07-24T23:59:59.000
18687;2023-03-29T11:33.11.123;2023-03-29T11:33:11.123;2024-07-24T00:00:00.000;2024-07-24T23:59:59.000
8103;2023-03-29T11:36.11.123;2023-03-29T11:36:11.123;2024-07-24T00:00:00.000;2024-07-24T23:59:59.000
8851;2023-03-29T11:40.11.123;2023-03-29T11:40:11.123;2024-07-24T00:00:00.000;2024-07-24T23:59:59.000
9091;2023-03-29T11:43.11.123;2023-03-29T11:43:11.123;2024-07-24T00:00:00.000;2024-07-24T23:59:59.000
36966;2023-03-29T11:51.11.123;2023-03-29T11:51:11.123;2024-07-24T00:00:00.000;2024-07-24T23:59:59.000
37943;2023-03-29T12:00.11.123;2023-03-29T12:00:11.123;2024-07-24T00:00:00.000;2024-07-24T23:59:59.000
9091;2023-03-29T12:12.11.123;2023-03-29T12:12:11.123;2024-07-24T00:00:00.000;2024-07-24T23:59:59.000
9454;2023-03-29T12:22.11.123;2023-03-29T12:22:11.123;2024-07-24T00:00:00.000;2024-07-24T23:59:59.000
9091;2023-03-29T12:22.11.123;2023-03-29T12:22:11.123;2024-07-24T00:00:00.000;2024-07-24T23:59:59.000
9363;2023-03-29T12:30.11.123;2023-03-29T12:30:11.123;2024-07-24T00:00:00.000;2024-07-24T23:59:59.000
18841;2023-03-29T12:48.11.123;2023-03-29T12:48:11.123;2024-07-24T00:00:00.000;2024-07-24T23:59:59.000
18492;2023-03-29T12:57.11.123;2023-03-29T12:57:11.123;2024-07-24T00:00:00.000;2024-07-24T23:59:59.000
18940;2023-03-30T01:27.11.123;2023-03-30T01:27:11.123;2024-07-24T00:00:00.000;2024-07-24T23:59:59.000
18940;2023-03-30T01:36.11.123;2023-03-30T01:36:11.123;2024-07-24T00:00:00.000;2024-07-24T23:59:59.000
18940;2023-03-30T02:43.11.123;2023-03-30T02:43:11.123;2024-07-24T00:00:00.000;2024-07-24T23:59:59.000
8607;2023-03-30T02:54.11.123;2023-03-30T02:54:11.123;2024-07-24T00:00:00.000;2024-07-24T23:59:59.000
33806;2023-03-30T04:22.11.123;2023-03-30T04:22:11.123;2024-07-24T00:00:00.000;2024-07-24T23:59:59.000
8001;2023-03-30T05:22.11.123;2023-03-30T05:22:11.123;2024-07-24T00:00:00.000;2024-07-24T23:59:59.000
18900;2023-03-30T05:41.11.123;2023-03-30T05:41:11.123;2024-07-24T00:00:00.000;2024-07-24T23:59:59.000
26919;2023-03-30T06:58.11.123;2023-03-30T06:58:11.123;2024-07-24T00:00:00.000;2024-07-24T23:59:59.000
9090;2023-03-30T07:12.11.123;2023-03-30T07:12:11.123;2024-07-24T00:00:00.000;2024-07-24T23:59:59.000
37565;2023-03-30T08:03.11.123;2023-03-30T08:03:11.123;2024-07-24T00:00:00.000;2024-07-24T23:59:59.000
8886;2023-03-30T08:33.11.123;2023-03-30T08:33:11.123;2024-07-24T00:00:00.000;2024-07-24T23:59:59.000
26919;2023-03-30T09:01.11.123;2023-03-30T09:01:11.123;2024-07-24T00:00:00.000;2024-07-24T23:59:59.000
20958;2023-03-30T12:27.11.123;2023-03-30T12:27:11.123;2024-07-24T00:00:00.000;2024-07-24T23:59:59.000
8296;2023-03-30T12:50.11.123;2023-03-30T12:50:11.123;2024-07-24T00:00:00.000;2024-07-24T23:59:59.000
37943;2023-03-29T05:31.11.123;2023-03-29T05:31:11.123;2024-07-24T00:00:00.000;2024-07-24T23:59:59.000
9091;2023-03-29T06:59.11.123;2023-03-29T06:59:11.123;2024-07-24T00:00:00.000;2024-07-24T23:59:59.000
18940;2023-03-29T08:32.11.123;2023-03-29T08:32:11.123;2024-07-24T00:00:00.000;2024-07-24T23:59:59.000
37484;2023-03-29T08:36.11.123;2023-03-29T08:36:11.123;2024-07-24T00:00:00.000;2024-07-24T23:59:59.000
18940;2023-03-29T08:49.11.123;2023-03-29T08:49:11.123;2024-07-24T00:00:00.000;2024-07-24T23:59:59.000
18940;2023-03-29T08:58.11.123;2023-03-29T08:58:11.123;2024-07-24T00:00:00.000;2024-07-24T23:59:59.000
18940;2023-03-29T09:52.11.123;2023-03-29T09:52:11.123;2024-07-24T00:00:00.000;2024-07-24T23:59:59.000
23900;2023-03-29T09:53.11.123;2023-03-29T09:53:11.123;2024-07-24T00:00:00.000;2024-07-24T23:59:59.000
8296;2023-03-29T10:17.11.123;2023-03-29T10:17:11.123;2024-07-24T00:00:00.000;2024-07-24T23:59:59.000
18940;2023-03-29T11:38.11.123;2023-03-29T11:38:11.123;2024-07-24T00:00:00.000;2024-07-24T23:59:59.000
8607;2023-03-30T01:06.11.123;2023-03-30T01:06:11.123;2024-07-24T00:00:00.000;2024-07-24T23:59:59.000
37188;2023-03-30T01:06.11.123;2023-03-30T01:06:11.123;2024-07-24T00:00:00.000;2024-07-24T23:59:59.000
18940;2023-03-30T01:10.11.123;2023-03-30T01:10:11.123;2024-07-24T00:00:00.000;2024-07-24T23:59:59.000
14508;2023-03-30T01:14.11.123;2023-03-30T01:14:11.123;2024-07-24T00:00:00.000;2024-07-24T23:59:59.000
9224;2023-03-30T01:26.11.123;2023-03-30T01:26:11.123;2024-07-24T00:00:00.000;2024-07-24T23:59:59.000
18940;2023-03-30T01:27.11.123;2023-03-30T01:27:11.123;2024-07-24T00:00:00.000;2024-07-24T23:59:59.000
8296;2023-03-30T01:42.11.123;2023-03-30T01:42:11.123;2024-07-24T00:00:00.000;2024-07-24T23:59:59.000
24780;2023-03-30T01:45.11.123;2023-03-30T01:45:11.123;2024-07-24T00:00:00.000;2024-07-24T23:59:59.000
26020;2023-03-30T01:57.11.123;2023-03-30T01:57:11.123;2024-07-24T00:00:00.000;2024-07-24T23:59:59.000
8977;2023-03-30T02:00.11.123;2023-03-30T02:00:11.123;2024-07-24T00:00:00.000;2024-07-24T23:59:59.000
8296;2023-03-30T02:06.11.123;2023-03-30T02:06:11.123;2024-07-24T00:00:00.000;2024-07-24T23:59:59.000
18940;2023-03-30T02:29.11.123;2023-03-30T02:29:11.123;2024-07-24T00:00:00.000;2024-07-24T23:59:59.000
33141;2023-03-30T02:29.11.123;2023-03-30T02:29:11.123;2024-07-24T00:00:00.000;2024-07-24T23:59:59.000
33783;2023-03-30T02:38.11.123;2023-03-30T02:38:11.123;2024-07-24T00:00:00.000;2024-07-24T23:59:59.000
9090;2023-03-30T02:48.11.123;2023-03-30T02:48:11.123;2024-07-24T00:00:00.000;2024-07-24T23:59:59.000
33141;2023-03-30T02:48.11.123;2023-03-30T02:48:11.123;2024-07-24T00:00:00.000;2024-07-24T23:59:59.000
17486;2023-03-30T03:00.11.123;2023-03-30T03:00:11.123;2024-07-24T00:00:00.000;2024-07-24T23:59:59.000
33141;2023-03-30T03:14.11.123;2023-03-30T03:14:11.123;2024-07-24T00:00:00.000;2024-07-24T23:59:59.000
37188;2023-03-30T03:15.11.123;2023-03-30T03:15:11.123;2024-07-24T00:00:00.000;2024-07-24T23:59:59.000
26919;2023-03-30T03:16.11.123;2023-03-30T03:16:11.123;2024-07-24T00:00:00.000;2024-07-24T23:59:59.000
35604;2023-03-30T03:35.11.123;2023-03-30T03:35:11.123;2024-07-24T00:00:00.000;2024-07-24T23:59:59.000
18841;2023-03-30T03:47.11.123;2023-03-30T03:47:11.123;2024-07-24T00:00:00.000;2024-07-24T23:59:59.000
37188;2023-03-30T03:53.11.123;2023-03-30T03:53:11.123;2024-07-24T00:00:00.000;2024-07-24T23:59:59.000
37188;2023-03-30T03:55.11.123;2023-03-30T03:55:11.123;2024-07-24T00:00:00.000;2024-07-24T23:59:59.000
26919;2023-03-30T04:01.11.123;2023-03-30T04:01:11.123;2024-07-24T00:00:00.000;2024-07-24T23:59:59.000
8103;2023-03-30T04:03.11.123;2023-03-30T04:03:11.123;2024-07-24T00:00:00.000;2024-07-24T23:59:59.000
18940;2023-03-30T04:04.11.123;2023-03-30T04:04:11.123;2024-07-24T00:00:00.000;2024-07-24T23:59:59.000
18940;2023-03-30T04:11.11.123;2023-03-30T04:11:11.123;2024-07-24T00:00:00.000;2024-07-24T23:59:59.000
8886;2023-03-30T04:19.11.123;2023-03-30T04:19:11.123;2024-07-24T00:00:00.000;2024-07-24T23:59:59.000
18940;2023-03-30T04:57.11.123;2023-03-30T04:57:11.123;2024-07-24T00:00:00.000;2024-07-24T23:59:59.000
18940;2023-03-30T05:03.11.123;2023-03-30T05:03:11.123;2024-07-24T00:00:00.000;2024-07-24T23:59:59.000
26020;2023-03-30T05:15.11.123;2023-03-30T05:15:11.123;2024-07-24T00:00:00.000;2024-07-24T23:59:59.000
17330;2023-03-30T05:24.11.123;2023-03-30T05:24:11.123;2024-07-24T00:00:00.000;2024-07-24T23:59:59.000
26919;2023-03-30T05:28.11.123;2023-03-30T05:28:11.123;2024-07-24T00:00:00.000;2024-07-24T23:59:59.000
18940;2023-03-30T05:29.11.123;2023-03-30T05:29:11.123;2024-07-24T00:00:00.000;2024-07-24T23:59:59.000
18902;2023-03-30T05:32.11.123;2023-03-30T05:32:11.123;2024-07-24T00:00:00.000;2024-07-24T23:59:59.000
18841;2023-03-30T05:32.11.123;2023-03-30T05:32:11.123;2024-07-24T00:00:00.000;2024-07-24T23:59:59.000
18940;2023-03-30T05:39.11.123;2023-03-30T05:39:11.123;2024-07-24T00:00:00.000;2024-07-24T23:59:59.000
18841;2023-03-30T05:42.11.123;2023-03-30T05:42:11.123;2024-07-24T00:00:00.000;2024-07-24T23:59:59.000
9618;2023-03-30T05:54.11.123;2023-03-30T05:54:11.123;2024-07-24T00:00:00.000;2024-07-24T23:59:59.000
26919;2023-03-30T05:55.11.123;2023-03-30T05:55:11.123;2024-07-24T00:00:00.000;2024-07-24T23:59:59.000
37815;2023-03-30T06:03.11.123;2023-03-30T06:03:11.123;2024-07-24T00:00:00.000;2024-07-24T23:59:59.000
9849;2023-03-30T06:08.11.123;2023-03-30T06:08:11.123;2024-07-24T00:00:00.000;2024-07-24T23:59:59.000
8639;2023-03-30T06:17.11.123;2023-03-30T06:17:11.123;2024-07-24T00:00:00.000;2024-07-24T23:59:59.000
9091;2023-03-30T07:03.11.123;2023-03-30T07:03:11.123;2024-07-24T00:00:00.000;2024-07-24T23:59:59.000
18940;2023-03-30T07:09.11.123;2023-03-30T07:09:11.123;2024-07-24T00:00:00.000;2024-07-24T23:59:59.000
37484;2023-03-30T07:10.11.123;2023-03-30T07:10:11.123;2024-07-24T00:00:00.000;2024-07-24T23:59:59.000
8103;2023-03-30T07:12.11.123;2023-03-30T07:12:11.123;2024-07-24T00:00:00.000;2024-07-24T23:59:59.000
18940;2023-03-30T07:12.11.123;2023-03-30T07:12:11.123;2024-07-24T00:00:00.000;2024-07-24T23:59:59.000
18492;2023-03-30T07:28.11.123;2023-03-30T07:28:11.123;2024-07-24T00:00:00.000;2024-07-24T23:59:59.000
9221;2023-03-30T07:30.11.123;2023-03-30T07:30:11.123;2024-07-24T00:00:00.000;2024-07-24T23:59:59.000
18900;2023-03-30T07:54.11.123;2023-03-30T07:54:11.123;2024-07-24T00:00:00.000;2024-07-24T23:59:59.000
8639;2023-03-30T08:00.11.123;2023-03-30T08:00:11.123;2024-07-24T00:00:00.000;2024-07-24T23:59:59.000
18940;2023-03-30T08:10.11.123;2023-03-30T08:10:11.123;2024-07-24T00:00:00.000;2024-07-24T23:59:59.000
24780;2023-03-30T08:11.11.123;2023-03-30T08:11:11.123;2024-07-24T00:00:00.000;2024-07-24T23:59:59.000
24780;2023-03-30T08:19.11.123;2023-03-30T08:19:11.123;2024-07-24T00:00:00.000;2024-07-24T23:59:59.000
37484;2023-03-30T08:19.11.123;2023-03-30T08:19:11.123;2024-07-24T00:00:00.000;2024-07-24T23:59:59.000
9090;2023-03-30T08:21.11.123;2023-03-30T08:21:11.123;2024-07-24T00:00:00.000;2024-07-24T23:59:59.000
9849;2023-03-30T08:23.11.123;2023-03-30T08:23:11.123;2024-07-24T00:00:00.000;2024-07-24T23:59:59.000
36634;2023-03-30T08:24.11.123;2023-03-30T08:24:11.123;2024-07-24T00:00:00.000;2024-07-24T23:59:59.000
8977;2023-03-30T08:32.11.123;2023-03-30T08:32:11.123;2024-07-24T00:00:00.000;2024-07-24T23:59:59.000
8886;2023-03-30T08:33.11.123;2023-03-30T08:33:11.123;2024-07-24T00:00:00.000;2024-07-24T23:59:59.000
26919;2023-03-30T08:58.11.123;2023-03-30T08:58:11.123;2024-07-24T00:00:00.000;2024-07-24T23:59:59.000
9091;2023-03-30T09:00.11.123;2023-03-30T09:00:11.123;2024-07-24T00:00:00.000;2024-07-24T23:59:59.000
18940;2023-03-30T09:03.11.123;2023-03-30T09:03:11.123;2024-07-24T00:00:00.000;2024-07-24T23:59:59.000
18841;2023-03-30T09:09.11.123;2023-03-30T09:09:11.123;2024-07-24T00:00:00.000;2024-07-24T23:59:59.000
9091;2023-03-30T09:10.11.123;2023-03-30T09:10:11.123;2024-07-24T00:00:00.000;2024-07-24T23:59:59.000
8296;2023-03-30T09:19.11.123;2023-03-30T09:19:11.123;2024-07-24T00:00:00.000;2024-07-24T23:59:59.000
8296;2023-03-30T09:24.11.123;2023-03-30T09:24:11.123;2024-07-24T00:00:00.000;2024-07-24T23:59:59.000
33141;2023-03-30T09:27.11.123;2023-03-30T09:27:11.123;2024-07-24T00:00:00.000;2024-07-24T23:59:59.000
8296;2023-03-30T09:40.11.123;2023-03-30T09:40:11.123;2024-07-24T00:00:00.000;2024-07-24T23:59:59.000
18940;2023-03-30T09:41.11.123;2023-03-30T09:41:11.123;2024-07-24T00:00:00.000;2024-07-24T23:59:59.000
18940;2023-03-30T09:44.11.123;2023-03-30T09:44:11.123;2024-07-24T00:00:00.000;2024-07-24T23:59:59.000
18940;2023-03-30T10:01.11.123;2023-03-30T10:01:11.123;2024-07-24T00:00:00.000;2024-07-24T23:59:59.000
18940;2023-03-30T10:08.11.123;2023-03-30T10:08:11.123;2024-07-24T00:00:00.000;2024-07-24T23:59:59.000
14959;2023-03-30T10:09.11.123;2023-03-30T10:09:11.123;2024-07-24T00:00:00.000;2024-07-24T23:59:59.000
18940;2023-03-30T10:21.11.123;2023-03-30T10:21:11.123;2024-07-24T00:00:00.000;2024-07-24T23:59:59.000
37704;2023-03-30T10:22.11.123;2023-03-30T10:22:11.123;2024-07-24T00:00:00.000;2024-07-24T23:59:59.000
24780;2023-03-30T10:25.11.123;2023-03-30T10:25:11.123;2024-07-24T00:00:00.000;2024-07-24T23:59:59.000
35791;2023-03-30T10:28.11.123;2023-03-30T10:28:11.123;2024-07-24T00:00:00.000;2024-07-24T23:59:59.000
37894;2023-03-30T10:35.11.123;2023-03-30T10:35:11.123;2024-07-24T00:00:00.000;2024-07-24T23:59:59.000
26919;2023-03-30T10:56.11.123;2023-03-30T10:56:11.123;2024-07-24T00:00:00.000;2024-07-24T23:59:59.000
8352;2023-03-30T11:01.11.123;2023-03-30T11:01:11.123;2024-07-24T00:00:00.000;2024-07-24T23:59:59.000
18940;2023-03-30T11:06.11.123;2023-03-30T11:06:11.123;2024-07-24T00:00:00.000;2024-07-24T23:59:59.000
33783;2023-03-30T11:10.11.123;2023-03-30T11:10:11.123;2024-07-24T00:00:00.000;2024-07-24T23:59:59.000
24780;2023-03-30T11:23.11.123;2023-03-30T11:23:11.123;2024-07-24T00:00:00.000;2024-07-24T23:59:59.000
37894;2023-03-30T11:30.11.123;2023-03-30T11:30:11.123;2024-07-24T00:00:00.000;2024-07-24T23:59:59.000
37484;2023-03-30T11:31.11.123;2023-03-30T11:31:11.123;2024-07-24T00:00:00.000;2024-07-24T23:59:59.000
8296;2023-03-30T11:32.11.123;2023-03-30T11:32:11.123;2024-07-24T00:00:00.000;2024-07-24T23:59:59.000
18940;2023-03-30T11:33.11.123;2023-03-30T11:33:11.123;2024-07-24T00:00:00.000;2024-07-24T23:59:59.000
8296;2023-03-30T11:51.11.123;2023-03-30T11:51:11.123;2024-07-24T00:00:00.000;2024-07-24T23:59:59.000
37565;2023-03-30T11:53.11.123;2023-03-30T11:53:11.123;2024-07-24T00:00:00.000;2024-07-24T23:59:59.000
33906;2023-03-30T11:55.11.123;2023-03-30T11:55:11.123;2024-07-24T00:00:00.000;2024-07-24T23:59:59.000
37484;2023-03-30T12:02.11.123;2023-03-30T12:02:11.123;2024-07-24T00:00:00.000;2024-07-24T23:59:59.000
26919;2023-03-30T12:04.11.123;2023-03-30T12:04:11.123;2024-07-24T00:00:00.000;2024-07-24T23:59:59.000
18900;2023-03-30T12:04.11.123;2023-03-30T12:04:11.123;2024-07-24T00:00:00.000;2024-07-24T23:59:59.000
8296;2023-03-30T12:10.11.123;2023-03-30T12:10:11.123;2024-07-24T00:00:00.000;2024-07-24T23:59:59.000
18940;2023-03-30T12:17.11.123;2023-03-30T12:17:11.123;2024-07-24T00:00:00.000;2024-07-24T23:59:59.000
35014;2023-03-30T12:30.11.123;2023-03-30T12:30:11.123;2024-07-24T00:00:00.000;2024-07-24T23:59:59.000
8851;2023-03-30T12:33.11.123;2023-03-30T12:33:11.123;2024-07-24T00:00:00.000;2024-07-24T23:59:59.000
24780;2023-03-30T12:35.11.123;2023-03-30T12:35:11.123;2024-07-24T00:00:00.000;2024-07-24T23:59:59.000
35513;2023-03-30T12:36.11.123;2023-03-30T12:36:11.123;2024-07-24T00:00:00.000;2024-07-24T23:59:59.000
8450;2023-03-30T12:37.11.123;2023-03-30T12:37:11.123;2024-07-24T00:00:00.000;2024-07-24T23:59:59.000
12598;2023-03-30T12:39.11.123;2023-03-30T12:39:11.123;2024-07-24T00:00:00.000;2024-07-24T23:59:59.000
18940;2023-03-30T12:52.11.123;2023-03-30T12:52:11.123;2024-07-24T00:00:00.000;2024-07-24T23:59:59.000
9090;2023-03-31T01:32.11.123;2023-03-31T01:32:11.123;2024-07-24T00:00:00.000;2024-07-24T23:59:59.000
33806;2023-03-31T02:33.11.123;2023-03-31T02:33:11.123;2024-07-24T00:00:00.000;2024-07-24T23:59:59.000
18940;2023-03-31T03:16.11.123;2023-03-31T03:16:11.123;2024-07-24T00:00:00.000;2024-07-24T23:59:59.000
37188;2023-03-31T03:18.11.123;2023-03-31T03:18:11.123;2024-07-24T00:00:00.000;2024-07-24T23:59:59.000
18940;2023-03-31T03:48.11.123;2023-03-31T03:48:11.123;2024-07-24T00:00:00.000;2024-07-24T23:59:59.000
37943;2023-03-31T04:03.11.123;2023-03-31T04:03:11.123;2024-07-24T00:00:00.000;2024-07-24T23:59:59.000
8296;2023-03-31T04:03.11.123;2023-03-31T04:03:11.123;2024-07-24T00:00:00.000;2024-07-24T23:59:59.000
18940;2023-03-31T04:05.11.123;2023-03-31T04:05:11.123;2024-07-24T00:00:00.000;2024-07-24T23:59:59.000
18940;2023-03-31T04:26.11.123;2023-03-31T04:26:11.123;2024-07-24T00:00:00.000;2024-07-24T23:59:59.000
18841;2023-03-31T04:32.11.123;2023-03-31T04:32:11.123;2024-07-24T00:00:00.000;2024-07-24T23:59:59.000
18940;2023-03-31T05:19.11.123;2023-03-31T05:19:11.123;2024-07-24T00:00:00.000;2024-07-24T23:59:59.000
18940;2023-03-31T05:20.11.123;2023-03-31T05:20:11.123;2024-07-24T00:00:00.000;2024-07-24T23:59:59.000
36966;2023-03-31T05:26.11.123;2023-03-31T05:26:11.123;2024-07-24T00:00:00.000;2024-07-24T23:59:59.000
18940;2023-03-31T06:14.11.123;2023-03-31T06:14:11.123;2024-07-24T00:00:00.000;2024-07-24T23:59:59.000
37943;2023-03-31T06:24.11.123;2023-03-31T06:24:11.123;2024-07-24T00:00:00.000;2024-07-24T23:59:59.000
18841;2023-03-31T06:29.11.123;2023-03-31T06:29:11.123;2024-07-24T00:00:00.000;2024-07-24T23:59:59.000
8296;2023-03-31T07:03.11.123;2023-03-31T07:03:11.123;2024-07-24T00:00:00.000;2024-07-24T23:59:59.000
25656;2023-03-31T07:07.11.123;2023-03-31T07:07:11.123;2024-07-24T00:00:00.000;2024-07-24T23:59:59.000
25656;2023-03-31T07:07.11.123;2023-03-31T07:07:11.123;2024-07-24T00:00:00.000;2024-07-24T23:59:59.000
18841;2023-03-31T07:54.11.123;2023-03-31T07:54:11.123;2024-07-24T00:00:00.000;2024-07-24T23:59:59.000
25656;2023-03-31T08:16.11.123;2023-03-31T08:16:11.123;2024-07-24T00:00:00.000;2024-07-24T23:59:59.000
18940;2023-03-31T08:37.11.123;2023-03-31T08:37:11.123;2024-07-24T00:00:00.000;2024-07-24T23:59:59.000
18940;2023-03-31T08:48.11.123;2023-03-31T08:48:11.123;2024-07-24T00:00:00.000;2024-07-24T23:59:59.000
8450;2023-03-31T08:53.11.123;2023-03-31T08:53:11.123;2024-07-24T00:00:00.000;2024-07-24T23:59:59.000
18940;2023-03-31T09:12.11.123;2023-03-31T09:12:11.123;2024-07-24T00:00:00.000;2024-07-24T23:59:59.000
36966;2023-03-31T09:25.11.123;2023-03-31T09:25:11.123;2024-07-24T00:00:00.000;2024-07-24T23:59:59.000
37189;2023-03-31T10:11.11.123;2023-03-31T10:11:11.123;2024-07-24T00:00:00.000;2024-07-24T23:59:59.000
36966;2023-03-31T10:29.11.123;2023-03-31T10:29:11.123;2024-07-24T00:00:00.000;2024-07-24T23:59:59.000
38418;2023-03-31T10:52.11.123;2023-03-31T10:52:11.123;2024-07-24T00:00:00.000;2024-07-24T23:59:59.000
34273;2023-03-31T10:57.11.123;2023-03-31T10:57:11.123;2024-07-24T00:00:00.000;2024-07-24T23:59:59.000
18687;2023-03-31T11:39.11.123;2023-03-31T11:39:11.123;2024-07-24T00:00:00.000;2024-07-24T23:59:59.000
15559;2023-03-31T11:49.11.123;2023-03-31T11:49:11.123;2024-07-24T00:00:00.000;2024-07-24T23:59:59.000
18940;2023-03-31T12:49.11.123;2023-03-31T12:49:11.123;2024-07-24T00:00:00.000;2024-07-24T23:59:59.000
8103;2023-03-31T01:00.11.123;2023-03-31T01:00:11.123;2024-07-24T00:00:00.000;2024-07-24T23:59:59.000
33906;2023-03-31T01:07.11.123;2023-03-31T01:07:11.123;2024-07-24T00:00:00.000;2024-07-24T23:59:59.000
18841;2023-03-31T01:14.11.123;2023-03-31T01:14:11.123;2024-07-24T00:00:00.000;2024-07-24T23:59:59.000
20958;2023-03-31T01:24.11.123;2023-03-31T01:24:11.123;2024-07-24T00:00:00.000;2024-07-24T23:59:59.000
33806;2023-03-31T01:29.11.123;2023-03-31T01:29:11.123;2024-07-24T00:00:00.000;2024-07-24T23:59:59.000
24780;2023-03-31T01:33.11.123;2023-03-31T01:33:11.123;2024-07-24T00:00:00.000;2024-07-24T23:59:59.000
38418;2023-03-31T01:38.11.123;2023-03-31T01:38:11.123;2024-07-24T00:00:00.000;2024-07-24T23:59:59.000
8977;2023-03-31T01:45.11.123;2023-03-31T01:45:11.123;2024-07-24T00:00:00.000;2024-07-24T23:59:59.000
8607;2023-03-31T02:40.11.123;2023-03-31T02:40:11.123;2024-07-24T00:00:00.000;2024-07-24T23:59:59.000
37704;2023-03-31T09:14.11.123;2023-03-31T09:14:11.123;2024-07-24T00:00:00.000;2024-07-24T23:59:59.000
18940;2023-03-31T09:55.11.123;2023-03-31T09:55:11.123;2024-07-24T00:00:00.000;2024-07-24T23:59:59.000
20958;2023-03-31T10:14.11.123;2023-03-31T10:14:11.123;2024-07-24T00:00:00.000;2024-07-24T23:59:59.000
18940;2023-03-31T11:22.11.123;2023-03-31T11:22:11.123;2024-07-24T00:00:00.000;2024-07-24T23:59:59.000
18940;2023-03-31T12:06.11.123;2023-03-31T12:06:11.123;2024-07-24T00:00:00.000;2024-07-24T23:59:59.000
8607;2023-03-31T12:49.11.123;2023-03-31T12:49:11.123;2024-07-24T00:00:00.000;2024-07-24T23:59:59.000
18841;2023-03-31T12:52.11.123;2023-03-31T12:52:11.123;2024-07-24T00:00:00.000;2024-07-24T23:59:59.000
18940;2023-04-01T09:38.11.123;2023-04-01T09:38:11.123;2024-07-24T00:00:00.000;2024-07-24T23:59:59.000
33141;2023-04-02T02:22.11.123;2023-04-02T02:22:11.123;2024-07-24T00:00:00.000;2024-07-24T23:59:59.000
18940;2023-04-02T04:28.11.123;2023-04-02T04:28:11.123;2024-07-24T00:00:00.000;2024-07-24T23:59:59.000
37943;2023-04-02T05:44.11.123;2023-04-02T05:44:11.123;2024-07-24T00:00:00.000;2024-07-24T23:59:59.000
24780;2023-04-02T05:53.11.123;2023-04-02T05:53:11.123;2024-07-24T00:00:00.000;2024-07-24T23:59:59.000
24780;2023-04-02T05:54.11.123;2023-04-02T05:54:11.123;2024-07-24T00:00:00.000;2024-07-24T23:59:59.000
18940;2023-04-02T06:19.11.123;2023-04-02T06:19:11.123;2024-07-24T00:00:00.000;2024-07-24T23:59:59.000
18940;2023-04-02T06:42.11.123;2023-04-02T06:42:11.123;2024-07-24T00:00:00.000;2024-07-24T23:59:59.000
18841;2023-04-02T06:51.11.123;2023-04-02T06:51:11.123;2024-07-24T00:00:00.000;2024-07-24T23:59:59.000
18940;2023-04-02T07:11.11.123;2023-04-02T07:11:11.123;2024-07-24T00:00:00.000;2024-07-24T23:59:59.000
18940;2023-04-02T07:26.11.123;2023-04-02T07:26:11.123;2024-07-24T00:00:00.000;2024-07-24T23:59:59.000
8296;2023-04-02T07:28.11.123;2023-04-02T07:28:11.123;2024-07-24T00:00:00.000;2024-07-24T23:59:59.000
37484;2023-04-02T07:29.11.123;2023-04-02T07:29:11.123;2024-07-24T00:00:00.000;2024-07-24T23:59:59.000
8296;2023-04-02T07:30.11.123;2023-04-02T07:30:11.123;2024-07-24T00:00:00.000;2024-07-24T23:59:59.000
8296;2023-04-02T08:34.11.123;2023-04-02T08:34:11.123;2024-07-24T00:00:00.000;2024-07-24T23:59:59.000
18940;2023-04-02T10:00.11.123;2023-04-02T10:00:11.123;2024-07-24T00:00:00.000;2024-07-24T23:59:59.000
8296;2023-04-02T10:09.11.123;2023-04-02T10:09:11.123;2024-07-24T00:00:00.000;2024-07-24T23:59:59.000
9091;2023-04-02T10:11.11.123;2023-04-02T10:11:11.123;2024-07-24T00:00:00.000;2024-07-24T23:59:59.000
8450;2023-04-12T07:28.11.123;2023-04-12T07:28:11.123;2024-07-24T00:00:00.000;2024-07-24T23:59:59.000
18940;2023-04-02T09:50.11.123;2023-04-02T09:50:11.123;2024-07-24T00:00:00.000;2024-07-24T23:59:59.000
8296;2023-04-03T12:28.11.123;2023-04-03T12:28:11.123;2024-07-24T00:00:00.000;2024-07-24T23:59:59.000
24780;2023-04-08T11:15.11.123;2023-04-08T11:15:11.123;2024-07-24T00:00:00.000;2024-07-24T23:59:59.000
18940;2023-04-02T08:50.11.123;2023-04-02T08:50:11.123;2024-07-24T00:00:00.000;2024-07-24T23:59:59.000
8977;2023-04-03T10:27.11.123;2023-04-03T10:27:11.123;2024-07-24T00:00:00.000;2024-07-24T23:59:59.000
18940;2023-04-03T12:25.11.123;2023-04-03T12:25:11.123;2024-07-24T00:00:00.000;2024-07-24T23:59:59.000
35206;2023-04-13T08:16.11.123;2023-04-13T08:16:11.123;2024-07-24T00:00:00.000;2024-07-24T23:59:59.000
18940;2023-04-14T08:46.11.123;2023-04-14T08:46:11.123;2024-07-24T00:00:00.000;2024-07-24T23:59:59.000
9091;2023-04-17T04:16.11.123;2023-04-17T04:16:11.123;2024-07-24T00:00:00.000;2024-07-24T23:59:59.000
18940;2023-04-17T04:26.11.123;2023-04-17T04:26:11.123;2024-07-24T00:00:00.000;2024-07-24T23:59:59.000
19547;2023-04-17T04:31.11.123;2023-04-17T04:31:11.123;2024-07-24T00:00:00.000;2024-07-24T23:59:59.000
24780;2023-04-17T12:23.11.123;2023-04-17T12:23:11.123;2024-07-24T00:00:00.000;2024-07-24T23:59:59.000
9454;2023-04-18T04:10.11.123;2023-04-18T04:10:11.123;2024-07-24T00:00:00.000;2024-07-24T23:59:59.000
18940;2023-04-18T04:19.11.123;2023-04-18T04:19:11.123;2024-07-24T00:00:00.000;2024-07-24T23:59:59.000
35839;2023-04-20T07:00.11.123;2023-04-20T07:00:11.123;2024-07-24T00:00:00.000;2024-07-24T23:59:59.000
16158;2023-04-20T07:59.11.123;2023-04-20T07:59:11.123;2024-07-24T00:00:00.000;2024-07-24T23:59:59.000
8851;2023-04-20T11:40.11.123;2023-04-20T11:40:11.123;2024-07-24T00:00:00.000;2024-07-24T23:59:59.000
12598;2023-04-20T12:24.11.123;2023-04-20T12:24:11.123;2024-07-24T00:00:00.000;2024-07-24T23:59:59.000
18940;2023-04-21T09:00.11.123;2023-04-21T09:00:11.123;2024-07-24T00:00:00.000;2024-07-24T23:59:59.000
35206;2023-04-21T09:07.11.123;2023-04-21T09:07:11.123;2024-07-24T00:00:00.000;2024-07-24T23:59:59.000
33906;2023-04-23T02:49.11.123;2023-04-23T02:49:11.123;2024-07-24T00:00:00.000;2024-07-24T23:59:59.000
16733;2023-04-23T03:36.11.123;2023-04-23T03:36:11.123;2024-07-24T00:00:00.000;2024-07-24T23:59:59.000
18940;2023-04-23T03:54.11.123;2023-04-23T03:54:11.123;2024-07-24T00:00:00.000;2024-07-24T23:59:59.000
18940;2023-04-23T04:09.11.123;2023-04-23T04:09:11.123;2024-07-24T00:00:00.000;2024-07-24T23:59:59.000
8296;2023-04-23T04:16.11.123;2023-04-23T04:16:11.123;2024-07-24T00:00:00.000;2024-07-24T23:59:59.000
8352;2023-04-23T04:43.11.123;2023-04-23T04:43:11.123;2024-07-24T00:00:00.000;2024-07-24T23:59:59.000
8296;2023-04-23T04:43.11.123;2023-04-23T04:43:11.123;2024-07-24T00:00:00.000;2024-07-24T23:59:59.000
34605;2023-04-23T04:51.11.123;2023-04-23T04:51:11.123;2024-07-24T00:00:00.000;2024-07-24T23:59:59.000
24780;2023-04-23T05:36.11.123;2023-04-23T05:36:11.123;2024-07-24T00:00:00.000;2024-07-24T23:59:59.000
32919;2023-04-23T05:52.11.123;2023-04-23T05:52:11.123;2024-07-24T00:00:00.000;2024-07-24T23:59:59.000
18940;2023-04-23T06:08.11.123;2023-04-23T06:08:11.123;2024-07-24T00:00:00.000;2024-07-24T23:59:59.000
18900;2023-04-23T06:21.11.123;2023-04-23T06:21:11.123;2024-07-24T00:00:00.000;2024-07-24T23:59:59.000
8296;2023-04-23T06:34.11.123;2023-04-23T06:34:11.123;2024-07-24T00:00:00.000;2024-07-24T23:59:59.000
18940;2023-04-23T06:48.11.123;2023-04-23T06:48:11.123;2024-07-24T00:00:00.000;2024-07-24T23:59:59.000
18940;2023-04-23T06:48.11.123;2023-04-23T06:48:11.123;2024-07-24T00:00:00.000;2024-07-24T23:59:59.000
18940;2023-04-23T06:48.11.123;2023-04-23T06:48:11.123;2024-07-24T00:00:00.000;2024-07-24T23:59:59.000
8296;2023-04-23T07:05.11.123;2023-04-23T07:05:11.123;2024-07-24T00:00:00.000;2024-07-24T23:59:59.000
8296;2023-04-23T07:07.11.123;2023-04-23T07:07:11.123;2024-07-24T00:00:00.000;2024-07-24T23:59:59.000
37943;2023-04-23T07:33.11.123;2023-04-23T07:33:11.123;2024-07-24T00:00:00.000;2024-07-24T23:59:59.000
18492;2023-04-23T07:50.11.123;2023-04-23T07:50:11.123;2024-07-24T00:00:00.000;2024-07-24T23:59:59.000
18940;2023-04-23T08:17.11.123;2023-04-23T08:17:11.123;2024-07-24T00:00:00.000;2024-07-24T23:59:59.000
18940;2023-04-23T09:05.11.123;2023-04-23T09:05:11.123;2024-07-24T00:00:00.000;2024-07-24T23:59:59.000
8296;2023-04-23T09:15.11.123;2023-04-23T09:15:11.123;2024-07-24T00:00:00.000;2024-07-24T23:59:59.000
18940;2023-04-23T09:40.11.123;2023-04-23T09:40:11.123;2024-07-24T00:00:00.000;2024-07-24T23:59:59.000
18841;2023-04-23T11:06.11.123;2023-04-23T11:06:11.123;2024-07-24T00:00:00.000;2024-07-24T23:59:59.000
18940;2023-04-23T11:22.11.123;2023-04-23T11:22:11.123;2024-07-24T00:00:00.000;2024-07-24T23:59:59.000
9090;2023-04-24T02:32.11.123;2023-04-24T02:32:11.123;2024-07-24T00:00:00.000;2024-07-24T23:59:59.000
18940;2023-04-24T02:46.11.123;2023-04-24T02:46:11.123;2024-07-24T00:00:00.000;2024-07-24T23:59:59.000
33906;2023-04-24T04:04.11.123;2023-04-24T04:04:11.123;2024-07-24T00:00:00.000;2024-07-24T23:59:59.000
37188;2023-04-24T04:06.11.123;2023-04-24T04:06:11.123;2024-07-24T00:00:00.000;2024-07-24T23:59:59.000
18940;2023-04-24T04:19.11.123;2023-04-24T04:19:11.123;2024-07-24T00:00:00.000;2024-07-24T23:59:59.000
33906;2023-04-24T04:34.11.123;2023-04-24T04:34:11.123;2024-07-24T00:00:00.000;2024-07-24T23:59:59.000
18940;2023-04-24T04:46.11.123;2023-04-24T04:46:11.123;2024-07-24T00:00:00.000;2024-07-24T23:59:59.000
18492;2023-04-24T05:40.11.123;2023-04-24T05:40:11.123;2024-07-24T00:00:00.000;2024-07-24T23:59:59.000
9618;2023-04-24T07:01.11.123;2023-04-24T07:01:11.123;2024-07-24T00:00:00.000;2024-07-24T23:59:59.000
35323;2023-04-24T07:02.11.123;2023-04-24T07:02:11.123;2024-07-24T00:00:00.000;2024-07-24T23:59:59.000
37943;2023-04-24T10:42.11.123;2023-04-24T10:42:11.123;2024-07-24T00:00:00.000;2024-07-24T23:59:59.000
37943;2023-04-24T10:47.11.123;2023-04-24T10:47:11.123;2024-07-24T00:00:00.000;2024-07-24T23:59:59.000
37484;2023-04-24T10:51.11.123;2023-04-24T10:51:11.123;2024-07-24T00:00:00.000;2024-07-24T23:59:59.000
37219;2023-04-24T11:09.11.123;2023-04-24T11:09:11.123;2024-07-24T00:00:00.000;2024-07-24T23:59:59.000
9618;2023-04-24T11:19.11.123;2023-04-24T11:19:11.123;2024-07-24T00:00:00.000;2024-07-24T23:59:59.000
18940;2023-04-24T12:51.11.123;2023-04-24T12:51:11.123;2024-07-24T00:00:00.000;2024-07-24T23:59:59.000
18940;2023-04-24T12:55.11.123;2023-04-24T12:55:11.123;2024-07-24T00:00:00.000;2024-07-24T23:59:59.000
17330;2023-04-25T01:39.11.123;2023-04-25T01:39:11.123;2024-07-24T00:00:00.000;2024-07-24T23:59:59.000
37943;2023-04-25T01:41.11.123;2023-04-25T01:41:11.123;2024-07-24T00:00:00.000;2024-07-24T23:59:59.000
18940;2023-05-04T11:34.11.123;2023-05-04T11:34:11.123;2024-07-24T00:00:00.000;2024-07-24T23:59:59.000
33906;2023-05-05T02:43.11.123;2023-05-05T02:43:11.123;2024-07-24T00:00:00.000;2024-07-24T23:59:59.000
18902;2023-05-05T02:55.11.123;2023-05-05T02:55:11.123;2024-07-24T00:00:00.000;2024-07-24T23:59:59.000
18841;2023-05-05T03:11.11.123;2023-05-05T03:11:11.123;2024-07-24T00:00:00.000;2024-07-24T23:59:59.000
8977;2023-05-05T03:32.11.123;2023-05-05T03:32:11.123;2024-07-24T00:00:00.000;2024-07-24T23:59:59.000
18940;2023-05-05T06:11.11.123;2023-05-05T06:11:11.123;2024-07-24T00:00:00.000;2024-07-24T23:59:59.000
18940;2023-05-05T12:22.11.123;2023-05-05T12:22:11.123;2024-07-24T00:00:00.000;2024-07-24T23:59:59.000
18940;2023-05-09T04:07.11.123;2023-05-09T04:07:11.123;2024-07-24T00:00:00.000;2024-07-24T23:59:59.000
18841;2023-05-11T10:48.11.123;2023-05-11T10:48:11.123;2024-07-24T00:00:00.000;2024-07-24T23:59:59.000
18940;2023-05-12T05:50.11.123;2023-05-12T05:50:11.123;2024-07-24T00:00:00.000;2024-07-24T23:59:59.000
33141;2023-05-12T09:15.11.123;2023-05-12T09:15:11.123;2024-07-24T00:00:00.000;2024-07-24T23:59:59.000
18940;2023-04-24T10:22.11.123;2023-04-24T10:22:11.123;2024-07-24T00:00:00.000;2024-07-24T23:59:59.000
33906;2023-04-25T03:36.11.123;2023-04-25T03:36:11.123;2024-07-24T00:00:00.000;2024-07-24T23:59:59.000
10395;2023-05-04T10:32.11.123;2023-05-04T10:32:11.123;2024-07-24T00:00:00.000;2024-07-24T23:59:59.000
14959;2023-05-04T11:08.11.123;2023-05-04T11:08:11.123;2024-07-24T00:00:00.000;2024-07-24T23:59:59.000
31685;2023-05-04T11:22.11.123;2023-05-04T11:22:11.123;2024-07-24T00:00:00.000;2024-07-24T23:59:59.000
18940;2023-05-04T11:27.11.123;2023-05-04T11:27:11.123;2024-07-24T00:00:00.000;2024-07-24T23:59:59.000
18940;2023-05-05T01:55.11.123;2023-05-05T01:55:11.123;2024-07-24T00:00:00.000;2024-07-24T23:59:59.000
37189;2023-05-05T02:16.11.123;2023-05-05T02:16:11.123;2024-07-24T00:00:00.000;2024-07-24T23:59:59.000
18492;2023-05-05T02:42.11.123;2023-05-05T02:42:11.123;2024-07-24T00:00:00.000;2024-07-24T23:59:59.000
37189;2023-05-05T03:12.11.123;2023-05-05T03:12:11.123;2024-07-24T00:00:00.000;2024-07-24T23:59:59.000
33906;2023-05-05T03:31.11.123;2023-05-05T03:31:11.123;2024-07-24T00:00:00.000;2024-07-24T23:59:59.000
18492;2023-05-05T03:31.11.123;2023-05-05T03:31:11.123;2024-07-24T00:00:00.000;2024-07-24T23:59:59.000
8450;2023-05-05T03:33.11.123;2023-05-05T03:33:11.123;2024-07-24T00:00:00.000;2024-07-24T23:59:59.000
18940;2023-05-05T03:34.11.123;2023-05-05T03:34:11.123;2024-07-24T00:00:00.000;2024-07-24T23:59:59.000
9436;2023-05-05T03:36.11.123;2023-05-05T03:36:11.123;2024-07-24T00:00:00.000;2024-07-24T23:59:59.000
18940;2023-05-05T03:47.11.123;2023-05-05T03:47:11.123;2024-07-24T00:00:00.000;2024-07-24T23:59:59.000
18940;2023-05-05T03:48.11.123;2023-05-05T03:48:11.123;2024-07-24T00:00:00.000;2024-07-24T23:59:59.000
12987;2023-05-05T03:57.11.123;2023-05-05T03:57:11.123;2024-07-24T00:00:00.000;2024-07-24T23:59:59.000
12598;2023-05-05T04:34.11.123;2023-05-05T04:34:11.123;2024-07-24T00:00:00.000;2024-07-24T23:59:59.000
9090;2023-05-05T05:02.11.123;2023-05-05T05:02:11.123;2024-07-24T00:00:00.000;2024-07-24T23:59:59.000
21463;2023-05-05T05:06.11.123;2023-05-05T05:06:11.123;2024-07-24T00:00:00.000;2024-07-24T23:59:59.000
16733;2023-05-05T05:09.11.123;2023-05-05T05:09:11.123;2024-07-24T00:00:00.000;2024-07-24T23:59:59.000
36966;2023-05-05T05:12.11.123;2023-05-05T05:12:11.123;2024-07-24T00:00:00.000;2024-07-24T23:59:59.000
18940;2023-05-05T05:14.11.123;2023-05-05T05:14:11.123;2024-07-24T00:00:00.000;2024-07-24T23:59:59.000
18940;2023-05-05T05:22.11.123;2023-05-05T05:22:11.123;2024-07-24T00:00:00.000;2024-07-24T23:59:59.000
37189;2023-05-05T05:45.11.123;2023-05-05T05:45:11.123;2024-07-24T00:00:00.000;2024-07-24T23:59:59.000
18841;2023-05-05T05:51.11.123;2023-05-05T05:51:11.123;2024-07-24T00:00:00.000;2024-07-24T23:59:59.000
18900;2023-05-05T05:59.11.123;2023-05-05T05:59:11.123;2024-07-24T00:00:00.000;2024-07-24T23:59:59.000
37565;2023-05-05T06:36.11.123;2023-05-05T06:36:11.123;2024-07-24T00:00:00.000;2024-07-24T23:59:59.000
18841;2023-05-05T06:39.11.123;2023-05-05T06:39:11.123;2024-07-24T00:00:00.000;2024-07-24T23:59:59.000
18687;2023-05-05T06:43.11.123;2023-05-05T06:43:11.123;2024-07-24T00:00:00.000;2024-07-24T23:59:59.000
12987;2023-05-05T07:25.11.123;2023-05-05T07:25:11.123;2024-07-24T00:00:00.000;2024-07-24T23:59:59.000
24780;2023-05-05T07:25.11.123;2023-05-05T07:25:11.123;2024-07-24T00:00:00.000;2024-07-24T23:59:59.000
18841;2023-05-05T12:03.11.123;2023-05-05T12:03:11.123;2024-07-24T00:00:00.000;2024-07-24T23:59:59.000
18940;2023-05-05T12:26.11.123;2023-05-05T12:26:11.123;2024-07-24T00:00:00.000;2024-07-24T23:59:59.000
31685;2023-05-05T12:58.11.123;2023-05-05T12:58:11.123;2024-07-24T00:00:00.000;2024-07-24T23:59:59.000
18940;2023-05-08T04:26.11.123;2023-05-08T04:26:11.123;2024-07-24T00:00:00.000;2024-07-24T23:59:59.000
18940;2023-05-08T04:28.11.123;2023-05-08T04:28:11.123;2024-07-24T00:00:00.000;2024-07-24T23:59:59.000
35604;2023-05-08T04:29.11.123;2023-05-08T04:29:11.123;2024-07-24T00:00:00.000;2024-07-24T23:59:59.000
18687;2023-05-08T04:33.11.123;2023-05-08T04:33:11.123;2024-07-24T00:00:00.000;2024-07-24T23:59:59.000
18940;2023-05-09T04:08.11.123;2023-05-09T04:08:11.123;2024-07-24T00:00:00.000;2024-07-24T23:59:59.000
33906;2023-05-09T04:11.11.123;2023-05-09T04:11:11.123;2024-07-24T00:00:00.000;2024-07-24T23:59:59.000
33906;2023-05-09T04:16.11.123;2023-05-09T04:16:11.123;2024-07-24T00:00:00.000;2024-07-24T23:59:59.000
18492;2023-05-09T04:25.11.123;2023-05-09T04:25:11.123;2024-07-24T00:00:00.000;2024-07-24T23:59:59.000
21463;2023-05-09T04:42.11.123;2023-05-09T04:42:11.123;2024-07-24T00:00:00.000;2024-07-24T23:59:59.000
9454;2023-05-11T08:14.11.123;2023-05-11T08:14:11.123;2024-07-24T00:00:00.000;2024-07-24T23:59:59.000
33141;2023-05-11T09:55.11.123;2023-05-11T09:55:11.123;2024-07-24T00:00:00.000;2024-07-24T23:59:59.000
18940;2023-05-11T11:54.11.123;2023-05-11T11:54:11.123;2024-07-24T00:00:00.000;2024-07-24T23:59:59.000
37741;2023-05-12T02:51.11.123;2023-05-12T02:51:11.123;2024-07-24T00:00:00.000;2024-07-24T23:59:59.000
15559;2023-05-12T03:23.11.123;2023-05-12T03:23:11.123;2024-07-24T00:00:00.000;2024-07-24T23:59:59.000
18841;2023-05-12T03:25.11.123;2023-05-12T03:25:11.123;2024-07-24T00:00:00.000;2024-07-24T23:59:59.000
37741;2023-05-12T03:32.11.123;2023-05-12T03:32:11.123;2024-07-24T00:00:00.000;2024-07-24T23:59:59.000
18940;2023-05-12T03:39.11.123;2023-05-12T03:39:11.123;2024-07-24T00:00:00.000;2024-07-24T23:59:59.000
24780;2023-05-12T03:59.11.123;2023-05-12T03:59:11.123;2024-07-24T00:00:00.000;2024-07-24T23:59:59.000
8886;2023-05-12T04:08.11.123;2023-05-12T04:08:11.123;2024-07-24T00:00:00.000;2024-07-24T23:59:59.000
37188;2023-05-12T04:14.11.123;2023-05-12T04:14:11.123;2024-07-24T00:00:00.000;2024-07-24T23:59:59.000
8450;2023-05-12T04:33.11.123;2023-05-12T04:33:11.123;2024-07-24T00:00:00.000;2024-07-24T23:59:59.000
25656;2023-05-12T04:35.11.123;2023-05-12T04:35:11.123;2024-07-24T00:00:00.000;2024-07-24T23:59:59.000
17486;2023-05-12T04:57.11.123;2023-05-12T04:57:11.123;2024-07-24T00:00:00.000;2024-07-24T23:59:59.000
9618;2023-05-12T05:25.11.123;2023-05-12T05:25:11.123;2024-07-24T00:00:00.000;2024-07-24T23:59:59.000
9090;2023-05-12T05:43.11.123;2023-05-12T05:43:11.123;2024-07-24T00:00:00.000;2024-07-24T23:59:59.000
18940;2023-05-12T05:45.11.123;2023-05-12T05:45:11.123;2024-07-24T00:00:00.000;2024-07-24T23:59:59.000
16158;2023-05-12T06:01.11.123;2023-05-12T06:01:11.123;2024-07-24T00:00:00.000;2024-07-24T23:59:59.000
8639;2023-05-12T06:03.11.123;2023-05-12T06:03:11.123;2024-07-24T00:00:00.000;2024-07-24T23:59:59.000
8103;2023-05-12T06:03.11.123;2023-05-12T06:03:11.123;2024-07-24T00:00:00.000;2024-07-24T23:59:59.000
10395;2023-05-12T06:10.11.123;2023-05-12T06:10:11.123;2024-07-24T00:00:00.000;2024-07-24T23:59:59.000
9618;2023-05-12T06:18.11.123;2023-05-12T06:18:11.123;2024-07-24T00:00:00.000;2024-07-24T23:59:59.000
25656;2023-05-12T06:20.11.123;2023-05-12T06:20:11.123;2024-07-24T00:00:00.000;2024-07-24T23:59:59.000
18940;2023-05-12T06:45.11.123;2023-05-12T06:45:11.123;2024-07-24T00:00:00.000;2024-07-24T23:59:59.000
8103;2023-05-12T06:58.11.123;2023-05-12T06:58:11.123;2024-07-24T00:00:00.000;2024-07-24T23:59:59.000
18940;2023-05-12T07:00.11.123;2023-05-12T07:00:11.123;2024-07-24T00:00:00.000;2024-07-24T23:59:59.000
18940;2023-05-12T07:35.11.123;2023-05-12T07:35:11.123;2024-07-24T00:00:00.000;2024-07-24T23:59:59.000
8977;2023-05-12T07:54.11.123;2023-05-12T07:54:11.123;2024-07-24T00:00:00.000;2024-07-24T23:59:59.000
30585;2023-05-12T08:25.11.123;2023-05-12T08:25:11.123;2024-07-24T00:00:00.000;2024-07-24T23:59:59.000
25656;2023-05-12T08:44.11.123;2023-05-12T08:44:11.123;2024-07-24T00:00:00.000;2024-07-24T23:59:59.000
8886;2023-05-12T08:53.11.123;2023-05-12T08:53:11.123;2024-07-24T00:00:00.000;2024-07-24T23:59:59.000
18687;2023-05-12T08:54.11.123;2023-05-12T08:54:11.123;2024-07-24T00:00:00.000;2024-07-24T23:59:59.000
37898;2023-05-12T09:00.11.123;2023-05-12T09:00:11.123;2024-07-24T00:00:00.000;2024-07-24T23:59:59.000
18940;2023-05-12T09:12.11.123;2023-05-12T09:12:11.123;2024-07-24T00:00:00.000;2024-07-24T23:59:59.000
19547;2023-05-12T09:23.11.123;2023-05-12T09:23:11.123;2024-07-24T00:00:00.000;2024-07-24T23:59:59.000
19547;2023-05-12T09:24.11.123;2023-05-12T09:24:11.123;2024-07-24T00:00:00.000;2024-07-24T23:59:59.000
36966;2023-05-12T09:53.11.123;2023-05-12T09:53:11.123;2024-07-24T00:00:00.000;2024-07-24T23:59:59.000
36467;2023-05-12T09:53.11.123;2023-05-12T09:53:11.123;2024-07-24T00:00:00.000;2024-07-24T23:59:59.000
36467;2023-05-12T09:55.11.123;2023-05-12T09:55:11.123;2024-07-24T00:00:00.000;2024-07-24T23:59:59.000
18940;2023-05-12T09:55.11.123;2023-05-12T09:55:11.123;2024-07-24T00:00:00.000;2024-07-24T23:59:59.000
18940;2023-05-12T10:07.11.123;2023-05-12T10:07:11.123;2024-07-24T00:00:00.000;2024-07-24T23:59:59.000
33141;2023-05-12T10:31.11.123;2023-05-12T10:31:11.123;2024-07-24T00:00:00.000;2024-07-24T23:59:59.000
18841;2023-05-12T10:32.11.123;2023-05-12T10:32:11.123;2024-07-24T00:00:00.000;2024-07-24T23:59:59.000
37511;2023-05-12T10:33.11.123;2023-05-12T10:33:11.123;2024-07-24T00:00:00.000;2024-07-24T23:59:59.000
18900;2023-05-12T10:41.11.123;2023-05-12T10:41:11.123;2024-07-24T00:00:00.000;2024-07-24T23:59:59.000
18900;2023-05-12T11:15.11.123;2023-05-12T11:15:11.123;2024-07-24T00:00:00.000;2024-07-24T23:59:59.000
18940;2023-05-12T11:39.11.123;2023-05-12T11:39:11.123;2024-07-24T00:00:00.000;2024-07-24T23:59:59.000
33141;2023-05-12T11:41.11.123;2023-05-12T11:41:11.123;2024-07-24T00:00:00.000;2024-07-24T23:59:59.000
18940;2023-05-12T11:47.11.123;2023-05-12T11:47:11.123;2024-07-24T00:00:00.000;2024-07-24T23:59:59.000
18900;2023-05-12T11:56.11.123;2023-05-12T11:56:11.123;2024-07-24T00:00:00.000;2024-07-24T23:59:59.000
18902;2023-05-13T01:03.11.123;2023-05-13T01:03:11.123;2024-07-24T00:00:00.000;2024-07-24T23:59:59.000
9454;2023-05-13T01:04.11.123;2023-05-13T01:04:11.123;2024-07-24T00:00:00.000;2024-07-24T23:59:59.000
18940;2023-05-13T01:36.11.123;2023-05-13T01:36:11.123;2024-07-24T00:00:00.000;2024-07-24T23:59:59.000
9618;2023-05-13T02:22.11.123;2023-05-13T02:22:11.123;2024-07-24T00:00:00.000;2024-07-24T23:59:59.000
9618;2023-05-13T02:22.11.123;2023-05-13T02:22:11.123;2024-07-24T00:00:00.000;2024-07-24T23:59:59.000
17486;2023-05-13T02:28.11.123;2023-05-13T02:28:11.123;2024-07-24T00:00:00.000;2024-07-24T23:59:59.000
24780;2023-05-13T02:30.11.123;2023-05-13T02:30:11.123;2024-07-24T00:00:00.000;2024-07-24T23:59:59.000
9091;2023-05-13T02:31.11.123;2023-05-13T02:31:11.123;2024-07-24T00:00:00.000;2024-07-24T23:59:59.000
34325;2023-05-13T02:44.11.123;2023-05-13T02:44:11.123;2024-07-24T00:00:00.000;2024-07-24T23:59:59.000
24780;2023-05-13T02:58.11.123;2023-05-13T02:58:11.123;2024-07-24T00:00:00.000;2024-07-24T23:59:59.000
18940;2023-05-13T03:59.11.123;2023-05-13T03:59:11.123;2024-07-24T00:00:00.000;2024-07-24T23:59:59.000
18940;2023-05-13T04:01.11.123;2023-05-13T04:01:11.123;2024-07-24T00:00:00.000;2024-07-24T23:59:59.000
8886;2023-05-13T04:05.11.123;2023-05-13T04:05:11.123;2024-07-24T00:00:00.000;2024-07-24T23:59:59.000
18940;2023-05-13T04:16.11.123;2023-05-13T04:16:11.123;2024-07-24T00:00:00.000;2024-07-24T23:59:59.000
37943;2023-05-13T04:16.11.123;2023-05-13T04:16:11.123;2024-07-24T00:00:00.000;2024-07-24T23:59:59.000
37943;2023-05-13T04:17.11.123;2023-05-13T04:17:11.123;2024-07-24T00:00:00.000;2024-07-24T23:59:59.000
34325;2023-05-13T04:33.11.123;2023-05-13T04:33:11.123;2024-07-24T00:00:00.000;2024-07-24T23:59:59.000
8103;2023-05-13T04:34.11.123;2023-05-13T04:34:11.123;2024-07-24T00:00:00.000;2024-07-24T23:59:59.000
37189;2023-05-13T04:48.11.123;2023-05-13T04:48:11.123;2024-07-24T00:00:00.000;2024-07-24T23:59:59.000
9091;2023-05-13T04:53.11.123;2023-05-13T04:53:11.123;2024-07-24T00:00:00.000;2024-07-24T23:59:59.000
18841;2023-05-13T05:08.11.123;2023-05-13T05:08:11.123;2024-07-24T00:00:00.000;2024-07-24T23:59:59.000
8639;2023-05-13T05:09.11.123;2023-05-13T05:09:11.123;2024-07-24T00:00:00.000;2024-07-24T23:59:59.000
37943;2023-05-13T05:12.11.123;2023-05-13T05:12:11.123;2024-07-24T00:00:00.000;2024-07-24T23:59:59.000
16733;2023-05-13T05:15.11.123;2023-05-13T05:15:11.123;2024-07-24T00:00:00.000;2024-07-24T23:59:59.000
9618;2023-05-13T05:23.11.123;2023-05-13T05:23:11.123;2024-07-24T00:00:00.000;2024-07-24T23:59:59.000
18940;2023-05-13T05:23.11.123;2023-05-13T05:23:11.123;2024-07-24T00:00:00.000;2024-07-24T23:59:59.000
18940;2023-05-13T05:23.11.123;2023-05-13T05:23:11.123;2024-07-24T00:00:00.000;2024-07-24T23:59:59.000
24780;2023-05-13T05:27.11.123;2023-05-13T05:27:11.123;2024-07-24T00:00:00.000;2024-07-24T23:59:59.000
37189;2023-05-13T05:34.11.123;2023-05-13T05:34:11.123;2024-07-24T00:00:00.000;2024-07-24T23:59:59.000
9618;2023-05-13T05:38.11.123;2023-05-13T05:38:11.123;2024-07-24T00:00:00.000;2024-07-24T23:59:59.000
9618;2023-05-13T05:53.11.123;2023-05-13T05:53:11.123;2024-07-24T00:00:00.000;2024-07-24T23:59:59.000
9543;2023-05-13T06:08.11.123;2023-05-13T06:08:11.123;2024-07-24T00:00:00.000;2024-07-24T23:59:59.000
18687;2023-05-13T06:08.11.123;2023-05-13T06:08:11.123;2024-07-24T00:00:00.000;2024-07-24T23:59:59.000
18940;2023-05-13T06:11.11.123;2023-05-13T06:11:11.123;2024-07-24T00:00:00.000;2024-07-24T23:59:59.000
37596;2023-05-13T06:11.11.123;2023-05-13T06:11:11.123;2024-07-24T00:00:00.000;2024-07-24T23:59:59.000
8450;2023-05-13T06:34.11.123;2023-05-13T06:34:11.123;2024-07-24T00:00:00.000;2024-07-24T23:59:59.000
9436;2023-05-13T06:37.11.123;2023-05-13T06:37:11.123;2024-07-24T00:00:00.000;2024-07-24T23:59:59.000
9618;2023-05-13T06:49.11.123;2023-05-13T06:49:11.123;2024-07-24T00:00:00.000;2024-07-24T23:59:59.000
9618;2023-05-13T07:04.11.123;2023-05-13T07:04:11.123;2024-07-24T00:00:00.000;2024-07-24T23:59:59.000
18940;2023-05-13T07:30.11.123;2023-05-13T07:30:11.123;2024-07-24T00:00:00.000;2024-07-24T23:59:59.000
37189;2023-05-13T07:44.11.123;2023-05-13T07:44:11.123;2024-07-24T00:00:00.000;2024-07-24T23:59:59.000
8103;2023-05-13T07:50.11.123;2023-05-13T07:50:11.123;2024-07-24T00:00:00.000;2024-07-24T23:59:59.000
9618;2023-05-13T08:10.11.123;2023-05-13T08:10:11.123;2024-07-24T00:00:00.000;2024-07-24T23:59:59.000
24780;2023-05-13T08:31.11.123;2023-05-13T08:31:11.123;2024-07-24T00:00:00.000;2024-07-24T23:59:59.000
24780;2023-05-13T08:32.11.123;2023-05-13T08:32:11.123;2024-07-24T00:00:00.000;2024-07-24T23:59:59.000
8103;2023-05-13T08:38.11.123;2023-05-13T08:38:11.123;2024-07-24T00:00:00.000;2024-07-24T23:59:59.000
36634;2023-05-13T08:39.11.123;2023-05-13T08:39:11.123;2024-07-24T00:00:00.000;2024-07-24T23:59:59.000
9618;2023-05-13T08:39.11.123;2023-05-13T08:39:11.123;2024-07-24T00:00:00.000;2024-07-24T23:59:59.000
18841;2023-05-13T08:42.11.123;2023-05-13T08:42:11.123;2024-07-24T00:00:00.000;2024-07-24T23:59:59.000
33806;2023-05-13T08:58.11.123;2023-05-13T08:58:11.123;2024-07-24T00:00:00.000;2024-07-24T23:59:59.000
18940;2023-05-13T09:00.11.123;2023-05-13T09:00:11.123;2024-07-24T00:00:00.000;2024-07-24T23:59:59.000
9543;2023-05-13T09:45.11.123;2023-05-13T09:45:11.123;2024-07-24T00:00:00.000;2024-07-24T23:59:59.000
18940;2023-05-13T09:45.11.123;2023-05-13T09:45:11.123;2024-07-24T00:00:00.000;2024-07-24T23:59:59.000
18940;2023-05-13T09:49.11.123;2023-05-13T09:49:11.123;2024-07-24T00:00:00.000;2024-07-24T23:59:59.000
9618;2023-05-13T10:13.11.123;2023-05-13T10:13:11.123;2024-07-24T00:00:00.000;2024-07-24T23:59:59.000
9618;2023-05-13T10:19.11.123;2023-05-13T10:19:11.123;2024-07-24T00:00:00.000;2024-07-24T23:59:59.000
9618;2023-05-13T10:20.11.123;2023-05-13T10:20:11.123;2024-07-24T00:00:00.000;2024-07-24T23:59:59.000
18841;2023-05-13T10:50.11.123;2023-05-13T10:50:11.123;2024-07-24T00:00:00.000;2024-07-24T23:59:59.000
37943;2023-05-13T10:55.11.123;2023-05-13T10:55:11.123;2024-07-24T00:00:00.000;2024-07-24T23:59:59.000
18940;2023-05-13T11:39.11.123;2023-05-13T11:39:11.123;2024-07-24T00:00:00.000;2024-07-24T23:59:59.000
17486;2023-05-13T11:47.11.123;2023-05-13T11:47:11.123;2024-07-24T00:00:00.000;2024-07-24T23:59:59.000
18940;2023-05-13T12:02.11.123;2023-05-13T12:02:11.123;2024-07-24T00:00:00.000;2024-07-24T23:59:59.000
18900;2023-05-13T12:11.11.123;2023-05-13T12:11:11.123;2024-07-24T00:00:00.000;2024-07-24T23:59:59.000
17486;2023-05-13T12:13.11.123;2023-05-13T12:13:11.123;2024-07-24T00:00:00.000;2024-07-24T23:59:59.000
18940;2023-05-13T12:20.11.123;2023-05-13T12:20:11.123;2024-07-24T00:00:00.000;2024-07-24T23:59:59.000
18940;2023-05-13T12:22.11.123;2023-05-13T12:22:11.123;2024-07-24T00:00:00.000;2024-07-24T23:59:59.000
33141;2023-05-13T12:40.11.123;2023-05-13T12:40:11.123;2024-07-24T00:00:00.000;2024-07-24T23:59:59.000
8607;2023-05-13T12:42.11.123;2023-05-13T12:42:11.123;2024-07-24T00:00:00.000;2024-07-24T23:59:59.000
10395;2023-05-13T12:49.11.123;2023-05-13T12:49:11.123;2024-07-24T00:00:00.000;2024-07-24T23:59:59.000
8103;2023-05-13T12:54.11.123;2023-05-13T12:54:11.123;2024-07-24T00:00:00.000;2024-07-24T23:59:59.000
18940;2023-05-14T02:32.11.123;2023-05-14T02:32:11.123;2024-07-24T00:00:00.000;2024-07-24T23:59:59.000
18940;2023-05-14T05:23.11.123;2023-05-14T05:23:11.123;2024-07-24T00:00:00.000;2024-07-24T23:59:59.000
18841;2023-05-14T05:32.11.123;2023-05-14T05:32:11.123;2024-07-24T00:00:00.000;2024-07-24T23:59:59.000
9091;2023-05-14T06:35.11.123;2023-05-14T06:35:11.123;2024-07-24T00:00:00.000;2024-07-24T23:59:59.000
12598;2023-05-14T06:50.11.123;2023-05-14T06:50:11.123;2024-07-24T00:00:00.000;2024-07-24T23:59:59.000
37189;2023-05-14T08:25.11.123;2023-05-14T08:25:11.123;2024-07-24T00:00:00.000;2024-07-24T23:59:59.000
12598;2023-05-14T08:53.11.123;2023-05-14T08:53:11.123;2024-07-24T00:00:00.000;2024-07-24T23:59:59.000
18940;2023-05-14T12:02.11.123;2023-05-14T12:02:11.123;2024-07-24T00:00:00.000;2024-07-24T23:59:59.000
18940;2023-05-14T12:13.11.123;2023-05-14T12:13:11.123;2024-07-24T00:00:00.000;2024-07-24T23:59:59.000
18940;2023-05-16T01:56.11.123;2023-05-16T01:56:11.123;2024-07-24T00:00:00.000;2024-07-24T23:59:59.000
9091;2023-05-13T07:18.11.123;2023-05-13T07:18:11.123;2024-07-24T00:00:00.000;2024-07-24T23:59:59.000
8103;2023-05-13T08:04.11.123;2023-05-13T08:04:11.123;2024-07-24T00:00:00.000;2024-07-24T23:59:59.000
18841;2023-05-13T08:26.11.123;2023-05-13T08:26:11.123;2024-07-24T00:00:00.000;2024-07-24T23:59:59.000
18026;2023-05-13T08:39.11.123;2023-05-13T08:39:11.123;2024-07-24T00:00:00.000;2024-07-24T23:59:59.000
18940;2023-05-13T10:52.11.123;2023-05-13T10:52:11.123;2024-07-24T00:00:00.000;2024-07-24T23:59:59.000
18940;2023-05-13T11:38.11.123;2023-05-13T11:38:11.123;2024-07-24T00:00:00.000;2024-07-24T23:59:59.000
8607;2023-05-14T02:02.11.123;2023-05-14T02:02:11.123;2024-07-24T00:00:00.000;2024-07-24T23:59:59.000
18841;2023-05-14T02:22.11.123;2023-05-14T02:22:11.123;2024-07-24T00:00:00.000;2024-07-24T23:59:59.000
18940;2023-05-14T02:44.11.123;2023-05-14T02:44:11.123;2024-07-24T00:00:00.000;2024-07-24T23:59:59.000
18940;2023-05-14T03:02.11.123;2023-05-14T03:02:11.123;2024-07-24T00:00:00.000;2024-07-24T23:59:59.000
18940;2023-05-14T03:24.11.123;2023-05-14T03:24:11.123;2024-07-24T00:00:00.000;2024-07-24T23:59:59.000
18940;2023-05-14T03:47.11.123;2023-05-14T03:47:11.123;2024-07-24T00:00:00.000;2024-07-24T23:59:59.000
18940;2023-05-14T04:41.11.123;2023-05-14T04:41:11.123;2024-07-24T00:00:00.000;2024-07-24T23:59:59.000
18940;2023-05-14T05:18.11.123;2023-05-14T05:18:11.123;2024-07-24T00:00:00.000;2024-07-24T23:59:59.000
37565;2023-05-14T05:25.11.123;2023-05-14T05:25:11.123;2024-07-24T00:00:00.000;2024-07-24T23:59:59.000
8607;2023-05-14T05:53.11.123;2023-05-14T05:53:11.123;2024-07-24T00:00:00.000;2024-07-24T23:59:59.000
24780;2023-05-14T06:07.11.123;2023-05-14T06:07:11.123;2024-07-24T00:00:00.000;2024-07-24T23:59:59.000
20924;2023-05-14T06:08.11.123;2023-05-14T06:08:11.123;2024-07-24T00:00:00.000;2024-07-24T23:59:59.000
18900;2023-05-14T06:23.11.123;2023-05-14T06:23:11.123;2024-07-24T00:00:00.000;2024-07-24T23:59:59.000
37943;2023-05-14T06:39.11.123;2023-05-14T06:39:11.123;2024-07-24T00:00:00.000;2024-07-24T23:59:59.000
18900;2023-05-14T08:09.11.123;2023-05-14T08:09:11.123;2024-07-24T00:00:00.000;2024-07-24T23:59:59.000
18940;2023-05-14T08:22.11.123;2023-05-14T08:22:11.123;2024-07-24T00:00:00.000;2024-07-24T23:59:59.000
18940;2023-05-14T08:27.11.123;2023-05-14T08:27:11.123;2024-07-24T00:00:00.000;2024-07-24T23:59:59.000
18940;2023-05-14T08:37.11.123;2023-05-14T08:37:11.123;2024-07-24T00:00:00.000;2024-07-24T23:59:59.000
32919;2023-05-14T08:52.11.123;2023-05-14T08:52:11.123;2024-07-24T00:00:00.000;2024-07-24T23:59:59.000
37565;2023-05-14T09:11.11.123;2023-05-14T09:11:11.123;2024-07-24T00:00:00.000;2024-07-24T23:59:59.000
18026;2023-05-14T12:30.11.123;2023-05-14T12:30:11.123;2024-07-24T00:00:00.000;2024-07-24T23:59:59.000
37189;2023-05-16T02:00.11.123;2023-05-16T02:00:11.123;2024-07-24T00:00:00.000;2024-07-24T23:59:59.000
21396;2023-05-16T02:08.11.123;2023-05-16T02:08:11.123;2024-07-24T00:00:00.000;2024-07-24T23:59:59.000
21396;2023-05-17T01:02.11.123;2023-05-17T01:02:11.123;2024-07-24T00:00:00.000;2024-07-24T23:59:59.000
26961;2023-05-17T02:39.11.123;2023-05-17T02:39:11.123;2024-07-24T00:00:00.000;2024-07-24T23:59:59.000
37280;2023-05-17T11:08.11.123;2023-05-17T11:08:11.123;2024-07-24T00:00:00.000;2024-07-24T23:59:59.000
18940;2023-05-17T11:32.11.123;2023-05-17T11:32:11.123;2024-07-24T00:00:00.000;2024-07-24T23:59:59.000
37943;2023-05-17T11:46.11.123;2023-05-17T11:46:11.123;2024-07-24T00:00:00.000;2024-07-24T23:59:59.000
9618;2023-05-17T11:50.11.123;2023-05-17T11:50:11.123;2024-07-24T00:00:00.000;2024-07-24T23:59:59.000
9221;2023-05-17T11:59.11.123;2023-05-17T11:59:11.123;2024-07-24T00:00:00.000;2024-07-24T23:59:59.000
9618;2023-05-17T12:20.11.123;2023-05-17T12:20:11.123;2024-07-24T00:00:00.000;2024-07-24T23:59:59.000
37189;2023-05-17T12:32.11.123;2023-05-17T12:32:11.123;2024-07-24T00:00:00.000;2024-07-24T23:59:59.000
18900;2023-05-17T12:39.11.123;2023-05-17T12:39:11.123;2024-07-24T00:00:00.000;2024-07-24T23:59:59.000
37808;2023-05-18T06:38.11.123;2023-05-18T06:38:11.123;2024-07-24T00:00:00.000;2024-07-24T23:59:59.000
7851;2023-05-21T01:12.11.123;2023-05-21T01:12:11.123;2024-07-24T00:00:00.000;2024-07-24T23:59:59.000
25656;2023-05-21T03:06.11.123;2023-05-21T03:06:11.123;2024-07-24T00:00:00.000;2024-07-24T23:59:59.000
25656;2023-05-21T06:42.11.123;2023-05-21T06:42:11.123;2024-07-24T00:00:00.000;2024-07-24T23:59:59.000
37484;2023-05-21T07:44.11.123;2023-05-21T07:44:11.123;2024-07-24T00:00:00.000;2024-07-24T23:59:59.000
18940;2023-05-21T09:07.11.123;2023-05-21T09:07:11.123;2024-07-24T00:00:00.000;2024-07-24T23:59:59.000
9091;2023-05-21T09:44.11.123;2023-05-21T09:44:11.123;2024-07-24T00:00:00.000;2024-07-24T23:59:59.000
26961;2023-05-21T10:24.11.123;2023-05-21T10:24:11.123;2024-07-24T00:00:00.000;2024-07-24T23:59:59.000
37943;2023-05-21T10:32.11.123;2023-05-21T10:32:11.123;2024-07-24T00:00:00.000;2024-07-24T23:59:59.000
18141;2023-05-22T02:25.11.123;2023-05-22T02:25:11.123;2024-07-24T00:00:00.000;2024-07-24T23:59:59.000
18940;2023-05-22T03:16.11.123;2023-05-22T03:16:11.123;2024-07-24T00:00:00.000;2024-07-24T23:59:59.000
37219;2023-05-22T03:18.11.123;2023-05-22T03:18:11.123;2024-07-24T00:00:00.000;2024-07-24T23:59:59.000
18940;2023-05-22T03:38.11.123;2023-05-22T03:38:11.123;2024-07-24T00:00:00.000;2024-07-24T23:59:59.000
18940;2023-05-22T03:47.11.123;2023-05-22T03:47:11.123;2024-07-24T00:00:00.000;2024-07-24T23:59:59.000
16436;2023-05-22T04:16.11.123;2023-05-22T04:16:11.123;2024-07-24T00:00:00.000;2024-07-24T23:59:59.000
37739;2023-05-22T04:28.11.123;2023-05-22T04:28:11.123;2024-07-24T00:00:00.000;2024-07-24T23:59:59.000
18940;2023-05-22T04:29.11.123;2023-05-22T04:29:11.123;2024-07-24T00:00:00.000;2024-07-24T23:59:59.000
37943;2023-05-22T05:08.11.123;2023-05-22T05:08:11.123;2024-07-24T00:00:00.000;2024-07-24T23:59:59.000
18940;2023-05-22T05:19.11.123;2023-05-22T05:19:11.123;2024-07-24T00:00:00.000;2024-07-24T23:59:59.000
37985;2023-05-22T05:29.11.123;2023-05-22T05:29:11.123;2024-07-24T00:00:00.000;2024-07-24T23:59:59.000
18940;2023-05-22T05:50.11.123;2023-05-22T05:50:11.123;2024-07-24T00:00:00.000;2024-07-24T23:59:59.000
18940;2023-05-22T06:13.11.123;2023-05-22T06:13:11.123;2024-07-24T00:00:00.000;2024-07-24T23:59:59.000
18940;2023-05-22T07:05.11.123;2023-05-22T07:05:11.123;2024-07-24T00:00:00.000;2024-07-24T23:59:59.000
20892;2023-05-22T07:07.11.123;2023-05-22T07:07:11.123;2024-07-24T00:00:00.000;2024-07-24T23:59:59.000
18940;2023-05-22T07:23.11.123;2023-05-22T07:23:11.123;2024-07-24T00:00:00.000;2024-07-24T23:59:59.000
37484;2023-05-22T07:31.11.123;2023-05-22T07:31:11.123;2024-07-24T00:00:00.000;2024-07-24T23:59:59.000
18687;2023-05-23T07:43.11.123;2023-05-23T07:43:11.123;2024-07-24T00:00:00.000;2024-07-24T23:59:59.000
18940;2023-05-23T07:53.11.123;2023-05-23T07:53:11.123;2024-07-24T00:00:00.000;2024-07-24T23:59:59.000
35206;2023-05-23T07:57.11.123;2023-05-23T07:57:11.123;2024-07-24T00:00:00.000;2024-07-24T23:59:59.000
18841;2023-05-24T10:53.11.123;2023-05-24T10:53:11.123;2024-07-24T00:00:00.000;2024-07-24T23:59:59.000
8352;2023-05-25T11:57.11.123;2023-05-25T11:57:11.123;2024-07-24T00:00:00.000;2024-07-24T23:59:59.000
8977;2023-05-29T06:43.11.123;2023-05-29T06:43:11.123;2024-07-24T00:00:00.000;2024-07-24T23:59:59.000
37188;2023-05-29T06:46.11.123;2023-05-29T06:46:11.123;2024-07-24T00:00:00.000;2024-07-24T23:59:59.000
37808;2023-05-29T06:50.11.123;2023-05-29T06:50:11.123;2024-07-24T00:00:00.000;2024-07-24T23:59:59.000
24780;2023-05-29T07:10.11.123;2023-05-29T07:10:11.123;2024-07-24T00:00:00.000;2024-07-24T23:59:59.000
8639;2023-05-29T07:35.11.123;2023-05-29T07:35:11.123;2024-07-24T00:00:00.000;2024-07-24T23:59:59.000
8103;2023-05-29T07:39.11.123;2023-05-29T07:39:11.123;2024-07-24T00:00:00.000;2024-07-24T23:59:59.000
8851;2023-05-29T07:59.11.123;2023-05-29T07:59:11.123;2024-07-24T00:00:00.000;2024-07-24T23:59:59.000
33983;2023-05-29T08:05.11.123;2023-05-29T08:05:11.123;2024-07-24T00:00:00.000;2024-07-24T23:59:59.000
9618;2023-05-29T08:05.11.123;2023-05-29T08:05:11.123;2024-07-24T00:00:00.000;2024-07-24T23:59:59.000
8851;2023-05-29T08:11.11.123;2023-05-29T08:11:11.123;2024-07-24T00:00:00.000;2024-07-24T23:59:59.000
18940;2023-05-29T08:16.11.123;2023-05-29T08:16:11.123;2024-07-24T00:00:00.000;2024-07-24T23:59:59.000
18940;2023-05-29T08:30.11.123;2023-05-29T08:30:11.123;2024-07-24T00:00:00.000;2024-07-24T23:59:59.000
18841;2023-05-29T09:05.11.123;2023-05-29T09:05:11.123;2024-07-24T00:00:00.000;2024-07-24T23:59:59.000
37219;2023-05-29T09:29.11.123;2023-05-29T09:29:11.123;2024-07-24T00:00:00.000;2024-07-24T23:59:59.000
18940;2023-05-29T09:56.11.123;2023-05-29T09:56:11.123;2024-07-24T00:00:00.000;2024-07-24T23:59:59.000
18940;2023-05-29T09:56.11.123;2023-05-29T09:56:11.123;2024-07-24T00:00:00.000;2024-07-24T23:59:59.000
10395;2023-05-29T10:15.11.123;2023-05-29T10:15:11.123;2024-07-24T00:00:00.000;2024-07-24T23:59:59.000
8296;2023-05-29T10:18.11.123;2023-05-29T10:18:11.123;2024-07-24T00:00:00.000;2024-07-24T23:59:59.000
18940;2023-05-29T10:26.11.123;2023-05-29T10:26:11.123;2024-07-24T00:00:00.000;2024-07-24T23:59:59.000
18841;2023-05-29T10:34.11.123;2023-05-29T10:34:11.123;2024-07-24T00:00:00.000;2024-07-24T23:59:59.000
18900;2023-05-29T10:44.11.123;2023-05-29T10:44:11.123;2024-07-24T00:00:00.000;2024-07-24T23:59:59.000
18940;2023-05-29T11:23.11.123;2023-05-29T11:23:11.123;2024-07-24T00:00:00.000;2024-07-24T23:59:59.000
37808;2023-05-29T11:32.11.123;2023-05-29T11:32:11.123;2024-07-24T00:00:00.000;2024-07-24T23:59:59.000
33906;2023-05-29T11:40.11.123;2023-05-29T11:40:11.123;2024-07-24T00:00:00.000;2024-07-24T23:59:59.000
18940;2023-05-29T11:46.11.123;2023-05-29T11:46:11.123;2024-07-24T00:00:00.000;2024-07-24T23:59:59.000
18940;2023-05-29T11:58.11.123;2023-05-29T11:58:11.123;2024-07-24T00:00:00.000;2024-07-24T23:59:59.000
37188;2023-05-30T01:16.11.123;2023-05-30T01:16:11.123;2024-07-24T00:00:00.000;2024-07-24T23:59:59.000
18940;2023-05-30T01:18.11.123;2023-05-30T01:18:11.123;2024-07-24T00:00:00.000;2024-07-24T23:59:59.000
37189;2023-05-30T01:38.11.123;2023-05-30T01:38:11.123;2024-07-24T00:00:00.000;2024-07-24T23:59:59.000
8977;2023-05-30T01:38.11.123;2023-05-30T01:38:11.123;2024-07-24T00:00:00.000;2024-07-24T23:59:59.000
33141;2023-05-30T01:49.11.123;2023-05-30T01:49:11.123;2024-07-24T00:00:00.000;2024-07-24T23:59:59.000
18492;2023-05-30T01:59.11.123;2023-05-30T01:59:11.123;2024-07-24T00:00:00.000;2024-07-24T23:59:59.000
23841;2023-05-30T02:05.11.123;2023-05-30T02:05:11.123;2024-07-24T00:00:00.000;2024-07-24T23:59:59.000
9091;2023-05-30T02:16.11.123;2023-05-30T02:16:11.123;2024-07-24T00:00:00.000;2024-07-24T23:59:59.000
9618;2023-05-30T02:17.11.123;2023-05-30T02:17:11.123;2024-07-24T00:00:00.000;2024-07-24T23:59:59.000
18492;2023-05-30T02:33.11.123;2023-05-30T02:33:11.123;2024-07-24T00:00:00.000;2024-07-24T23:59:59.000
8607;2023-05-30T02:39.11.123;2023-05-30T02:39:11.123;2024-07-24T00:00:00.000;2024-07-24T23:59:59.000
24780;2023-05-30T02:41.11.123;2023-05-30T02:41:11.123;2024-07-24T00:00:00.000;2024-07-24T23:59:59.000
18940;2023-05-30T02:44.11.123;2023-05-30T02:44:11.123;2024-07-24T00:00:00.000;2024-07-24T23:59:59.000
18940;2023-05-30T02:48.11.123;2023-05-30T02:48:11.123;2024-07-24T00:00:00.000;2024-07-24T23:59:59.000
15559;2023-05-30T02:54.11.123;2023-05-30T02:54:11.123;2024-07-24T00:00:00.000;2024-07-24T23:59:59.000
18940;2023-05-30T03:09.11.123;2023-05-30T03:09:11.123;2024-07-24T00:00:00.000;2024-07-24T23:59:59.000
18940;2023-05-30T03:12.11.123;2023-05-30T03:12:11.123;2024-07-24T00:00:00.000;2024-07-24T23:59:59.000
9618;2023-05-30T03:19.11.123;2023-05-30T03:19:11.123;2024-07-24T00:00:00.000;2024-07-24T23:59:59.000
18940;2023-05-30T03:22.11.123;2023-05-30T03:22:11.123;2024-07-24T00:00:00.000;2024-07-24T23:59:59.000
37219;2023-05-30T03:31.11.123;2023-05-30T03:31:11.123;2024-07-24T00:00:00.000;2024-07-24T23:59:59.000
18940;2023-05-30T03:32.11.123;2023-05-30T03:32:11.123;2024-07-24T00:00:00.000;2024-07-24T23:59:59.000
37943;2023-05-30T03:32.11.123;2023-05-30T03:32:11.123;2024-07-24T00:00:00.000;2024-07-24T23:59:59.000
8450;2023-05-30T03:49.11.123;2023-05-30T03:49:11.123;2024-07-24T00:00:00.000;2024-07-24T23:59:59.000
33806;2023-05-30T04:07.11.123;2023-05-30T04:07:11.123;2024-07-24T00:00:00.000;2024-07-24T23:59:59.000
37219;2023-05-30T04:17.11.123;2023-05-30T04:17:11.123;2024-07-24T00:00:00.000;2024-07-24T23:59:59.000
38002;2023-05-30T04:22.11.123;2023-05-30T04:22:11.123;2024-07-24T00:00:00.000;2024-07-24T23:59:59.000
18940;2023-05-30T04:32.11.123;2023-05-30T04:32:11.123;2024-07-24T00:00:00.000;2024-07-24T23:59:59.000
8607;2023-05-30T04:39.11.123;2023-05-30T04:39:11.123;2024-07-24T00:00:00.000;2024-07-24T23:59:59.000
18940;2023-05-30T04:59.11.123;2023-05-30T04:59:11.123;2024-07-24T00:00:00.000;2024-07-24T23:59:59.000
18687;2023-05-30T05:05.11.123;2023-05-30T05:05:11.123;2024-07-24T00:00:00.000;2024-07-24T23:59:59.000
37565;2023-05-30T05:51.11.123;2023-05-30T05:51:11.123;2024-07-24T00:00:00.000;2024-07-24T23:59:59.000
18940;2023-05-30T05:59.11.123;2023-05-30T05:59:11.123;2024-07-24T00:00:00.000;2024-07-24T23:59:59.000
17486;2023-05-30T06:02.11.123;2023-05-30T06:02:11.123;2024-07-24T00:00:00.000;2024-07-24T23:59:59.000
8977;2023-05-30T06:03.11.123;2023-05-30T06:03:11.123;2024-07-24T00:00:00.000;2024-07-24T23:59:59.000
8851;2023-05-30T06:08.11.123;2023-05-30T06:08:11.123;2024-07-24T00:00:00.000;2024-07-24T23:59:59.000
24780;2023-05-30T06:21.11.123;2023-05-30T06:21:11.123;2024-07-24T00:00:00.000;2024-07-24T23:59:59.000
38418;2023-05-30T06:57.11.123;2023-05-30T06:57:11.123;2024-07-24T00:00:00.000;2024-07-24T23:59:59.000
9091;2023-05-30T06:58.11.123;2023-05-30T06:58:11.123;2024-07-24T00:00:00.000;2024-07-24T23:59:59.000
9091;2023-05-30T07:05.11.123;2023-05-30T07:05:11.123;2024-07-24T00:00:00.000;2024-07-24T23:59:59.000
18940;2023-05-30T07:14.11.123;2023-05-30T07:14:11.123;2024-07-24T00:00:00.000;2024-07-24T23:59:59.000
18940;2023-05-30T07:18.11.123;2023-05-30T07:18:11.123;2024-07-24T00:00:00.000;2024-07-24T23:59:59.000
35206;2023-05-30T07:25.11.123;2023-05-30T07:25:11.123;2024-07-24T00:00:00.000;2024-07-24T23:59:59.000
18940;2023-05-30T07:36.11.123;2023-05-30T07:36:11.123;2024-07-24T00:00:00.000;2024-07-24T23:59:59.000
37936;2023-05-30T07:44.11.123;2023-05-30T07:44:11.123;2024-07-24T00:00:00.000;2024-07-24T23:59:59.000
24780;2023-05-30T08:04.11.123;2023-05-30T08:04:11.123;2024-07-24T00:00:00.000;2024-07-24T23:59:59.000
17486;2023-05-30T08:04.11.123;2023-05-30T08:04:11.123;2024-07-24T00:00:00.000;2024-07-24T23:59:59.000
18940;2023-05-30T08:11.11.123;2023-05-30T08:11:11.123;2024-07-24T00:00:00.000;2024-07-24T23:59:59.000
18687;2023-05-30T08:11.11.123;2023-05-30T08:11:11.123;2024-07-24T00:00:00.000;2024-07-24T23:59:59.000
18841;2023-05-30T08:47.11.123;2023-05-30T08:47:11.123;2024-07-24T00:00:00.000;2024-07-24T23:59:59.000
9618;2023-05-30T08:48.11.123;2023-05-30T08:48:11.123;2024-07-24T00:00:00.000;2024-07-24T23:59:59.000
37565;2023-05-30T08:58.11.123;2023-05-30T08:58:11.123;2024-07-24T00:00:00.000;2024-07-24T23:59:59.000
18940;2023-05-30T09:00.11.123;2023-05-30T09:00:11.123;2024-07-24T00:00:00.000;2024-07-24T23:59:59.000
18940;2023-05-30T09:00.11.123;2023-05-30T09:00:11.123;2024-07-24T00:00:00.000;2024-07-24T23:59:59.000
8851;2023-05-30T09:11.11.123;2023-05-30T09:11:11.123;2024-07-24T00:00:00.000;2024-07-24T23:59:59.000
37898;2023-05-30T10:02.11.123;2023-05-30T10:02:11.123;2024-07-24T00:00:00.000;2024-07-24T23:59:59.000
23841;2023-05-30T10:06.11.123;2023-05-30T10:06:11.123;2024-07-24T00:00:00.000;2024-07-24T23:59:59.000
20958;2023-05-30T10:16.11.123;2023-05-30T10:16:11.123;2024-07-24T00:00:00.000;2024-07-24T23:59:59.000
17486;2023-05-30T10:22.11.123;2023-05-30T10:22:11.123;2024-07-24T00:00:00.000;2024-07-24T23:59:59.000
8296;2023-05-30T10:32.11.123;2023-05-30T10:32:11.123;2024-07-24T00:00:00.000;2024-07-24T23:59:59.000
18940;2023-05-30T10:32.11.123;2023-05-30T10:32:11.123;2024-07-24T00:00:00.000;2024-07-24T23:59:59.000
8296;2023-05-30T10:35.11.123;2023-05-30T10:35:11.123;2024-07-24T00:00:00.000;2024-07-24T23:59:59.000
37827;2023-05-30T10:47.11.123;2023-05-30T10:47:11.123;2024-07-24T00:00:00.000;2024-07-24T23:59:59.000
16702;2023-05-30T10:47.11.123;2023-05-30T10:47:11.123;2024-07-24T00:00:00.000;2024-07-24T23:59:59.000
8296;2023-05-30T11:05.11.123;2023-05-30T11:05:11.123;2024-07-24T00:00:00.000;2024-07-24T23:59:59.000
35604;2023-05-30T11:17.11.123;2023-05-30T11:17:11.123;2024-07-24T00:00:00.000;2024-07-24T23:59:59.000
37189;2023-05-30T11:18.11.123;2023-05-30T11:18:11.123;2024-07-24T00:00:00.000;2024-07-24T23:59:59.000
37484;2023-05-30T11:35.11.123;2023-05-30T11:35:11.123;2024-07-24T00:00:00.000;2024-07-24T23:59:59.000
18940;2023-05-30T12:18.11.123;2023-05-30T12:18:11.123;2024-07-24T00:00:00.000;2024-07-24T23:59:59.000
23841;2023-05-30T12:19.11.123;2023-05-30T12:19:11.123;2024-07-24T00:00:00.000;2024-07-24T23:59:59.000
37943;2023-05-30T12:24.11.123;2023-05-30T12:24:11.123;2024-07-24T00:00:00.000;2024-07-24T23:59:59.000
9618;2023-05-30T12:24.11.123;2023-05-30T12:24:11.123;2024-07-24T00:00:00.000;2024-07-24T23:59:59.000
37827;2023-05-30T12:27.11.123;2023-05-30T12:27:11.123;2024-07-24T00:00:00.000;2024-07-24T23:59:59.000
8296;2023-05-30T12:27.11.123;2023-05-30T12:27:11.123;2024-07-24T00:00:00.000;2024-07-24T23:59:59.000
9436;2023-05-30T12:27.11.123;2023-05-30T12:27:11.123;2024-07-24T00:00:00.000;2024-07-24T23:59:59.000
33806;2023-05-30T12:31.11.123;2023-05-30T12:31:11.123;2024-07-24T00:00:00.000;2024-07-24T23:59:59.000
36715;2023-05-30T12:57.11.123;2023-05-30T12:57:11.123;2024-07-24T00:00:00.000;2024-07-24T23:59:59.000
37189;2023-05-31T05:35.11.123;2023-05-31T05:35:11.123;2024-07-24T00:00:00.000;2024-07-24T23:59:59.000
18940;2023-05-30T01:00.11.123;2023-05-30T01:00:11.123;2024-07-24T00:00:00.000;2024-07-24T23:59:59.000
10395;2023-05-30T01:28.11.123;2023-05-30T01:28:11.123;2024-07-24T00:00:00.000;2024-07-24T23:59:59.000
37898;2023-05-30T01:48.11.123;2023-05-30T01:48:11.123;2024-07-24T00:00:00.000;2024-07-24T23:59:59.000
9618;2023-05-30T03:19.11.123;2023-05-30T03:19:11.123;2024-07-24T00:00:00.000;2024-07-24T23:59:59.000
18940;2023-05-30T04:38.11.123;2023-05-30T04:38:11.123;2024-07-24T00:00:00.000;2024-07-24T23:59:59.000
9454;2023-05-30T04:49.11.123;2023-05-30T04:49:11.123;2024-07-24T00:00:00.000;2024-07-24T23:59:59.000
8450;2023-05-30T04:53.11.123;2023-05-30T04:53:11.123;2024-07-24T00:00:00.000;2024-07-24T23:59:59.000
9618;2023-05-30T04:57.11.123;2023-05-30T04:57:11.123;2024-07-24T00:00:00.000;2024-07-24T23:59:59.000
18940;2023-05-30T05:09.11.123;2023-05-30T05:09:11.123;2024-07-24T00:00:00.000;2024-07-24T23:59:59.000
9091;2023-05-30T05:11.11.123;2023-05-30T05:11:11.123;2024-07-24T00:00:00.000;2024-07-24T23:59:59.000
20958;2023-05-30T05:51.11.123;2023-05-30T05:51:11.123;2024-07-24T00:00:00.000;2024-07-24T23:59:59.000
24780;2023-05-30T05:58.11.123;2023-05-30T05:58:11.123;2024-07-24T00:00:00.000;2024-07-24T23:59:59.000
37219;2023-05-30T06:24.11.123;2023-05-30T06:24:11.123;2024-07-24T00:00:00.000;2024-07-24T23:59:59.000
8296;2023-05-30T06:42.11.123;2023-05-30T06:42:11.123;2024-07-24T00:00:00.000;2024-07-24T23:59:59.000
8296;2023-05-30T06:42.11.123;2023-05-30T06:42:11.123;2024-07-24T00:00:00.000;2024-07-24T23:59:59.000
35206;2023-05-30T06:56.11.123;2023-05-30T06:56:11.123;2024-07-24T00:00:00.000;2024-07-24T23:59:59.000
37219;2023-05-30T07:05.11.123;2023-05-30T07:05:11.123;2024-07-24T00:00:00.000;2024-07-24T23:59:59.000
37219;2023-05-30T07:25.11.123;2023-05-30T07:25:11.123;2024-07-24T00:00:00.000;2024-07-24T23:59:59.000
38078;2023-05-30T07:46.11.123;2023-05-30T07:46:11.123;2024-07-24T00:00:00.000;2024-07-24T23:59:59.000
37188;2023-05-30T07:55.11.123;2023-05-30T07:55:11.123;2024-07-24T00:00:00.000;2024-07-24T23:59:59.000
8296;2023-05-30T08:13.11.123;2023-05-30T08:13:11.123;2024-07-24T00:00:00.000;2024-07-24T23:59:59.000
18940;2023-05-30T08:19.11.123;2023-05-30T08:19:11.123;2024-07-24T00:00:00.000;2024-07-24T23:59:59.000
36634;2023-05-30T08:36.11.123;2023-05-30T08:36:11.123;2024-07-24T00:00:00.000;2024-07-24T23:59:59.000
18940;2023-05-30T09:12.11.123;2023-05-30T09:12:11.123;2024-07-24T00:00:00.000;2024-07-24T23:59:59.000
18940;2023-05-30T09:26.11.123;2023-05-30T09:26:11.123;2024-07-24T00:00:00.000;2024-07-24T23:59:59.000
18940;2023-05-30T09:35.11.123;2023-05-30T09:35:11.123;2024-07-24T00:00:00.000;2024-07-24T23:59:59.000
18940;2023-05-30T09:47.11.123;2023-05-30T09:47:11.123;2024-07-24T00:00:00.000;2024-07-24T23:59:59.000
8296;2023-05-30T10:20.11.123;2023-05-30T10:20:11.123;2024-07-24T00:00:00.000;2024-07-24T23:59:59.000
8296;2023-05-30T10:48.11.123;2023-05-30T10:48:11.123;2024-07-24T00:00:00.000;2024-07-24T23:59:59.000
18940;2023-05-30T11:07.11.123;2023-05-30T11:07:11.123;2024-07-24T00:00:00.000;2024-07-24T23:59:59.000
18940;2023-05-30T11:17.11.123;2023-05-30T11:17:11.123;2024-07-24T00:00:00.000;2024-07-24T23:59:59.000
13960;2023-05-30T11:21.11.123;2023-05-30T11:21:11.123;2024-07-24T00:00:00.000;2024-07-24T23:59:59.000
18841;2023-05-31T01:00.11.123;2023-05-31T01:00:11.123;2024-07-24T00:00:00.000;2024-07-24T23:59:59.000
9090;2023-05-31T01:16.11.123;2023-05-31T01:16:11.123;2024-07-24T00:00:00.000;2024-07-24T23:59:59.000
9224;2023-05-31T01:38.11.123;2023-05-31T01:38:11.123;2024-07-24T00:00:00.000;2024-07-24T23:59:59.000
24780;2023-05-31T01:44.11.123;2023-05-31T01:44:11.123;2024-07-24T00:00:00.000;2024-07-24T23:59:59.000
8103;2023-05-31T01:52.11.123;2023-05-31T01:52:11.123;2024-07-24T00:00:00.000;2024-07-24T23:59:59.000
8352;2023-05-31T01:59.11.123;2023-05-31T01:59:11.123;2024-07-24T00:00:00.000;2024-07-24T23:59:59.000
8606;2023-05-31T02:19.11.123;2023-05-31T02:19:11.123;2024-07-24T00:00:00.000;2024-07-24T23:59:59.000
37189;2023-05-31T02:22.11.123;2023-05-31T02:22:11.123;2024-07-24T00:00:00.000;2024-07-24T23:59:59.000
18940;2023-05-31T02:30.11.123;2023-05-31T02:30:11.123;2024-07-24T00:00:00.000;2024-07-24T23:59:59.000
33806;2023-05-31T02:36.11.123;2023-05-31T02:36:11.123;2024-07-24T00:00:00.000;2024-07-24T23:59:59.000
36966;2023-05-31T02:38.11.123;2023-05-31T02:38:11.123;2024-07-24T00:00:00.000;2024-07-24T23:59:59.000
9618;2023-05-31T02:39.11.123;2023-05-31T02:39:11.123;2024-07-24T00:00:00.000;2024-07-24T23:59:59.000
37188;2023-05-31T02:39.11.123;2023-05-31T02:39:11.123;2024-07-24T00:00:00.000;2024-07-24T23:59:59.000
8977;2023-05-31T02:39.11.123;2023-05-31T02:39:11.123;2024-07-24T00:00:00.000;2024-07-24T23:59:59.000
18940;2023-05-31T02:40.11.123;2023-05-31T02:40:11.123;2024-07-24T00:00:00.000;2024-07-24T23:59:59.000
9618;2023-05-31T02:40.11.123;2023-05-31T02:40:11.123;2024-07-24T00:00:00.000;2024-07-24T23:59:59.000
16733;2023-05-31T02:41.11.123;2023-05-31T02:41:11.123;2024-07-24T00:00:00.000;2024-07-24T23:59:59.000
18940;2023-05-31T02:53.11.123;2023-05-31T02:53:11.123;2024-07-24T00:00:00.000;2024-07-24T23:59:59.000
9618;2023-05-31T02:56.11.123;2023-05-31T02:56:11.123;2024-07-24T00:00:00.000;2024-07-24T23:59:59.000
35412;2023-05-31T03:04.11.123;2023-05-31T03:04:11.123;2024-07-24T00:00:00.000;2024-07-24T23:59:59.000
18940;2023-05-31T03:05.11.123;2023-05-31T03:05:11.123;2024-07-24T00:00:00.000;2024-07-24T23:59:59.000
8912;2023-05-31T03:10.11.123;2023-05-31T03:10:11.123;2024-07-24T00:00:00.000;2024-07-24T23:59:59.000
18940;2023-05-31T03:40.11.123;2023-05-31T03:40:11.123;2024-07-24T00:00:00.000;2024-07-24T23:59:59.000
37188;2023-05-31T03:53.11.123;2023-05-31T03:53:11.123;2024-07-24T00:00:00.000;2024-07-24T23:59:59.000
17330;2023-05-31T03:56.11.123;2023-05-31T03:56:11.123;2024-07-24T00:00:00.000;2024-07-24T23:59:59.000
8296;2023-05-31T04:01.11.123;2023-05-31T04:01:11.123;2024-07-24T00:00:00.000;2024-07-24T23:59:59.000
18687;2023-05-31T04:09.11.123;2023-05-31T04:09:11.123;2024-07-24T00:00:00.000;2024-07-24T23:59:59.000
9618;2023-05-31T04:17.11.123;2023-05-31T04:17:11.123;2024-07-24T00:00:00.000;2024-07-24T23:59:59.000
18940;2023-05-31T04:21.11.123;2023-05-31T04:21:11.123;2024-07-24T00:00:00.000;2024-07-24T23:59:59.000
8296;2023-05-31T04:24.11.123;2023-05-31T04:24:11.123;2024-07-24T00:00:00.000;2024-07-24T23:59:59.000
37930;2023-05-31T04:29.11.123;2023-05-31T04:29:11.123;2024-07-24T00:00:00.000;2024-07-24T23:59:59.000
37943;2023-05-31T04:37.11.123;2023-05-31T04:37:11.123;2024-07-24T00:00:00.000;2024-07-24T23:59:59.000
37943;2023-05-31T04:46.11.123;2023-05-31T04:46:11.123;2024-07-24T00:00:00.000;2024-07-24T23:59:59.000
18841;2023-05-31T04:50.11.123;2023-05-31T04:50:11.123;2024-07-24T00:00:00.000;2024-07-24T23:59:59.000
18940;2023-05-31T04:52.11.123;2023-05-31T04:52:11.123;2024-07-24T00:00:00.000;2024-07-24T23:59:59.000
18687;2023-05-31T04:56.11.123;2023-05-31T04:56:11.123;2024-07-24T00:00:00.000;2024-07-24T23:59:59.000
9091;2023-05-31T04:57.11.123;2023-05-31T04:57:11.123;2024-07-24T00:00:00.000;2024-07-24T23:59:59.000
18940;2023-05-31T05:05.11.123;2023-05-31T05:05:11.123;2024-07-24T00:00:00.000;2024-07-24T23:59:59.000
18940;2023-05-31T05:06.11.123;2023-05-31T05:06:11.123;2024-07-24T00:00:00.000;2024-07-24T23:59:59.000
23350;2023-05-31T05:08.11.123;2023-05-31T05:08:11.123;2024-07-24T00:00:00.000;2024-07-24T23:59:59.000
18940;2023-05-31T05:08.11.123;2023-05-31T05:08:11.123;2024-07-24T00:00:00.000;2024-07-24T23:59:59.000
9618;2023-05-31T05:13.11.123;2023-05-31T05:13:11.123;2024-07-24T00:00:00.000;2024-07-24T23:59:59.000
24780;2023-05-31T05:18.11.123;2023-05-31T05:18:11.123;2024-07-24T00:00:00.000;2024-07-24T23:59:59.000
18940;2023-05-31T05:34.11.123;2023-05-31T05:34:11.123;2024-07-24T00:00:00.000;2024-07-24T23:59:59.000
9618;2023-05-31T05:36.11.123;2023-05-31T05:36:11.123;2024-07-24T00:00:00.000;2024-07-24T23:59:59.000
18940;2023-05-31T05:38.11.123;2023-05-31T05:38:11.123;2024-07-24T00:00:00.000;2024-07-24T23:59:59.000
37565;2023-05-31T05:39.11.123;2023-05-31T05:39:11.123;2024-07-24T00:00:00.000;2024-07-24T23:59:59.000
8851;2023-05-31T05:39.11.123;2023-05-31T05:39:11.123;2024-07-24T00:00:00.000;2024-07-24T23:59:59.000
37565;2023-05-31T05:41.11.123;2023-05-31T05:41:11.123;2024-07-24T00:00:00.000;2024-07-24T23:59:59.000
10100;2023-05-31T05:45.11.123;2023-05-31T05:45:11.123;2024-07-24T00:00:00.000;2024-07-24T23:59:59.000
9618;2023-05-31T05:56.11.123;2023-05-31T05:56:11.123;2024-07-24T00:00:00.000;2024-07-24T23:59:59.000
9618;2023-05-31T05:59.11.123;2023-05-31T05:59:11.123;2024-07-24T00:00:00.000;2024-07-24T23:59:59.000
9618;2023-05-31T05:59.11.123;2023-05-31T05:59:11.123;2024-07-24T00:00:00.000;2024-07-24T23:59:59.000
18940;2023-05-31T06:05.11.123;2023-05-31T06:05:11.123;2024-07-24T00:00:00.000;2024-07-24T23:59:59.000
33906;2023-05-31T06:09.11.123;2023-05-31T06:09:11.123;2024-07-24T00:00:00.000;2024-07-24T23:59:59.000
8977;2023-05-31T06:14.11.123;2023-05-31T06:14:11.123;2024-07-24T00:00:00.000;2024-07-24T23:59:59.000
8296;2023-05-31T06:19.11.123;2023-05-31T06:19:11.123;2024-07-24T00:00:00.000;2024-07-24T23:59:59.000
37189;2023-05-31T06:19.11.123;2023-05-31T06:19:11.123;2024-07-24T00:00:00.000;2024-07-24T23:59:59.000
37188;2023-05-31T06:20.11.123;2023-05-31T06:20:11.123;2024-07-24T00:00:00.000;2024-07-24T23:59:59.000
18841;2023-05-31T06:20.11.123;2023-05-31T06:20:11.123;2024-07-24T00:00:00.000;2024-07-24T23:59:59.000
9091;2023-05-31T06:31.11.123;2023-05-31T06:31:11.123;2024-07-24T00:00:00.000;2024-07-24T23:59:59.000
8607;2023-05-31T06:49.11.123;2023-05-31T06:49:11.123;2024-07-24T00:00:00.000;2024-07-24T23:59:59.000
24780;2023-05-31T06:54.11.123;2023-05-31T06:54:11.123;2024-07-24T00:00:00.000;2024-07-24T23:59:59.000
37188;2023-05-31T07:04.11.123;2023-05-31T07:04:11.123;2024-07-24T00:00:00.000;2024-07-24T23:59:59.000
18940;2023-05-31T07:17.11.123;2023-05-31T07:17:11.123;2024-07-24T00:00:00.000;2024-07-24T23:59:59.000
17486;2023-05-31T07:17.11.123;2023-05-31T07:17:11.123;2024-07-24T00:00:00.000;2024-07-24T23:59:59.000
37189;2023-05-31T07:25.11.123;2023-05-31T07:25:11.123;2024-07-24T00:00:00.000;2024-07-24T23:59:59.000
8977;2023-05-31T07:28.11.123;2023-05-31T07:28:11.123;2024-07-24T00:00:00.000;2024-07-24T23:59:59.000
9618;2023-05-31T07:31.11.123;2023-05-31T07:31:11.123;2024-07-24T00:00:00.000;2024-07-24T23:59:59.000
18841;2023-05-31T07:55.11.123;2023-05-31T07:55:11.123;2024-07-24T00:00:00.000;2024-07-24T23:59:59.000
37219;2023-05-31T08:00.11.123;2023-05-31T08:00:11.123;2024-07-24T00:00:00.000;2024-07-24T23:59:59.000
9618;2023-05-31T08:06.11.123;2023-05-31T08:06:11.123;2024-07-24T00:00:00.000;2024-07-24T23:59:59.000
17486;2023-05-31T08:08.11.123;2023-05-31T08:08:11.123;2024-07-24T00:00:00.000;2024-07-24T23:59:59.000
18940;2023-05-31T08:17.11.123;2023-05-31T08:17:11.123;2024-07-24T00:00:00.000;2024-07-24T23:59:59.000
35412;2023-05-31T08:21.11.123;2023-05-31T08:21:11.123;2024-07-24T00:00:00.000;2024-07-24T23:59:59.000
33806;2023-05-31T08:24.11.123;2023-05-31T08:24:11.123;2024-07-24T00:00:00.000;2024-07-24T23:59:59.000
37484;2023-05-31T08:28.11.123;2023-05-31T08:28:11.123;2024-07-24T00:00:00.000;2024-07-24T23:59:59.000
8296;2023-05-31T08:37.11.123;2023-05-31T08:37:11.123;2024-07-24T00:00:00.000;2024-07-24T23:59:59.000
37189;2023-05-31T08:47.11.123;2023-05-31T08:47:11.123;2024-07-24T00:00:00.000;2024-07-24T23:59:59.000
18940;2023-05-31T08:57.11.123;2023-05-31T08:57:11.123;2024-07-24T00:00:00.000;2024-07-24T23:59:59.000
9618;2023-05-31T09:02.11.123;2023-05-31T09:02:11.123;2024-07-24T00:00:00.000;2024-07-24T23:59:59.000
8296;2023-05-31T09:17.11.123;2023-05-31T09:17:11.123;2024-07-24T00:00:00.000;2024-07-24T23:59:59.000
15420;2023-05-31T09:20.11.123;2023-05-31T09:20:11.123;2024-07-24T00:00:00.000;2024-07-24T23:59:59.000
18940;2023-05-31T09:26.11.123;2023-05-31T09:26:11.123;2024-07-24T00:00:00.000;2024-07-24T23:59:59.000
9618;2023-05-31T09:40.11.123;2023-05-31T09:40:11.123;2024-07-24T00:00:00.000;2024-07-24T23:59:59.000
18940;2023-05-31T09:45.11.123;2023-05-31T09:45:11.123;2024-07-24T00:00:00.000;2024-07-24T23:59:59.000
8296;2023-05-31T10:09.11.123;2023-05-31T10:09:11.123;2024-07-24T00:00:00.000;2024-07-24T23:59:59.000
37565;2023-05-31T10:10.11.123;2023-05-31T10:10:11.123;2024-07-24T00:00:00.000;2024-07-24T23:59:59.000
9618;2023-05-31T10:20.11.123;2023-05-31T10:20:11.123;2024-07-24T00:00:00.000;2024-07-24T23:59:59.000
9618;2023-05-31T10:21.11.123;2023-05-31T10:21:11.123;2024-07-24T00:00:00.000;2024-07-24T23:59:59.000
9618;2023-05-31T10:21.11.123;2023-05-31T10:21:11.123;2024-07-24T00:00:00.000;2024-07-24T23:59:59.000
9618;2023-05-31T10:22.11.123;2023-05-31T10:22:11.123;2024-07-24T00:00:00.000;2024-07-24T23:59:59.000
36966;2023-05-31T10:32.11.123;2023-05-31T10:32:11.123;2024-07-24T00:00:00.000;2024-07-24T23:59:59.000
9618;2023-05-31T10:37.11.123;2023-05-31T10:37:11.123;2024-07-24T00:00:00.000;2024-07-24T23:59:59.000
9618;2023-05-31T10:37.11.123;2023-05-31T10:37:11.123;2024-07-24T00:00:00.000;2024-07-24T23:59:59.000
23900;2023-05-31T10:38.11.123;2023-05-31T10:38:11.123;2024-07-24T00:00:00.000;2024-07-24T23:59:59.000
18940;2023-05-31T10:38.11.123;2023-05-31T10:38:11.123;2024-07-24T00:00:00.000;2024-07-24T23:59:59.000
37911;2023-05-31T10:44.11.123;2023-05-31T10:44:11.123;2024-07-24T00:00:00.000;2024-07-24T23:59:59.000
18841;2023-05-31T10:52.11.123;2023-05-31T10:52:11.123;2024-07-24T00:00:00.000;2024-07-24T23:59:59.000
33906;2023-05-31T10:58.11.123;2023-05-31T10:58:11.123;2024-07-24T00:00:00.000;2024-07-24T23:59:59.000
18900;2023-05-31T11:00.11.123;2023-05-31T11:00:11.123;2024-07-24T00:00:00.000;2024-07-24T23:59:59.000
9618;2023-05-31T11:03.11.123;2023-05-31T11:03:11.123;2024-07-24T00:00:00.000;2024-07-24T23:59:59.000
9618;2023-05-31T11:04.11.123;2023-05-31T11:04:11.123;2024-07-24T00:00:00.000;2024-07-24T23:59:59.000
8606;2023-05-31T11:12.11.123;2023-05-31T11:12:11.123;2024-07-24T00:00:00.000;2024-07-24T23:59:59.000
23841;2023-05-31T11:19.11.123;2023-05-31T11:19:11.123;2024-07-24T00:00:00.000;2024-07-24T23:59:59.000
37930;2023-05-31T11:26.11.123;2023-05-31T11:26:11.123;2024-07-24T00:00:00.000;2024-07-24T23:59:59.000
9618;2023-05-31T11:38.11.123;2023-05-31T11:38:11.123;2024-07-24T00:00:00.000;2024-07-24T23:59:59.000
9618;2023-05-31T11:38.11.123;2023-05-31T11:38:11.123;2024-07-24T00:00:00.000;2024-07-24T23:59:59.000
8296;2023-05-31T11:45.11.123;2023-05-31T11:45:11.123;2024-07-24T00:00:00.000;2024-07-24T23:59:59.000
9618;2023-05-31T11:46.11.123;2023-05-31T11:46:11.123;2024-07-24T00:00:00.000;2024-07-24T23:59:59.000
9618;2023-05-31T11:46.11.123;2023-05-31T11:46:11.123;2024-07-24T00:00:00.000;2024-07-24T23:59:59.000
18940;2023-05-31T12:01.11.123;2023-05-31T12:01:11.123;2024-07-24T00:00:00.000;2024-07-24T23:59:59.000
37189;2023-05-31T12:02.11.123;2023-05-31T12:02:11.123;2024-07-24T00:00:00.000;2024-07-24T23:59:59.000
8912;2023-05-31T12:14.11.123;2023-05-31T12:14:11.123;2024-07-24T00:00:00.000;2024-07-24T23:59:59.000
9618;2023-05-31T12:19.11.123;2023-05-31T12:19:11.123;2024-07-24T00:00:00.000;2024-07-24T23:59:59.000
9618;2023-05-31T12:19.11.123;2023-05-31T12:19:11.123;2024-07-24T00:00:00.000;2024-07-24T23:59:59.000
8352;2023-05-31T12:23.11.123;2023-05-31T12:23:11.123;2024-07-24T00:00:00.000;2024-07-24T23:59:59.000
37219;2023-05-31T12:31.11.123;2023-05-31T12:31:11.123;2024-07-24T00:00:00.000;2024-07-24T23:59:59.000
9363;2023-05-31T12:33.11.123;2023-05-31T12:33:11.123;2024-07-24T00:00:00.000;2024-07-24T23:59:59.000
18940;2023-05-31T12:36.11.123;2023-05-31T12:36:11.123;2024-07-24T00:00:00.000;2024-07-24T23:59:59.000
37511;2023-05-31T12:40.11.123;2023-05-31T12:40:11.123;2024-07-24T00:00:00.000;2024-07-24T23:59:59.000
9618;2023-05-31T12:41.11.123;2023-05-31T12:41:11.123;2024-07-24T00:00:00.000;2024-07-24T23:59:59.000
9618;2023-05-31T12:42.11.123;2023-05-31T12:42:11.123;2024-07-24T00:00:00.000;2024-07-24T23:59:59.000
18940;2023-05-31T12:43.11.123;2023-05-31T12:43:11.123;2024-07-24T00:00:00.000;2024-07-24T23:59:59.000
8352;2023-05-31T12:47.11.123;2023-05-31T12:47:11.123;2024-07-24T00:00:00.000;2024-07-24T23:59:59.000
8450;2023-05-31T12:54.11.123;2023-05-31T12:54:11.123;2024-07-24T00:00:00.000;2024-07-24T23:59:59.000
9618;2023-05-31T12:55.11.123;2023-05-31T12:55:11.123;2024-07-24T00:00:00.000;2024-07-24T23:59:59.000
9618;2023-05-31T12:56.11.123;2023-05-31T12:56:11.123;2024-07-24T00:00:00.000;2024-07-24T23:59:59.000
8296;2023-06-01T01:04.11.123;2023-06-01T01:04:11.123;2024-07-24T00:00:00.000;2024-07-24T23:59:59.000
18940;2023-06-01T01:04.11.123;2023-06-01T01:04:11.123;2024-07-24T00:00:00.000;2024-07-24T23:59:59.000
18940;2023-06-01T02:35.11.123;2023-06-01T02:35:11.123;2024-07-24T00:00:00.000;2024-07-24T23:59:59.000
9618;2023-06-01T02:56.11.123;2023-06-01T02:56:11.123;2024-07-24T00:00:00.000;2024-07-24T23:59:59.000
18940;2023-06-01T03:36.11.123;2023-06-01T03:36:11.123;2024-07-24T00:00:00.000;2024-07-24T23:59:59.000
9091;2023-06-01T03:51.11.123;2023-06-01T03:51:11.123;2024-07-24T00:00:00.000;2024-07-24T23:59:59.000
18940;2023-06-01T03:56.11.123;2023-06-01T03:56:11.123;2024-07-24T00:00:00.000;2024-07-24T23:59:59.000
18940;2023-06-01T04:10.11.123;2023-06-01T04:10:11.123;2024-07-24T00:00:00.000;2024-07-24T23:59:59.000
9454;2023-06-01T04:50.11.123;2023-06-01T04:50:11.123;2024-07-24T00:00:00.000;2024-07-24T23:59:59.000
18940;2023-06-01T04:56.11.123;2023-06-01T04:56:11.123;2024-07-24T00:00:00.000;2024-07-24T23:59:59.000
10395;2023-06-01T05:11.11.123;2023-06-01T05:11:11.123;2024-07-24T00:00:00.000;2024-07-24T23:59:59.000
9618;2023-06-01T05:12.11.123;2023-06-01T05:12:11.123;2024-07-24T00:00:00.000;2024-07-24T23:59:59.000
18841;2023-06-01T05:30.11.123;2023-06-01T05:30:11.123;2024-07-24T00:00:00.000;2024-07-24T23:59:59.000
18940;2023-06-01T06:00.11.123;2023-06-01T06:00:11.123;2024-07-24T00:00:00.000;2024-07-24T23:59:59.000
38418;2023-06-01T06:02.11.123;2023-06-01T06:02:11.123;2024-07-24T00:00:00.000;2024-07-24T23:59:59.000
18900;2023-06-01T06:13.11.123;2023-06-01T06:13:11.123;2024-07-24T00:00:00.000;2024-07-24T23:59:59.000
38062;2023-06-01T06:15.11.123;2023-06-01T06:15:11.123;2024-07-24T00:00:00.000;2024-07-24T23:59:59.000
8639;2023-06-01T06:38.11.123;2023-06-01T06:38:11.123;2024-07-24T00:00:00.000;2024-07-24T23:59:59.000
9618;2023-06-01T07:07.11.123;2023-06-01T07:07:11.123;2024-07-24T00:00:00.000;2024-07-24T23:59:59.000
8484;2023-06-01T08:52.11.123;2023-06-01T08:52:11.123;2024-07-24T00:00:00.000;2024-07-24T23:59:59.000
8103;2023-06-01T08:57.11.123;2023-06-01T08:57:11.123;2024-07-24T00:00:00.000;2024-07-24T23:59:59.000
25740;2023-06-01T09:49.11.123;2023-06-01T09:49:11.123;2024-07-24T00:00:00.000;2024-07-24T23:59:59.000
8352;2023-06-01T10:24.11.123;2023-06-01T10:24:11.123;2024-07-24T00:00:00.000;2024-07-24T23:59:59.000
8296;2023-06-01T10:32.11.123;2023-06-01T10:32:11.123;2024-07-24T00:00:00.000;2024-07-24T23:59:59.000
37189;2023-06-01T11:07.11.123;2023-06-01T11:07:11.123;2024-07-24T00:00:00.000;2024-07-24T23:59:59.000
8276;2023-06-01T11:26.11.123;2023-06-01T11:26:11.123;2024-07-24T00:00:00.000;2024-07-24T23:59:59.000
37484;2023-06-01T11:43.11.123;2023-06-01T11:43:11.123;2024-07-24T00:00:00.000;2024-07-24T23:59:59.000
37219;2023-06-01T11:52.11.123;2023-06-01T11:52:11.123;2024-07-24T00:00:00.000;2024-07-24T23:59:59.000
18940;2023-06-01T12:30.11.123;2023-06-01T12:30:11.123;2024-07-24T00:00:00.000;2024-07-24T23:59:59.000
18841;2023-06-01T12:37.11.123;2023-06-01T12:37:11.123;2024-07-24T00:00:00.000;2024-07-24T23:59:59.000
18940;2023-05-31T09:07.11.123;2023-05-31T09:07:11.123;2024-07-24T00:00:00.000;2024-07-24T23:59:59.000
18940;2023-05-31T10:00.11.123;2023-05-31T10:00:11.123;2024-07-24T00:00:00.000;2024-07-24T23:59:59.000
18841;2023-05-31T10:31.11.123;2023-05-31T10:31:11.123;2024-07-24T00:00:00.000;2024-07-24T23:59:59.000
18940;2023-05-31T11:31.11.123;2023-05-31T11:31:11.123;2024-07-24T00:00:00.000;2024-07-24T23:59:59.000
9090;2023-06-01T01:01.11.123;2023-06-01T01:01:11.123;2024-07-24T00:00:00.000;2024-07-24T23:59:59.000
37188;2023-06-01T01:27.11.123;2023-06-01T01:27:11.123;2024-07-24T00:00:00.000;2024-07-24T23:59:59.000
9091;2023-06-01T01:28.11.123;2023-06-01T01:28:11.123;2024-07-24T00:00:00.000;2024-07-24T23:59:59.000
37189;2023-06-01T01:29.11.123;2023-06-01T01:29:11.123;2024-07-24T00:00:00.000;2024-07-24T23:59:59.000
18940;2023-06-01T01:32.11.123;2023-06-01T01:32:11.123;2024-07-24T00:00:00.000;2024-07-24T23:59:59.000
37219;2023-06-01T01:39.11.123;2023-06-01T01:39:11.123;2024-07-24T00:00:00.000;2024-07-24T23:59:59.000
23841;2023-06-01T01:47.11.123;2023-06-01T01:47:11.123;2024-07-24T00:00:00.000;2024-07-24T23:59:59.000
8352;2023-06-01T01:55.11.123;2023-06-01T01:55:11.123;2024-07-24T00:00:00.000;2024-07-24T23:59:59.000
18841;2023-06-01T02:24.11.123;2023-06-01T02:24:11.123;2024-07-24T00:00:00.000;2024-07-24T23:59:59.000
9618;2023-06-01T02:49.11.123;2023-06-01T02:49:11.123;2024-07-24T00:00:00.000;2024-07-24T23:59:59.000
37188;2023-06-01T02:49.11.123;2023-06-01T02:49:11.123;2024-07-24T00:00:00.000;2024-07-24T23:59:59.000
9618;2023-06-01T02:50.11.123;2023-06-01T02:50:11.123;2024-07-24T00:00:00.000;2024-07-24T23:59:59.000
9618;2023-06-01T02:56.11.123;2023-06-01T02:56:11.123;2024-07-24T00:00:00.000;2024-07-24T23:59:59.000
18687;2023-06-01T02:57.11.123;2023-06-01T02:57:11.123;2024-07-24T00:00:00.000;2024-07-24T23:59:59.000
9436;2023-06-01T03:01.11.123;2023-06-01T03:01:11.123;2024-07-24T00:00:00.000;2024-07-24T23:59:59.000
33983;2023-06-01T03:08.11.123;2023-06-01T03:08:11.123;2024-07-24T00:00:00.000;2024-07-24T23:59:59.000
9618;2023-06-01T03:34.11.123;2023-06-01T03:34:11.123;2024-07-24T00:00:00.000;2024-07-24T23:59:59.000
9618;2023-06-01T03:34.11.123;2023-06-01T03:34:11.123;2024-07-24T00:00:00.000;2024-07-24T23:59:59.000
8639;2023-06-01T03:47.11.123;2023-06-01T03:47:11.123;2024-07-24T00:00:00.000;2024-07-24T23:59:59.000
9618;2023-06-01T03:55.11.123;2023-06-01T03:55:11.123;2024-07-24T00:00:00.000;2024-07-24T23:59:59.000
9618;2023-06-01T04:19.11.123;2023-06-01T04:19:11.123;2024-07-24T00:00:00.000;2024-07-24T23:59:59.000
9618;2023-06-01T04:20.11.123;2023-06-01T04:20:11.123;2024-07-24T00:00:00.000;2024-07-24T23:59:59.000
9618;2023-06-01T04:21.11.123;2023-06-01T04:21:11.123;2024-07-24T00:00:00.000;2024-07-24T23:59:59.000
18940;2023-06-01T04:34.11.123;2023-06-01T04:34:11.123;2024-07-24T00:00:00.000;2024-07-24T23:59:59.000
37813;2023-06-01T04:38.11.123;2023-06-01T04:38:11.123;2024-07-24T00:00:00.000;2024-07-24T23:59:59.000
9618;2023-06-01T05:00.11.123;2023-06-01T05:00:11.123;2024-07-24T00:00:00.000;2024-07-24T23:59:59.000
9618;2023-06-01T05:01.11.123;2023-06-01T05:01:11.123;2024-07-24T00:00:00.000;2024-07-24T23:59:59.000
18841;2023-06-01T05:11.11.123;2023-06-01T05:11:11.123;2024-07-24T00:00:00.000;2024-07-24T23:59:59.000
9618;2023-06-01T05:11.11.123;2023-06-01T05:11:11.123;2024-07-24T00:00:00.000;2024-07-24T23:59:59.000
9091;2023-06-01T05:12.11.123;2023-06-01T05:12:11.123;2024-07-24T00:00:00.000;2024-07-24T23:59:59.000
37943;2023-06-01T05:19.11.123;2023-06-01T05:19:11.123;2024-07-24T00:00:00.000;2024-07-24T23:59:59.000
18940;2023-06-01T05:21.11.123;2023-06-01T05:21:11.123;2024-07-24T00:00:00.000;2024-07-24T23:59:59.000
37565;2023-06-01T05:22.11.123;2023-06-01T05:22:11.123;2024-07-24T00:00:00.000;2024-07-24T23:59:59.000
37189;2023-06-01T05:23.11.123;2023-06-01T05:23:11.123;2024-07-24T00:00:00.000;2024-07-24T23:59:59.000
9618;2023-06-01T05:36.11.123;2023-06-01T05:36:11.123;2024-07-24T00:00:00.000;2024-07-24T23:59:59.000
9618;2023-06-01T05:37.11.123;2023-06-01T05:37:11.123;2024-07-24T00:00:00.000;2024-07-24T23:59:59.000
9091;2023-06-01T05:45.11.123;2023-06-01T05:45:11.123;2024-07-24T00:00:00.000;2024-07-24T23:59:59.000
37943;2023-06-01T05:49.11.123;2023-06-01T05:49:11.123;2024-07-24T00:00:00.000;2024-07-24T23:59:59.000
9618;2023-06-01T05:50.11.123;2023-06-01T05:50:11.123;2024-07-24T00:00:00.000;2024-07-24T23:59:59.000
9618;2023-06-01T05:51.11.123;2023-06-01T05:51:11.123;2024-07-24T00:00:00.000;2024-07-24T23:59:59.000
8484;2023-06-01T05:52.11.123;2023-06-01T05:52:11.123;2024-07-24T00:00:00.000;2024-07-24T23:59:59.000
10100;2023-06-01T06:23.11.123;2023-06-01T06:23:11.123;2024-07-24T00:00:00.000;2024-07-24T23:59:59.000
9618;2023-06-01T06:24.11.123;2023-06-01T06:24:11.123;2024-07-24T00:00:00.000;2024-07-24T23:59:59.000
37943;2023-06-01T06:35.11.123;2023-06-01T06:35:11.123;2024-07-24T00:00:00.000;2024-07-24T23:59:59.000
9618;2023-06-01T06:37.11.123;2023-06-01T06:37:11.123;2024-07-24T00:00:00.000;2024-07-24T23:59:59.000
18940;2023-06-01T06:48.11.123;2023-06-01T06:48:11.123;2024-07-24T00:00:00.000;2024-07-24T23:59:59.000
10395;2023-06-01T07:26.11.123;2023-06-01T07:26:11.123;2024-07-24T00:00:00.000;2024-07-24T23:59:59.000
35206;2023-06-01T07:38.11.123;2023-06-01T07:38:11.123;2024-07-24T00:00:00.000;2024-07-24T23:59:59.000
35206;2023-06-01T07:43.11.123;2023-06-01T07:43:11.123;2024-07-24T00:00:00.000;2024-07-24T23:59:59.000
35206;2023-06-01T08:06.11.123;2023-06-01T08:06:11.123;2024-07-24T00:00:00.000;2024-07-24T23:59:59.000
35206;2023-06-01T08:09.11.123;2023-06-01T08:09:11.123;2024-07-24T00:00:00.000;2024-07-24T23:59:59.000
8296;2023-06-01T08:14.11.123;2023-06-01T08:14:11.123;2024-07-24T00:00:00.000;2024-07-24T23:59:59.000
37219;2023-06-01T08:17.11.123;2023-06-01T08:17:11.123;2024-07-24T00:00:00.000;2024-07-24T23:59:59.000
18940;2023-06-01T08:21.11.123;2023-06-01T08:21:11.123;2024-07-24T00:00:00.000;2024-07-24T23:59:59.000
38418;2023-06-01T08:31.11.123;2023-06-01T08:31:11.123;2024-07-24T00:00:00.000;2024-07-24T23:59:59.000
36634;2023-06-01T08:35.11.123;2023-06-01T08:35:11.123;2024-07-24T00:00:00.000;2024-07-24T23:59:59.000
37827;2023-06-01T08:42.11.123;2023-06-01T08:42:11.123;2024-07-24T00:00:00.000;2024-07-24T23:59:59.000
18940;2023-06-01T08:52.11.123;2023-06-01T08:52:11.123;2024-07-24T00:00:00.000;2024-07-24T23:59:59.000
33983;2023-06-01T08:59.11.123;2023-06-01T08:59:11.123;2024-07-24T00:00:00.000;2024-07-24T23:59:59.000
18940;2023-06-01T09:06.11.123;2023-06-01T09:06:11.123;2024-07-24T00:00:00.000;2024-07-24T23:59:59.000
37189;2023-06-01T09:10.11.123;2023-06-01T09:10:11.123;2024-07-24T00:00:00.000;2024-07-24T23:59:59.000
8276;2023-06-01T09:21.11.123;2023-06-01T09:21:11.123;2024-07-24T00:00:00.000;2024-07-24T23:59:59.000
18940;2023-06-01T09:29.11.123;2023-06-01T09:29:11.123;2024-07-24T00:00:00.000;2024-07-24T23:59:59.000
38418;2023-06-01T09:32.11.123;2023-06-01T09:32:11.123;2024-07-24T00:00:00.000;2024-07-24T23:59:59.000
8103;2023-06-01T09:33.11.123;2023-06-01T09:33:11.123;2024-07-24T00:00:00.000;2024-07-24T23:59:59.000
37943;2023-06-01T09:42.11.123;2023-06-01T09:42:11.123;2024-07-24T00:00:00.000;2024-07-24T23:59:59.000
35791;2023-06-01T09:49.11.123;2023-06-01T09:49:11.123;2024-07-24T00:00:00.000;2024-07-24T23:59:59.000
37484;2023-06-01T09:53.11.123;2023-06-01T09:53:11.123;2024-07-24T00:00:00.000;2024-07-24T23:59:59.000
9090;2023-06-01T09:54.11.123;2023-06-01T09:54:11.123;2024-07-24T00:00:00.000;2024-07-24T23:59:59.000
16733;2023-06-01T09:55.11.123;2023-06-01T09:55:11.123;2024-07-24T00:00:00.000;2024-07-24T23:59:59.000
37565;2023-06-01T10:01.11.123;2023-06-01T10:01:11.123;2024-07-24T00:00:00.000;2024-07-24T23:59:59.000
18841;2023-06-01T10:14.11.123;2023-06-01T10:14:11.123;2024-07-24T00:00:00.000;2024-07-24T23:59:59.000
24780;2023-06-01T10:18.11.123;2023-06-01T10:18:11.123;2024-07-24T00:00:00.000;2024-07-24T23:59:59.000
37943;2023-06-01T10:42.11.123;2023-06-01T10:42:11.123;2024-07-24T00:00:00.000;2024-07-24T23:59:59.000
18940;2023-06-01T10:42.11.123;2023-06-01T10:42:11.123;2024-07-24T00:00:00.000;2024-07-24T23:59:59.000
18940;2023-06-01T10:43.11.123;2023-06-01T10:43:11.123;2024-07-24T00:00:00.000;2024-07-24T23:59:59.000
18940;2023-06-01T10:43.11.123;2023-06-01T10:43:11.123;2024-07-24T00:00:00.000;2024-07-24T23:59:59.000
35206;2023-06-01T10:49.11.123;2023-06-01T10:49:11.123;2024-07-24T00:00:00.000;2024-07-24T23:59:59.000
18940;2023-06-01T10:54.11.123;2023-06-01T10:54:11.123;2024-07-24T00:00:00.000;2024-07-24T23:59:59.000
18841;2023-06-01T10:57.11.123;2023-06-01T10:57:11.123;2024-07-24T00:00:00.000;2024-07-24T23:59:59.000
18940;2023-06-01T11:08.11.123;2023-06-01T11:08:11.123;2024-07-24T00:00:00.000;2024-07-24T23:59:59.000
18940;2023-06-01T11:15.11.123;2023-06-01T11:15:11.123;2024-07-24T00:00:00.000;2024-07-24T23:59:59.000
35206;2023-06-01T11:29.11.123;2023-06-01T11:29:11.123;2024-07-24T00:00:00.000;2024-07-24T23:59:59.000
18940;2023-06-01T11:32.11.123;2023-06-01T11:32:11.123;2024-07-24T00:00:00.000;2024-07-24T23:59:59.000
33806;2023-06-01T11:33.11.123;2023-06-01T11:33:11.123;2024-07-24T00:00:00.000;2024-07-24T23:59:59.000
18940;2023-06-01T11:49.11.123;2023-06-01T11:49:11.123;2024-07-24T00:00:00.000;2024-07-24T23:59:59.000
37881;2023-06-01T11:55.11.123;2023-06-01T11:55:11.123;2024-07-24T00:00:00.000;2024-07-24T23:59:59.000
23841;2023-06-01T12:05.11.123;2023-06-01T12:05:11.123;2024-07-24T00:00:00.000;2024-07-24T23:59:59.000
16733;2023-06-01T12:06.11.123;2023-06-01T12:06:11.123;2024-07-24T00:00:00.000;2024-07-24T23:59:59.000
8639;2023-06-01T12:10.11.123;2023-06-01T12:10:11.123;2024-07-24T00:00:00.000;2024-07-24T23:59:59.000
25740;2023-06-01T12:26.11.123;2023-06-01T12:26:11.123;2024-07-24T00:00:00.000;2024-07-24T23:59:59.000
8352;2023-06-01T12:55.11.123;2023-06-01T12:55:11.123;2024-07-24T00:00:00.000;2024-07-24T23:59:59.000
8977;2023-06-02T01:15.11.123;2023-06-02T01:15:11.123;2024-07-24T00:00:00.000;2024-07-24T23:59:59.000
17330;2023-06-02T01:17.11.123;2023-06-02T01:17:11.123;2024-07-24T00:00:00.000;2024-07-24T23:59:59.000
35206;2023-06-02T01:28.11.123;2023-06-02T01:28:11.123;2024-07-24T00:00:00.000;2024-07-24T23:59:59.000
18940;2023-06-02T01:41.11.123;2023-06-02T01:41:11.123;2024-07-24T00:00:00.000;2024-07-24T23:59:59.000
33806;2023-06-02T02:10.11.123;2023-06-02T02:10:11.123;2024-07-24T00:00:00.000;2024-07-24T23:59:59.000
7851;2023-06-02T02:10.11.123;2023-06-02T02:10:11.123;2024-07-24T00:00:00.000;2024-07-24T23:59:59.000
37827;2023-06-02T02:24.11.123;2023-06-02T02:24:11.123;2024-07-24T00:00:00.000;2024-07-24T23:59:59.000
18940;2023-06-02T02:25.11.123;2023-06-02T02:25:11.123;2024-07-24T00:00:00.000;2024-07-24T23:59:59.000
37189;2023-06-02T02:56.11.123;2023-06-02T02:56:11.123;2024-07-24T00:00:00.000;2024-07-24T23:59:59.000
18940;2023-06-02T03:00.11.123;2023-06-02T03:00:11.123;2024-07-24T00:00:00.000;2024-07-24T23:59:59.000
9618;2023-06-02T03:09.11.123;2023-06-02T03:09:11.123;2024-07-24T00:00:00.000;2024-07-24T23:59:59.000
36966;2023-06-02T03:18.11.123;2023-06-02T03:18:11.123;2024-07-24T00:00:00.000;2024-07-24T23:59:59.000
9618;2023-06-02T03:19.11.123;2023-06-02T03:19:11.123;2024-07-24T00:00:00.000;2024-07-24T23:59:59.000
9618;2023-06-02T03:19.11.123;2023-06-02T03:19:11.123;2024-07-24T00:00:00.000;2024-07-24T23:59:59.000
18841;2023-06-02T03:36.11.123;2023-06-02T03:36:11.123;2024-07-24T00:00:00.000;2024-07-24T23:59:59.000
18940;2023-06-02T03:39.11.123;2023-06-02T03:39:11.123;2024-07-24T00:00:00.000;2024-07-24T23:59:59.000
18940;2023-06-02T03:47.11.123;2023-06-02T03:47:11.123;2024-07-24T00:00:00.000;2024-07-24T23:59:59.000
18940;2023-06-02T04:04.11.123;2023-06-02T04:04:11.123;2024-07-24T00:00:00.000;2024-07-24T23:59:59.000
23841;2023-06-02T04:10.11.123;2023-06-02T04:10:11.123;2024-07-24T00:00:00.000;2024-07-24T23:59:59.000
9618;2023-06-02T04:36.11.123;2023-06-02T04:36:11.123;2024-07-24T00:00:00.000;2024-07-24T23:59:59.000
9618;2023-06-02T04:37.11.123;2023-06-02T04:37:11.123;2024-07-24T00:00:00.000;2024-07-24T23:59:59.000
9618;2023-06-02T04:37.11.123;2023-06-02T04:37:11.123;2024-07-24T00:00:00.000;2024-07-24T23:59:59.000
20924;2023-06-02T04:42.11.123;2023-06-02T04:42:11.123;2024-07-24T00:00:00.000;2024-07-24T23:59:59.000
37741;2023-06-02T04:43.11.123;2023-06-02T04:43:11.123;2024-07-24T00:00:00.000;2024-07-24T23:59:59.000
8450;2023-06-02T04:44.11.123;2023-06-02T04:44:11.123;2024-07-24T00:00:00.000;2024-07-24T23:59:59.000
18841;2023-06-02T04:47.11.123;2023-06-02T04:47:11.123;2024-07-24T00:00:00.000;2024-07-24T23:59:59.000
35206;2023-06-02T04:48.11.123;2023-06-02T04:48:11.123;2024-07-24T00:00:00.000;2024-07-24T23:59:59.000
18940;2023-06-02T05:06.11.123;2023-06-02T05:06:11.123;2024-07-24T00:00:00.000;2024-07-24T23:59:59.000
36966;2023-06-02T05:36.11.123;2023-06-02T05:36:11.123;2024-07-24T00:00:00.000;2024-07-24T23:59:59.000
9224;2023-06-02T05:47.11.123;2023-06-02T05:47:11.123;2024-07-24T00:00:00.000;2024-07-24T23:59:59.000
18940;2023-06-02T05:49.11.123;2023-06-02T05:49:11.123;2024-07-24T00:00:00.000;2024-07-24T23:59:59.000
8639;2023-06-02T05:50.11.123;2023-06-02T05:50:11.123;2024-07-24T00:00:00.000;2024-07-24T23:59:59.000
9436;2023-06-02T06:02.11.123;2023-06-02T06:02:11.123;2024-07-24T00:00:00.000;2024-07-24T23:59:59.000
18940;2023-06-02T06:03.11.123;2023-06-02T06:03:11.123;2024-07-24T00:00:00.000;2024-07-24T23:59:59.000
33906;2023-06-02T06:07.11.123;2023-06-02T06:07:11.123;2024-07-24T00:00:00.000;2024-07-24T23:59:59.000
9618;2023-06-02T06:15.11.123;2023-06-02T06:15:11.123;2024-07-24T00:00:00.000;2024-07-24T23:59:59.000
18492;2023-06-02T06:25.11.123;2023-06-02T06:25:11.123;2024-07-24T00:00:00.000;2024-07-24T23:59:59.000
18841;2023-06-02T06:32.11.123;2023-06-02T06:32:11.123;2024-07-24T00:00:00.000;2024-07-24T23:59:59.000
37565;2023-06-02T06:56.11.123;2023-06-02T06:56:11.123;2024-07-24T00:00:00.000;2024-07-24T23:59:59.000
18940;2023-06-02T06:56.11.123;2023-06-02T06:56:11.123;2024-07-24T00:00:00.000;2024-07-24T23:59:59.000
17486;2023-06-02T07:06.11.123;2023-06-02T07:06:11.123;2024-07-24T00:00:00.000;2024-07-24T23:59:59.000
9618;2023-06-02T07:22.11.123;2023-06-02T07:22:11.123;2024-07-24T00:00:00.000;2024-07-24T23:59:59.000
9091;2023-06-02T07:35.11.123;2023-06-02T07:35:11.123;2024-07-24T00:00:00.000;2024-07-24T23:59:59.000
18687;2023-06-02T07:43.11.123;2023-06-02T07:43:11.123;2024-07-24T00:00:00.000;2024-07-24T23:59:59.000
8977;2023-06-02T07:53.11.123;2023-06-02T07:53:11.123;2024-07-24T00:00:00.000;2024-07-24T23:59:59.000
18900;2023-06-02T08:11.11.123;2023-06-02T08:11:11.123;2024-07-24T00:00:00.000;2024-07-24T23:59:59.000
8296;2023-06-02T08:15.11.123;2023-06-02T08:15:11.123;2024-07-24T00:00:00.000;2024-07-24T23:59:59.000
23841;2023-06-02T08:28.11.123;2023-06-02T08:28:11.123;2024-07-24T00:00:00.000;2024-07-24T23:59:59.000
17486;2023-06-02T08:33.11.123;2023-06-02T08:33:11.123;2024-07-24T00:00:00.000;2024-07-24T23:59:59.000
18940;2023-06-02T08:43.11.123;2023-06-02T08:43:11.123;2024-07-24T00:00:00.000;2024-07-24T23:59:59.000
37943;2023-06-02T08:43.11.123;2023-06-02T08:43:11.123;2024-07-24T00:00:00.000;2024-07-24T23:59:59.000
9618;2023-06-02T08:54.11.123;2023-06-02T08:54:11.123;2024-07-24T00:00:00.000;2024-07-24T23:59:59.000
18940;2023-06-02T08:56.11.123;2023-06-02T08:56:11.123;2024-07-24T00:00:00.000;2024-07-24T23:59:59.000
18940;2023-06-02T08:57.11.123;2023-06-02T08:57:11.123;2024-07-24T00:00:00.000;2024-07-24T23:59:59.000
37219;2023-06-02T09:02.11.123;2023-06-02T09:02:11.123;2024-07-24T00:00:00.000;2024-07-24T23:59:59.000
9091;2023-06-02T09:12.11.123;2023-06-02T09:12:11.123;2024-07-24T00:00:00.000;2024-07-24T23:59:59.000
33906;2023-06-02T09:15.11.123;2023-06-02T09:15:11.123;2024-07-24T00:00:00.000;2024-07-24T23:59:59.000
38003;2023-06-02T09:18.11.123;2023-06-02T09:18:11.123;2024-07-24T00:00:00.000;2024-07-24T23:59:59.000
33906;2023-06-02T09:54.11.123;2023-06-02T09:54:11.123;2024-07-24T00:00:00.000;2024-07-24T23:59:59.000
36966;2023-06-02T09:57.11.123;2023-06-02T09:57:11.123;2024-07-24T00:00:00.000;2024-07-24T23:59:59.000
37565;2023-06-02T10:17.11.123;2023-06-02T10:17:11.123;2024-07-24T00:00:00.000;2024-07-24T23:59:59.000
25656;2023-06-02T10:21.11.123;2023-06-02T10:21:11.123;2024-07-24T00:00:00.000;2024-07-24T23:59:59.000
36966;2023-06-02T10:24.11.123;2023-06-02T10:24:11.123;2024-07-24T00:00:00.000;2024-07-24T23:59:59.000
38062;2023-06-02T10:25.11.123;2023-06-02T10:25:11.123;2024-07-24T00:00:00.000;2024-07-24T23:59:59.000
38003;2023-06-02T10:33.11.123;2023-06-02T10:33:11.123;2024-07-24T00:00:00.000;2024-07-24T23:59:59.000
37189;2023-06-02T11:05.11.123;2023-06-02T11:05:11.123;2024-07-24T00:00:00.000;2024-07-24T23:59:59.000
19767;2023-06-02T11:06.11.123;2023-06-02T11:06:11.123;2024-07-24T00:00:00.000;2024-07-24T23:59:59.000
24780;2023-06-02T11:19.11.123;2023-06-02T11:19:11.123;2024-07-24T00:00:00.000;2024-07-24T23:59:59.000
24780;2023-06-02T11:19.11.123;2023-06-02T11:19:11.123;2024-07-24T00:00:00.000;2024-07-24T23:59:59.000
9618;2023-06-02T11:46.11.123;2023-06-02T11:46:11.123;2024-07-24T00:00:00.000;2024-07-24T23:59:59.000
9618;2023-06-02T11:46.11.123;2023-06-02T11:46:11.123;2024-07-24T00:00:00.000;2024-07-24T23:59:59.000
9618;2023-06-02T11:47.11.123;2023-06-02T11:47:11.123;2024-07-24T00:00:00.000;2024-07-24T23:59:59.000
9618;2023-06-02T11:47.11.123;2023-06-02T11:47:11.123;2024-07-24T00:00:00.000;2024-07-24T23:59:59.000
9618;2023-06-02T12:00.11.123;2023-06-02T12:00:11.123;2024-07-24T00:00:00.000;2024-07-24T23:59:59.000
9618;2023-06-02T12:01.11.123;2023-06-02T12:01:11.123;2024-07-24T00:00:00.000;2024-07-24T23:59:59.000
9618;2023-06-02T12:07.11.123;2023-06-02T12:07:11.123;2024-07-24T00:00:00.000;2024-07-24T23:59:59.000
9618;2023-06-02T12:07.11.123;2023-06-02T12:07:11.123;2024-07-24T00:00:00.000;2024-07-24T23:59:59.000
7851;2023-06-02T12:07.11.123;2023-06-02T12:07:11.123;2024-07-24T00:00:00.000;2024-07-24T23:59:59.000
37484;2023-06-02T12:12.11.123;2023-06-02T12:12:11.123;2024-07-24T00:00:00.000;2024-07-24T23:59:59.000
18841;2023-06-02T12:14.11.123;2023-06-02T12:14:11.123;2024-07-24T00:00:00.000;2024-07-24T23:59:59.000
18940;2023-06-02T12:14.11.123;2023-06-02T12:14:11.123;2024-07-24T00:00:00.000;2024-07-24T23:59:59.000
16733;2023-06-02T12:27.11.123;2023-06-02T12:27:11.123;2024-07-24T00:00:00.000;2024-07-24T23:59:59.000
18940;2023-06-02T12:50.11.123;2023-06-02T12:50:11.123;2024-07-24T00:00:00.000;2024-07-24T23:59:59.000
18940;2023-06-02T12:51.11.123;2023-06-02T12:51:11.123;2024-07-24T00:00:00.000;2024-07-24T23:59:59.000
18841;2023-06-03T02:48.11.123;2023-06-03T02:48:11.123;2024-07-24T00:00:00.000;2024-07-24T23:59:59.000
18900;2023-06-03T12:10.11.123;2023-06-03T12:10:11.123;2024-07-24T00:00:00.000;2024-07-24T23:59:59.000
18940;2023-06-02T01:35.11.123;2023-06-02T01:35:11.123;2024-07-24T00:00:00.000;2024-07-24T23:59:59.000
8851;2023-06-02T01:58.11.123;2023-06-02T01:58:11.123;2024-07-24T00:00:00.000;2024-07-24T23:59:59.000
8912;2023-06-02T02:50.11.123;2023-06-02T02:50:11.123;2024-07-24T00:00:00.000;2024-07-24T23:59:59.000
9618;2023-06-02T03:19.11.123;2023-06-02T03:19:11.123;2024-07-24T00:00:00.000;2024-07-24T23:59:59.000
9618;2023-06-02T03:20.11.123;2023-06-02T03:20:11.123;2024-07-24T00:00:00.000;2024-07-24T23:59:59.000
18900;2023-06-02T03:53.11.123;2023-06-02T03:53:11.123;2024-07-24T00:00:00.000;2024-07-24T23:59:59.000
18940;2023-06-02T04:05.11.123;2023-06-02T04:05:11.123;2024-07-24T00:00:00.000;2024-07-24T23:59:59.000
37741;2023-06-02T04:14.11.123;2023-06-02T04:14:11.123;2024-07-24T00:00:00.000;2024-07-24T23:59:59.000
9618;2023-06-02T04:38.11.123;2023-06-02T04:38:11.123;2024-07-24T00:00:00.000;2024-07-24T23:59:59.000
18940;2023-06-02T04:44.11.123;2023-06-02T04:44:11.123;2024-07-24T00:00:00.000;2024-07-24T23:59:59.000
18940;2023-06-02T04:44.11.123;2023-06-02T04:44:11.123;2024-07-24T00:00:00.000;2024-07-24T23:59:59.000
9618;2023-06-02T05:07.11.123;2023-06-02T05:07:11.123;2024-07-24T00:00:00.000;2024-07-24T23:59:59.000
18841;2023-06-02T05:28.11.123;2023-06-02T05:28:11.123;2024-07-24T00:00:00.000;2024-07-24T23:59:59.000
24780;2023-06-02T05:46.11.123;2023-06-02T05:46:11.123;2024-07-24T00:00:00.000;2024-07-24T23:59:59.000
9454;2023-06-02T06:58.11.123;2023-06-02T06:58:11.123;2024-07-24T00:00:00.000;2024-07-24T23:59:59.000
11765;2023-06-02T07:02.11.123;2023-06-02T07:02:11.123;2024-07-24T00:00:00.000;2024-07-24T23:59:59.000
18940;2023-06-02T07:27.11.123;2023-06-02T07:27:11.123;2024-07-24T00:00:00.000;2024-07-24T23:59:59.000
9090;2023-06-02T07:43.11.123;2023-06-02T07:43:11.123;2024-07-24T00:00:00.000;2024-07-24T23:59:59.000
8296;2023-06-02T08:32.11.123;2023-06-02T08:32:11.123;2024-07-24T00:00:00.000;2024-07-24T23:59:59.000
19767;2023-06-02T08:35.11.123;2023-06-02T08:35:11.123;2024-07-24T00:00:00.000;2024-07-24T23:59:59.000
18841;2023-06-02T09:01.11.123;2023-06-02T09:01:11.123;2024-07-24T00:00:00.000;2024-07-24T23:59:59.000
33806;2023-06-02T09:25.11.123;2023-06-02T09:25:11.123;2024-07-24T00:00:00.000;2024-07-24T23:59:59.000
9091;2023-06-02T09:25.11.123;2023-06-02T09:25:11.123;2024-07-24T00:00:00.000;2024-07-24T23:59:59.000
18940;2023-06-02T09:42.11.123;2023-06-02T09:42:11.123;2024-07-24T00:00:00.000;2024-07-24T23:59:59.000
18900;2023-06-02T09:47.11.123;2023-06-02T09:47:11.123;2024-07-24T00:00:00.000;2024-07-24T23:59:59.000
18940;2023-06-02T09:49.11.123;2023-06-02T09:49:11.123;2024-07-24T00:00:00.000;2024-07-24T23:59:59.000
18940;2023-06-02T10:43.11.123;2023-06-02T10:43:11.123;2024-07-24T00:00:00.000;2024-07-24T23:59:59.000
18841;2023-06-02T11:08.11.123;2023-06-02T11:08:11.123;2024-07-24T00:00:00.000;2024-07-24T23:59:59.000
8450;2023-06-02T11:11.11.123;2023-06-02T11:11:11.123;2024-07-24T00:00:00.000;2024-07-24T23:59:59.000
18940;2023-06-02T11:33.11.123;2023-06-02T11:33:11.123;2024-07-24T00:00:00.000;2024-07-24T23:59:59.000
18940;2023-06-02T11:38.11.123;2023-06-02T11:38:11.123;2024-07-24T00:00:00.000;2024-07-24T23:59:59.000
18940;2023-06-02T11:43.11.123;2023-06-02T11:43:11.123;2024-07-24T00:00:00.000;2024-07-24T23:59:59.000
8103;2023-06-03T01:16.11.123;2023-06-03T01:16:11.123;2024-07-24T00:00:00.000;2024-07-24T23:59:59.000
18940;2023-06-03T02:19.11.123;2023-06-03T02:19:11.123;2024-07-24T00:00:00.000;2024-07-24T23:59:59.000
24780;2023-06-03T02:29.11.123;2023-06-03T02:29:11.123;2024-07-24T00:00:00.000;2024-07-24T23:59:59.000
37808;2023-06-03T02:31.11.123;2023-06-03T02:31:11.123;2024-07-24T00:00:00.000;2024-07-24T23:59:59.000
18940;2023-06-03T03:11.11.123;2023-06-03T03:11:11.123;2024-07-24T00:00:00.000;2024-07-24T23:59:59.000
36966;2023-06-03T03:38.11.123;2023-06-03T03:38:11.123;2024-07-24T00:00:00.000;2024-07-24T23:59:59.000
9618;2023-06-03T03:58.11.123;2023-06-03T03:58:11.123;2024-07-24T00:00:00.000;2024-07-24T23:59:59.000
33906;2023-06-03T04:04.11.123;2023-06-03T04:04:11.123;2024-07-24T00:00:00.000;2024-07-24T23:59:59.000
33906;2023-06-03T04:32.11.123;2023-06-03T04:32:11.123;2024-07-24T00:00:00.000;2024-07-24T23:59:59.000
36634;2023-06-03T04:35.11.123;2023-06-03T04:35:11.123;2024-07-24T00:00:00.000;2024-07-24T23:59:59.000
24780;2023-06-03T04:36.11.123;2023-06-03T04:36:11.123;2024-07-24T00:00:00.000;2024-07-24T23:59:59.000
34605;2023-06-03T04:52.11.123;2023-06-03T04:52:11.123;2024-07-24T00:00:00.000;2024-07-24T23:59:59.000
18940;2023-06-03T05:03.11.123;2023-06-03T05:03:11.123;2024-07-24T00:00:00.000;2024-07-24T23:59:59.000
18940;2023-06-03T05:36.11.123;2023-06-03T05:36:11.123;2024-07-24T00:00:00.000;2024-07-24T23:59:59.000
30243;2023-06-03T06:55.11.123;2023-06-03T06:55:11.123;2024-07-24T00:00:00.000;2024-07-24T23:59:59.000
18687;2023-06-03T07:04.11.123;2023-06-03T07:04:11.123;2024-07-24T00:00:00.000;2024-07-24T23:59:59.000
17486;2023-06-03T07:37.11.123;2023-06-03T07:37:11.123;2024-07-24T00:00:00.000;2024-07-24T23:59:59.000
9618;2023-06-03T07:43.11.123;2023-06-03T07:43:11.123;2024-07-24T00:00:00.000;2024-07-24T23:59:59.000
9327;2023-06-03T08:24.11.123;2023-06-03T08:24:11.123;2024-07-24T00:00:00.000;2024-07-24T23:59:59.000
9618;2023-06-03T09:23.11.123;2023-06-03T09:23:11.123;2024-07-24T00:00:00.000;2024-07-24T23:59:59.000
18940;2023-06-03T09:31.11.123;2023-06-03T09:31:11.123;2024-07-24T00:00:00.000;2024-07-24T23:59:59.000
9618;2023-06-03T09:56.11.123;2023-06-03T09:56:11.123;2024-07-24T00:00:00.000;2024-07-24T23:59:59.000
9618;2023-06-03T09:56.11.123;2023-06-03T09:56:11.123;2024-07-24T00:00:00.000;2024-07-24T23:59:59.000
18940;2023-06-03T10:19.11.123;2023-06-03T10:19:11.123;2024-07-24T00:00:00.000;2024-07-24T23:59:59.000
35006;2023-06-03T10:32.11.123;2023-06-03T10:32:11.123;2024-07-24T00:00:00.000;2024-07-24T23:59:59.000
36634;2023-06-03T10:54.11.123;2023-06-03T10:54:11.123;2024-07-24T00:00:00.000;2024-07-24T23:59:59.000
9618;2023-06-03T11:34.11.123;2023-06-03T11:34:11.123;2024-07-24T00:00:00.000;2024-07-24T23:59:59.000
33906;2023-06-03T11:52.11.123;2023-06-03T11:52:11.123;2024-07-24T00:00:00.000;2024-07-24T23:59:59.000
18841;2023-06-03T12:11.11.123;2023-06-03T12:11:11.123;2024-07-24T00:00:00.000;2024-07-24T23:59:59.000
33906;2023-06-03T12:15.11.123;2023-06-03T12:15:11.123;2024-07-24T00:00:00.000;2024-07-24T23:59:59.000
18940;2023-06-03T12:22.11.123;2023-06-03T12:22:11.123;2024-07-24T00:00:00.000;2024-07-24T23:59:59.000
18841;2023-06-03T12:33.11.123;2023-06-03T12:33:11.123;2024-07-24T00:00:00.000;2024-07-24T23:59:59.000
18940;2023-06-03T12:37.11.123;2023-06-03T12:37:11.123;2024-07-24T00:00:00.000;2024-07-24T23:59:59.000
18940;2023-06-03T03:11.11.123;2023-06-03T03:11:11.123;2024-07-24T00:00:00.000;2024-07-24T23:59:59.000
8851;2023-06-03T04:52.11.123;2023-06-03T04:52:11.123;2024-07-24T00:00:00.000;2024-07-24T23:59:59.000
8352;2023-06-03T12:57.11.123;2023-06-03T12:57:11.123;2024-07-24T00:00:00.000;2024-07-24T23:59:59.000
37219;2023-06-03T01:04.11.123;2023-06-03T01:04:11.123;2024-07-24T00:00:00.000;2024-07-24T23:59:59.000
8450;2023-06-03T01:15.11.123;2023-06-03T01:15:11.123;2024-07-24T00:00:00.000;2024-07-24T23:59:59.000
37484;2023-06-03T01:20.11.123;2023-06-03T01:20:11.123;2024-07-24T00:00:00.000;2024-07-24T23:59:59.000
9618;2023-06-03T01:27.11.123;2023-06-03T01:27:11.123;2024-07-24T00:00:00.000;2024-07-24T23:59:59.000
9618;2023-06-03T01:27.11.123;2023-06-03T01:27:11.123;2024-07-24T00:00:00.000;2024-07-24T23:59:59.000
9618;2023-06-03T01:27.11.123;2023-06-03T01:27:11.123;2024-07-24T00:00:00.000;2024-07-24T23:59:59.000
9090;2023-06-03T01:36.11.123;2023-06-03T01:36:11.123;2024-07-24T00:00:00.000;2024-07-24T23:59:59.000
17486;2023-06-03T01:46.11.123;2023-06-03T01:46:11.123;2024-07-24T00:00:00.000;2024-07-24T23:59:59.000
8977;2023-06-03T02:04.11.123;2023-06-03T02:04:11.123;2024-07-24T00:00:00.000;2024-07-24T23:59:59.000
9618;2023-06-03T02:31.11.123;2023-06-03T02:31:11.123;2024-07-24T00:00:00.000;2024-07-24T23:59:59.000
8639;2023-06-03T02:34.11.123;2023-06-03T02:34:11.123;2024-07-24T00:00:00.000;2024-07-24T23:59:59.000
9618;2023-06-03T02:42.11.123;2023-06-03T02:42:11.123;2024-07-24T00:00:00.000;2024-07-24T23:59:59.000
8276;2023-06-03T02:42.11.123;2023-06-03T02:42:11.123;2024-07-24T00:00:00.000;2024-07-24T23:59:59.000
32919;2023-06-03T02:57.11.123;2023-06-03T02:57:11.123;2024-07-24T00:00:00.000;2024-07-24T23:59:59.000
18687;2023-06-03T03:51.11.123;2023-06-03T03:51:11.123;2024-07-24T00:00:00.000;2024-07-24T23:59:59.000
33833;2023-06-03T04:39.11.123;2023-06-03T04:39:11.123;2024-07-24T00:00:00.000;2024-07-24T23:59:59.000
9618;2023-06-03T04:45.11.123;2023-06-03T04:45:11.123;2024-07-24T00:00:00.000;2024-07-24T23:59:59.000
36467;2023-06-03T05:01.11.123;2023-06-03T05:01:11.123;2024-07-24T00:00:00.000;2024-07-24T23:59:59.000
18940;2023-06-03T05:16.11.123;2023-06-03T05:16:11.123;2024-07-24T00:00:00.000;2024-07-24T23:59:59.000
18940;2023-06-03T05:29.11.123;2023-06-03T05:29:11.123;2024-07-24T00:00:00.000;2024-07-24T23:59:59.000
8276;2023-06-03T05:32.11.123;2023-06-03T05:32:11.123;2024-07-24T00:00:00.000;2024-07-24T23:59:59.000
37943;2023-06-03T05:43.11.123;2023-06-03T05:43:11.123;2024-07-24T00:00:00.000;2024-07-24T23:59:59.000
9091;2023-06-03T07:04.11.123;2023-06-03T07:04:11.123;2024-07-24T00:00:00.000;2024-07-24T23:59:59.000
16702;2023-06-03T07:04.11.123;2023-06-03T07:04:11.123;2024-07-24T00:00:00.000;2024-07-24T23:59:59.000
8001;2023-06-03T07:14.11.123;2023-06-03T07:14:11.123;2024-07-24T00:00:00.000;2024-07-24T23:59:59.000
8352;2023-06-03T07:28.11.123;2023-06-03T07:28:11.123;2024-07-24T00:00:00.000;2024-07-24T23:59:59.000
8639;2023-06-03T08:25.11.123;2023-06-03T08:25:11.123;2024-07-24T00:00:00.000;2024-07-24T23:59:59.000
18940;2023-06-03T09:05.11.123;2023-06-03T09:05:11.123;2024-07-24T00:00:00.000;2024-07-24T23:59:59.000
18900;2023-06-03T09:20.11.123;2023-06-03T09:20:11.123;2024-07-24T00:00:00.000;2024-07-24T23:59:59.000
9327;2023-06-03T10:01.11.123;2023-06-03T10:01:11.123;2024-07-24T00:00:00.000;2024-07-24T23:59:59.000
18940;2023-06-03T10:12.11.123;2023-06-03T10:12:11.123;2024-07-24T00:00:00.000;2024-07-24T23:59:59.000
18841;2023-06-03T10:53.11.123;2023-06-03T10:53:11.123;2024-07-24T00:00:00.000;2024-07-24T23:59:59.000
9618;2023-06-03T11:06.11.123;2023-06-03T11:06:11.123;2024-07-24T00:00:00.000;2024-07-24T23:59:59.000
18940;2023-06-03T11:06.11.123;2023-06-03T11:06:11.123;2024-07-24T00:00:00.000;2024-07-24T23:59:59.000
9618;2023-06-03T11:06.11.123;2023-06-03T11:06:11.123;2024-07-24T00:00:00.000;2024-07-24T23:59:59.000
9618;2023-06-03T11:07.11.123;2023-06-03T11:07:11.123;2024-07-24T00:00:00.000;2024-07-24T23:59:59.000
18940;2023-06-03T11:08.11.123;2023-06-03T11:08:11.123;2024-07-24T00:00:00.000;2024-07-24T23:59:59.000
9618;2023-06-03T11:34.11.123;2023-06-03T11:34:11.123;2024-07-24T00:00:00.000;2024-07-24T23:59:59.000
18940;2023-06-03T12:02.11.123;2023-06-03T12:02:11.123;2024-07-24T00:00:00.000;2024-07-24T23:59:59.000
18687;2023-06-03T12:07.11.123;2023-06-03T12:07:11.123;2024-07-24T00:00:00.000;2024-07-24T23:59:59.000
17486;2023-06-03T12:38.11.123;2023-06-03T12:38:11.123;2024-07-24T00:00:00.000;2024-07-24T23:59:59.000
18940;2023-06-04T03:40.11.123;2023-06-04T03:40:11.123;2024-07-24T00:00:00.000;2024-07-24T23:59:59.000
9454;2023-06-04T08:33.11.123;2023-06-04T08:33:11.123;2024-07-24T00:00:00.000;2024-07-24T23:59:59.000
18940;2023-06-04T08:50.11.123;2023-06-04T08:50:11.123;2024-07-24T00:00:00.000;2024-07-24T23:59:59.000
18940;2023-06-04T08:55.11.123;2023-06-04T08:55:11.123;2024-07-24T00:00:00.000;2024-07-24T23:59:59.000
18940;2023-06-04T12:37.11.123;2023-06-04T12:37:11.123;2024-07-24T00:00:00.000;2024-07-24T23:59:59.000
18940;2023-06-03T01:35.11.123;2023-06-03T01:35:11.123;2024-07-24T00:00:00.000;2024-07-24T23:59:59.000
18687;2023-06-03T02:00.11.123;2023-06-03T02:00:11.123;2024-07-24T00:00:00.000;2024-07-24T23:59:59.000
9618;2023-06-03T02:22.11.123;2023-06-03T02:22:11.123;2024-07-24T00:00:00.000;2024-07-24T23:59:59.000
9618;2023-06-03T02:31.11.123;2023-06-03T02:31:11.123;2024-07-24T00:00:00.000;2024-07-24T23:59:59.000
18940;2023-06-03T03:03.11.123;2023-06-03T03:03:11.123;2024-07-24T00:00:00.000;2024-07-24T23:59:59.000
18940;2023-06-03T04:05.11.123;2023-06-03T04:05:11.123;2024-07-24T00:00:00.000;2024-07-24T23:59:59.000
9618;2023-06-03T04:11.11.123;2023-06-03T04:11:11.123;2024-07-24T00:00:00.000;2024-07-24T23:59:59.000
8977;2023-06-03T05:13.11.123;2023-06-03T05:13:11.123;2024-07-24T00:00:00.000;2024-07-24T23:59:59.000
18940;2023-06-03T06:16.11.123;2023-06-03T06:16:11.123;2024-07-24T00:00:00.000;2024-07-24T23:59:59.000
18940;2023-06-03T06:31.11.123;2023-06-03T06:31:11.123;2024-07-24T00:00:00.000;2024-07-24T23:59:59.000
34273;2023-06-03T06:44.11.123;2023-06-03T06:44:11.123;2024-07-24T00:00:00.000;2024-07-24T23:59:59.000
18841;2023-06-03T06:49.11.123;2023-06-03T06:49:11.123;2024-07-24T00:00:00.000;2024-07-24T23:59:59.000
18940;2023-06-03T06:54.11.123;2023-06-03T06:54:11.123;2024-07-24T00:00:00.000;2024-07-24T23:59:59.000
37484;2023-06-03T07:48.11.123;2023-06-03T07:48:11.123;2024-07-24T00:00:00.000;2024-07-24T23:59:59.000
18940;2023-06-03T09:04.11.123;2023-06-03T09:04:11.123;2024-07-24T00:00:00.000;2024-07-24T23:59:59.000
18940;2023-06-03T09:14.11.123;2023-06-03T09:14:11.123;2024-07-24T00:00:00.000;2024-07-24T23:59:59.000
37219;2023-06-03T10:28.11.123;2023-06-03T10:28:11.123;2024-07-24T00:00:00.000;2024-07-24T23:59:59.000
18940;2023-06-03T11:27.11.123;2023-06-03T11:27:11.123;2024-07-24T00:00:00.000;2024-07-24T23:59:59.000
18940;2023-06-03T11:30.11.123;2023-06-03T11:30:11.123;2024-07-24T00:00:00.000;2024-07-24T23:59:59.000
9618;2023-06-04T01:00.11.123;2023-06-04T01:00:11.123;2024-07-24T00:00:00.000;2024-07-24T23:59:59.000
18940;2023-06-04T01:29.11.123;2023-06-04T01:29:11.123;2024-07-24T00:00:00.000;2024-07-24T23:59:59.000
8103;2023-06-04T01:51.11.123;2023-06-04T01:51:11.123;2024-07-24T00:00:00.000;2024-07-24T23:59:59.000
18687;2023-06-04T01:56.11.123;2023-06-04T01:56:11.123;2024-07-24T00:00:00.000;2024-07-24T23:59:59.000
24780;2023-06-04T02:05.11.123;2023-06-04T02:05:11.123;2024-07-24T00:00:00.000;2024-07-24T23:59:59.000
8450;2023-06-04T02:13.11.123;2023-06-04T02:13:11.123;2024-07-24T00:00:00.000;2024-07-24T23:59:59.000
24780;2023-06-04T02:33.11.123;2023-06-04T02:33:11.123;2024-07-24T00:00:00.000;2024-07-24T23:59:59.000
34605;2023-06-04T02:54.11.123;2023-06-04T02:54:11.123;2024-07-24T00:00:00.000;2024-07-24T23:59:59.000
9091;2023-06-04T02:54.11.123;2023-06-04T02:54:11.123;2024-07-24T00:00:00.000;2024-07-24T23:59:59.000
18940;2023-06-04T03:05.11.123;2023-06-04T03:05:11.123;2024-07-24T00:00:00.000;2024-07-24T23:59:59.000
8103;2023-06-04T03:15.11.123;2023-06-04T03:15:11.123;2024-07-24T00:00:00.000;2024-07-24T23:59:59.000
18940;2023-06-04T03:22.11.123;2023-06-04T03:22:11.123;2024-07-24T00:00:00.000;2024-07-24T23:59:59.000
18940;2023-06-04T03:38.11.123;2023-06-04T03:38:11.123;2024-07-24T00:00:00.000;2024-07-24T23:59:59.000
9090;2023-06-04T04:01.11.123;2023-06-04T04:01:11.123;2024-07-24T00:00:00.000;2024-07-24T23:59:59.000
18940;2023-06-04T04:14.11.123;2023-06-04T04:14:11.123;2024-07-24T00:00:00.000;2024-07-24T23:59:59.000
18940;2023-06-04T04:15.11.123;2023-06-04T04:15:11.123;2024-07-24T00:00:00.000;2024-07-24T23:59:59.000
20892;2023-06-04T04:16.11.123;2023-06-04T04:16:11.123;2024-07-24T00:00:00.000;2024-07-24T23:59:59.000
37219;2023-06-04T04:19.11.123;2023-06-04T04:19:11.123;2024-07-24T00:00:00.000;2024-07-24T23:59:59.000
24780;2023-06-04T04:22.11.123;2023-06-04T04:22:11.123;2024-07-24T00:00:00.000;2024-07-24T23:59:59.000
24780;2023-06-04T04:22.11.123;2023-06-04T04:22:11.123;2024-07-24T00:00:00.000;2024-07-24T23:59:59.000
8450;2023-06-04T04:24.11.123;2023-06-04T04:24:11.123;2024-07-24T00:00:00.000;2024-07-24T23:59:59.000
18940;2023-06-04T04:24.11.123;2023-06-04T04:24:11.123;2024-07-24T00:00:00.000;2024-07-24T23:59:59.000
18940;2023-06-04T04:32.11.123;2023-06-04T04:32:11.123;2024-07-24T00:00:00.000;2024-07-24T23:59:59.000
36501;2023-06-04T04:47.11.123;2023-06-04T04:47:11.123;2024-07-24T00:00:00.000;2024-07-24T23:59:59.000
18940;2023-06-04T05:05.11.123;2023-06-04T05:05:11.123;2024-07-24T00:00:00.000;2024-07-24T23:59:59.000
18940;2023-06-04T05:10.11.123;2023-06-04T05:10:11.123;2024-07-24T00:00:00.000;2024-07-24T23:59:59.000
18940;2023-06-04T05:12.11.123;2023-06-04T05:12:11.123;2024-07-24T00:00:00.000;2024-07-24T23:59:59.000
24780;2023-06-04T05:33.11.123;2023-06-04T05:33:11.123;2024-07-24T00:00:00.000;2024-07-24T23:59:59.000
8851;2023-06-04T05:34.11.123;2023-06-04T05:34:11.123;2024-07-24T00:00:00.000;2024-07-24T23:59:59.000
18841;2023-06-04T05:37.11.123;2023-06-04T05:37:11.123;2024-07-24T00:00:00.000;2024-07-24T23:59:59.000
37219;2023-06-04T05:39.11.123;2023-06-04T05:39:11.123;2024-07-24T00:00:00.000;2024-07-24T23:59:59.000
33806;2023-06-04T05:50.11.123;2023-06-04T05:50:11.123;2024-07-24T00:00:00.000;2024-07-24T23:59:59.000
12598;2023-06-04T05:56.11.123;2023-06-04T05:56:11.123;2024-07-24T00:00:00.000;2024-07-24T23:59:59.000
18940;2023-06-04T05:57.11.123;2023-06-04T05:57:11.123;2024-07-24T00:00:00.000;2024-07-24T23:59:59.000
18940;2023-06-04T06:32.11.123;2023-06-04T06:32:11.123;2024-07-24T00:00:00.000;2024-07-24T23:59:59.000
18940;2023-06-04T06:37.11.123;2023-06-04T06:37:11.123;2024-07-24T00:00:00.000;2024-07-24T23:59:59.000
9618;2023-06-04T06:47.11.123;2023-06-04T06:47:11.123;2024-07-24T00:00:00.000;2024-07-24T23:59:59.000
36467;2023-06-04T07:06.11.123;2023-06-04T07:06:11.123;2024-07-24T00:00:00.000;2024-07-24T23:59:59.000
18940;2023-06-04T07:17.11.123;2023-06-04T07:17:11.123;2024-07-24T00:00:00.000;2024-07-24T23:59:59.000
37219;2023-06-04T07:26.11.123;2023-06-04T07:26:11.123;2024-07-24T00:00:00.000;2024-07-24T23:59:59.000
36966;2023-06-04T07:29.11.123;2023-06-04T07:29:11.123;2024-07-24T00:00:00.000;2024-07-24T23:59:59.000
37219;2023-06-04T07:30.11.123;2023-06-04T07:30:11.123;2024-07-24T00:00:00.000;2024-07-24T23:59:59.000
18940;2023-06-04T07:53.11.123;2023-06-04T07:53:11.123;2024-07-24T00:00:00.000;2024-07-24T23:59:59.000
38002;2023-06-04T08:23.11.123;2023-06-04T08:23:11.123;2024-07-24T00:00:00.000;2024-07-24T23:59:59.000
18687;2023-06-04T08:24.11.123;2023-06-04T08:24:11.123;2024-07-24T00:00:00.000;2024-07-24T23:59:59.000
36501;2023-06-04T08:31.11.123;2023-06-04T08:31:11.123;2024-07-24T00:00:00.000;2024-07-24T23:59:59.000
37943;2023-06-04T08:32.11.123;2023-06-04T08:32:11.123;2024-07-24T00:00:00.000;2024-07-24T23:59:59.000
18940;2023-06-04T08:39.11.123;2023-06-04T08:39:11.123;2024-07-24T00:00:00.000;2024-07-24T23:59:59.000
9618;2023-06-04T08:42.11.123;2023-06-04T08:42:11.123;2024-07-24T00:00:00.000;2024-07-24T23:59:59.000
9618;2023-06-04T08:43.11.123;2023-06-04T08:43:11.123;2024-07-24T00:00:00.000;2024-07-24T23:59:59.000
8886;2023-06-04T09:11.11.123;2023-06-04T09:11:11.123;2024-07-24T00:00:00.000;2024-07-24T23:59:59.000
9618;2023-06-04T09:27.11.123;2023-06-04T09:27:11.123;2024-07-24T00:00:00.000;2024-07-24T23:59:59.000
9618;2023-06-04T09:27.11.123;2023-06-04T09:27:11.123;2024-07-24T00:00:00.000;2024-07-24T23:59:59.000
18940;2023-06-04T09:34.11.123;2023-06-04T09:34:11.123;2024-07-24T00:00:00.000;2024-07-24T23:59:59.000
37943;2023-06-04T09:36.11.123;2023-06-04T09:36:11.123;2024-07-24T00:00:00.000;2024-07-24T23:59:59.000
18940;2023-06-04T09:51.11.123;2023-06-04T09:51:11.123;2024-07-24T00:00:00.000;2024-07-24T23:59:59.000
18940;2023-06-04T09:52.11.123;2023-06-04T09:52:11.123;2024-07-24T00:00:00.000;2024-07-24T23:59:59.000
18940;2023-06-04T09:54.11.123;2023-06-04T09:54:11.123;2024-07-24T00:00:00.000;2024-07-24T23:59:59.000
9618;2023-06-04T10:05.11.123;2023-06-04T10:05:11.123;2024-07-24T00:00:00.000;2024-07-24T23:59:59.000
9618;2023-06-04T10:05.11.123;2023-06-04T10:05:11.123;2024-07-24T00:00:00.000;2024-07-24T23:59:59.000
36634;2023-06-04T10:19.11.123;2023-06-04T10:19:11.123;2024-07-24T00:00:00.000;2024-07-24T23:59:59.000
9618;2023-06-04T10:35.11.123;2023-06-04T10:35:11.123;2024-07-24T00:00:00.000;2024-07-24T23:59:59.000
9618;2023-06-04T10:35.11.123;2023-06-04T10:35:11.123;2024-07-24T00:00:00.000;2024-07-24T23:59:59.000
18940;2023-06-04T10:46.11.123;2023-06-04T10:46:11.123;2024-07-24T00:00:00.000;2024-07-24T23:59:59.000
9618;2023-06-04T10:47.11.123;2023-06-04T10:47:11.123;2024-07-24T00:00:00.000;2024-07-24T23:59:59.000
9618;2023-06-04T10:47.11.123;2023-06-04T10:47:11.123;2024-07-24T00:00:00.000;2024-07-24T23:59:59.000
18841;2023-06-04T10:47.11.123;2023-06-04T10:47:11.123;2024-07-24T00:00:00.000;2024-07-24T23:59:59.000
32919;2023-06-04T10:51.11.123;2023-06-04T10:51:11.123;2024-07-24T00:00:00.000;2024-07-24T23:59:59.000
18940;2023-06-04T11:00.11.123;2023-06-04T11:00:11.123;2024-07-24T00:00:00.000;2024-07-24T23:59:59.000
9618;2023-06-04T11:06.11.123;2023-06-04T11:06:11.123;2024-07-24T00:00:00.000;2024-07-24T23:59:59.000
9618;2023-06-04T11:09.11.123;2023-06-04T11:09:11.123;2024-07-24T00:00:00.000;2024-07-24T23:59:59.000
18940;2023-06-04T11:21.11.123;2023-06-04T11:21:11.123;2024-07-24T00:00:00.000;2024-07-24T23:59:59.000
18940;2023-06-04T11:33.11.123;2023-06-04T11:33:11.123;2024-07-24T00:00:00.000;2024-07-24T23:59:59.000
37189;2023-06-04T11:43.11.123;2023-06-04T11:43:11.123;2024-07-24T00:00:00.000;2024-07-24T23:59:59.000
18687;2023-06-04T11:48.11.123;2023-06-04T11:48:11.123;2024-07-24T00:00:00.000;2024-07-24T23:59:59.000
17486;2023-06-04T11:49.11.123;2023-06-04T11:49:11.123;2024-07-24T00:00:00.000;2024-07-24T23:59:59.000
18841;2023-06-04T12:00.11.123;2023-06-04T12:00:11.123;2024-07-24T00:00:00.000;2024-07-24T23:59:59.000
9090;2023-06-04T12:10.11.123;2023-06-04T12:10:11.123;2024-07-24T00:00:00.000;2024-07-24T23:59:59.000
18940;2023-06-04T12:24.11.123;2023-06-04T12:24:11.123;2024-07-24T00:00:00.000;2024-07-24T23:59:59.000
18687;2023-06-04T12:26.11.123;2023-06-04T12:26:11.123;2024-07-24T00:00:00.000;2024-07-24T23:59:59.000
18940;2023-06-04T12:32.11.123;2023-06-04T12:32:11.123;2024-07-24T00:00:00.000;2024-07-24T23:59:59.000
8851;2023-06-04T12:32.11.123;2023-06-04T12:32:11.123;2024-07-24T00:00:00.000;2024-07-24T23:59:59.000
18940;2023-06-04T12:34.11.123;2023-06-04T12:34:11.123;2024-07-24T00:00:00.000;2024-07-24T23:59:59.000
9618;2023-06-04T12:37.11.123;2023-06-04T12:37:11.123;2024-07-24T00:00:00.000;2024-07-24T23:59:59.000
8851;2023-06-04T12:37.11.123;2023-06-04T12:37:11.123;2024-07-24T00:00:00.000;2024-07-24T23:59:59.000
36966;2023-06-04T12:58.11.123;2023-06-04T12:58:11.123;2024-07-24T00:00:00.000;2024-07-24T23:59:59.000
37511;2023-06-05T01:37.11.123;2023-06-05T01:37:11.123;2024-07-24T00:00:00.000;2024-07-24T23:59:59.000
24780;2023-06-05T02:15.11.123;2023-06-05T02:15:11.123;2024-07-24T00:00:00.000;2024-07-24T23:59:59.000
18940;2023-06-05T02:16.11.123;2023-06-05T02:16:11.123;2024-07-24T00:00:00.000;2024-07-24T23:59:59.000
18940;2023-06-05T02:24.11.123;2023-06-05T02:24:11.123;2024-07-24T00:00:00.000;2024-07-24T23:59:59.000
8977;2023-06-05T02:26.11.123;2023-06-05T02:26:11.123;2024-07-24T00:00:00.000;2024-07-24T23:59:59.000
18841;2023-06-05T02:42.11.123;2023-06-05T02:42:11.123;2024-07-24T00:00:00.000;2024-07-24T23:59:59.000
18940;2023-06-05T03:26.11.123;2023-06-05T03:26:11.123;2024-07-24T00:00:00.000;2024-07-24T23:59:59.000
18940;2023-06-05T04:11.11.123;2023-06-05T04:11:11.123;2024-07-24T00:00:00.000;2024-07-24T23:59:59.000
18940;2023-06-05T04:34.11.123;2023-06-05T04:34:11.123;2024-07-24T00:00:00.000;2024-07-24T23:59:59.000
18940;2023-06-05T05:09.11.123;2023-06-05T05:09:11.123;2024-07-24T00:00:00.000;2024-07-24T23:59:59.000
37943;2023-06-05T05:17.11.123;2023-06-05T05:17:11.123;2024-07-24T00:00:00.000;2024-07-24T23:59:59.000
8352;2023-06-05T05:59.11.123;2023-06-05T05:59:11.123;2024-07-24T00:00:00.000;2024-07-24T23:59:59.000
37188;2023-06-05T06:29.11.123;2023-06-05T06:29:11.123;2024-07-24T00:00:00.000;2024-07-24T23:59:59.000
16733;2023-06-05T06:32.11.123;2023-06-05T06:32:11.123;2024-07-24T00:00:00.000;2024-07-24T23:59:59.000
16733;2023-06-05T06:36.11.123;2023-06-05T06:36:11.123;2024-07-24T00:00:00.000;2024-07-24T23:59:59.000
9091;2023-06-05T06:52.11.123;2023-06-05T06:52:11.123;2024-07-24T00:00:00.000;2024-07-24T23:59:59.000
18940;2023-06-05T07:03.11.123;2023-06-05T07:03:11.123;2024-07-24T00:00:00.000;2024-07-24T23:59:59.000
33906;2023-06-05T07:34.11.123;2023-06-05T07:34:11.123;2024-07-24T00:00:00.000;2024-07-24T23:59:59.000
23841;2023-06-05T07:44.11.123;2023-06-05T07:44:11.123;2024-07-24T00:00:00.000;2024-07-24T23:59:59.000
33906;2023-06-05T08:13.11.123;2023-06-05T08:13:11.123;2024-07-24T00:00:00.000;2024-07-24T23:59:59.000
17486;2023-06-05T08:25.11.123;2023-06-05T08:25:11.123;2024-07-24T00:00:00.000;2024-07-24T23:59:59.000
9091;2023-06-05T08:27.11.123;2023-06-05T08:27:11.123;2024-07-24T00:00:00.000;2024-07-24T23:59:59.000
18940;2023-06-05T08:45.11.123;2023-06-05T08:45:11.123;2024-07-24T00:00:00.000;2024-07-24T23:59:59.000
8886;2023-06-05T08:56.11.123;2023-06-05T08:56:11.123;2024-07-24T00:00:00.000;2024-07-24T23:59:59.000
8886;2023-06-05T08:56.11.123;2023-06-05T08:56:11.123;2024-07-24T00:00:00.000;2024-07-24T23:59:59.000
8352;2023-06-05T10:55.11.123;2023-06-05T10:55:11.123;2024-07-24T00:00:00.000;2024-07-24T23:59:59.000
18940;2023-06-05T12:02.11.123;2023-06-05T12:02:11.123;2024-07-24T00:00:00.000;2024-07-24T23:59:59.000
18940;2023-06-05T12:09.11.123;2023-06-05T12:09:11.123;2024-07-24T00:00:00.000;2024-07-24T23:59:59.000
33906;2023-06-05T12:10.11.123;2023-06-05T12:10:11.123;2024-07-24T00:00:00.000;2024-07-24T23:59:59.000
18940;2023-06-05T12:25.11.123;2023-06-05T12:25:11.123;2024-07-24T00:00:00.000;2024-07-24T23:59:59.000
33906;2023-06-05T12:47.11.123;2023-06-05T12:47:11.123;2024-07-24T00:00:00.000;2024-07-24T23:59:59.000
33906;2023-06-05T12:56.11.123;2023-06-05T12:56:11.123;2024-07-24T00:00:00.000;2024-07-24T23:59:59.000
18940;2023-06-06T02:58.11.123;2023-06-06T02:58:11.123;2024-07-24T00:00:00.000;2024-07-24T23:59:59.000
37693;2023-06-09T01:50.11.123;2023-06-09T01:50:11.123;2024-07-24T00:00:00.000;2024-07-24T23:59:59.000
18940;2023-06-09T09:55.11.123;2023-06-09T09:55:11.123;2024-07-24T00:00:00.000;2024-07-24T23:59:59.000
18902;2023-06-09T11:17.11.123;2023-06-09T11:17:11.123;2024-07-24T00:00:00.000;2024-07-24T23:59:59.000
37943;2023-06-05T01:08.11.123;2023-06-05T01:08:11.123;2024-07-24T00:00:00.000;2024-07-24T23:59:59.000
17486;2023-06-05T01:11.11.123;2023-06-05T01:11:11.123;2024-07-24T00:00:00.000;2024-07-24T23:59:59.000
37484;2023-06-05T01:24.11.123;2023-06-05T01:24:11.123;2024-07-24T00:00:00.000;2024-07-24T23:59:59.000
24780;2023-06-05T02:16.11.123;2023-06-05T02:16:11.123;2024-07-24T00:00:00.000;2024-07-24T23:59:59.000
9091;2023-06-05T02:17.11.123;2023-06-05T02:17:11.123;2024-07-24T00:00:00.000;2024-07-24T23:59:59.000
37911;2023-06-05T02:36.11.123;2023-06-05T02:36:11.123;2024-07-24T00:00:00.000;2024-07-24T23:59:59.000
9090;2023-06-05T02:45.11.123;2023-06-05T02:45:11.123;2024-07-24T00:00:00.000;2024-07-24T23:59:59.000
37943;2023-06-05T02:45.11.123;2023-06-05T02:45:11.123;2024-07-24T00:00:00.000;2024-07-24T23:59:59.000
18940;2023-06-05T04:59.11.123;2023-06-05T04:59:11.123;2024-07-24T00:00:00.000;2024-07-24T23:59:59.000
35206;2023-06-05T06:55.11.123;2023-06-05T06:55:11.123;2024-07-24T00:00:00.000;2024-07-24T23:59:59.000
17486;2023-06-05T08:25.11.123;2023-06-05T08:25:11.123;2024-07-24T00:00:00.000;2024-07-24T23:59:59.000
33906;2023-06-05T09:49.11.123;2023-06-05T09:49:11.123;2024-07-24T00:00:00.000;2024-07-24T23:59:59.000
18900;2023-06-05T10:38.11.123;2023-06-05T10:38:11.123;2024-07-24T00:00:00.000;2024-07-24T23:59:59.000
18940;2023-06-05T11:12.11.123;2023-06-05T11:12:11.123;2024-07-24T00:00:00.000;2024-07-24T23:59:59.000
16733;2023-06-05T11:47.11.123;2023-06-05T11:47:11.123;2024-07-24T00:00:00.000;2024-07-24T23:59:59.000
37881;2023-06-05T11:53.11.123;2023-06-05T11:53:11.123;2024-07-24T00:00:00.000;2024-07-24T23:59:59.000
37511;2023-06-05T12:03.11.123;2023-06-05T12:03:11.123;2024-07-24T00:00:00.000;2024-07-24T23:59:59.000
7851;2023-06-05T12:36.11.123;2023-06-05T12:36:11.123;2024-07-24T00:00:00.000;2024-07-24T23:59:59.000
20958;2023-06-07T09:21.11.123;2023-06-07T09:21:11.123;2024-07-24T00:00:00.000;2024-07-24T23:59:59.000
37565;2023-06-07T09:47.11.123;2023-06-07T09:47:11.123;2024-07-24T00:00:00.000;2024-07-24T23:59:59.000
36634;2023-06-08T11:39.11.123;2023-06-08T11:39:11.123;2024-07-24T00:00:00.000;2024-07-24T23:59:59.000
37741;2023-06-09T02:26.11.123;2023-06-09T02:26:11.123;2024-07-24T00:00:00.000;2024-07-24T23:59:59.000
18940;2023-06-09T04:54.11.123;2023-06-09T04:54:11.123;2024-07-24T00:00:00.000;2024-07-24T23:59:59.000
18841;2023-06-09T05:27.11.123;2023-06-09T05:27:11.123;2024-07-24T00:00:00.000;2024-07-24T23:59:59.000
18940;2023-06-09T06:56.11.123;2023-06-09T06:56:11.123;2024-07-24T00:00:00.000;2024-07-24T23:59:59.000
18940;2023-06-09T07:43.11.123;2023-06-09T07:43:11.123;2024-07-24T00:00:00.000;2024-07-24T23:59:59.000
30585;2023-06-09T08:24.11.123;2023-06-09T08:24:11.123;2024-07-24T00:00:00.000;2024-07-24T23:59:59.000
8977;2023-06-09T08:55.11.123;2023-06-09T08:55:11.123;2024-07-24T00:00:00.000;2024-07-24T23:59:59.000
37565;2023-06-09T09:15.11.123;2023-06-09T09:15:11.123;2024-07-24T00:00:00.000;2024-07-24T23:59:59.000
37565;2023-06-09T09:15.11.123;2023-06-09T09:15:11.123;2024-07-24T00:00:00.000;2024-07-24T23:59:59.000
18940;2023-06-09T09:56.11.123;2023-06-09T09:56:11.123;2024-07-24T00:00:00.000;2024-07-24T23:59:59.000
18940;2023-06-09T09:57.11.123;2023-06-09T09:57:11.123;2024-07-24T00:00:00.000;2024-07-24T23:59:59.000
8103;2023-06-09T10:15.11.123;2023-06-09T10:15:11.123;2024-07-24T00:00:00.000;2024-07-24T23:59:59.000
37189;2023-06-09T10:25.11.123;2023-06-09T10:25:11.123;2024-07-24T00:00:00.000;2024-07-24T23:59:59.000
18940;2023-06-09T10:25.11.123;2023-06-09T10:25:11.123;2024-07-24T00:00:00.000;2024-07-24T23:59:59.000
8639;2023-06-09T10:26.11.123;2023-06-09T10:26:11.123;2024-07-24T00:00:00.000;2024-07-24T23:59:59.000
36634;2023-06-09T10:49.11.123;2023-06-09T10:49:11.123;2024-07-24T00:00:00.000;2024-07-24T23:59:59.000
18940;2023-06-09T11:26.11.123;2023-06-09T11:26:11.123;2024-07-24T00:00:00.000;2024-07-24T23:59:59.000
37754;2023-06-10T07:50.11.123;2023-06-10T07:50:11.123;2024-07-24T00:00:00.000;2024-07-24T23:59:59.000
18940;2023-06-10T12:53.11.123;2023-06-10T12:53:11.123;2024-07-24T00:00:00.000;2024-07-24T23:59:59.000
8851;2023-06-18T04:58.11.123;2023-06-18T04:58:11.123;2024-07-24T00:00:00.000;2024-07-24T23:59:59.000
18940;2023-06-21T10:24.11.123;2023-06-21T10:24:11.123;2024-07-24T00:00:00.000;2024-07-24T23:59:59.000
8296;2023-06-21T11:26.11.123;2023-06-21T11:26:11.123;2024-07-24T00:00:00.000;2024-07-24T23:59:59.000
18940;2023-06-21T11:27.11.123;2023-06-21T11:27:11.123;2024-07-24T00:00:00.000;2024-07-24T23:59:59.000
35604;2023-06-21T12:27.11.123;2023-06-21T12:27:11.123;2024-07-24T00:00:00.000;2024-07-24T23:59:59.000
10395;2023-06-22T02:07.11.123;2023-06-22T02:07:11.123;2024-07-24T00:00:00.000;2024-07-24T23:59:59.000
18940;2023-06-22T02:27.11.123;2023-06-22T02:27:11.123;2024-07-24T00:00:00.000;2024-07-24T23:59:59.000
9454;2023-06-22T02:51.11.123;2023-06-22T02:51:11.123;2024-07-24T00:00:00.000;2024-07-24T23:59:59.000
18940;2023-06-22T02:53.11.123;2023-06-22T02:53:11.123;2024-07-24T00:00:00.000;2024-07-24T23:59:59.000
33906;2023-06-22T03:01.11.123;2023-06-22T03:01:11.123;2024-07-24T00:00:00.000;2024-07-24T23:59:59.000
18940;2023-06-22T03:14.11.123;2023-06-22T03:14:11.123;2024-07-24T00:00:00.000;2024-07-24T23:59:59.000
8296;2023-06-22T03:18.11.123;2023-06-22T03:18:11.123;2024-07-24T00:00:00.000;2024-07-24T23:59:59.000
33906;2023-06-22T03:30.11.123;2023-06-22T03:30:11.123;2024-07-24T00:00:00.000;2024-07-24T23:59:59.000
18940;2023-06-22T03:31.11.123;2023-06-22T03:31:11.123;2024-07-24T00:00:00.000;2024-07-24T23:59:59.000
18940;2023-06-22T03:50.11.123;2023-06-22T03:50:11.123;2024-07-24T00:00:00.000;2024-07-24T23:59:59.000
33906;2023-06-22T03:57.11.123;2023-06-22T03:57:11.123;2024-07-24T00:00:00.000;2024-07-24T23:59:59.000
17330;2023-06-22T04:20.11.123;2023-06-22T04:20:11.123;2024-07-24T00:00:00.000;2024-07-24T23:59:59.000
18940;2023-06-22T04:52.11.123;2023-06-22T04:52:11.123;2024-07-24T00:00:00.000;2024-07-24T23:59:59.000
18940;2023-06-22T04:53.11.123;2023-06-22T04:53:11.123;2024-07-24T00:00:00.000;2024-07-24T23:59:59.000
37188;2023-06-22T04:57.11.123;2023-06-22T04:57:11.123;2024-07-24T00:00:00.000;2024-07-24T23:59:59.000
18940;2023-06-22T04:59.11.123;2023-06-22T04:59:11.123;2024-07-24T00:00:00.000;2024-07-24T23:59:59.000
8639;2023-06-22T05:17.11.123;2023-06-22T05:17:11.123;2024-07-24T00:00:00.000;2024-07-24T23:59:59.000
23841;2023-06-22T05:43.11.123;2023-06-22T05:43:11.123;2024-07-24T00:00:00.000;2024-07-24T23:59:59.000
18841;2023-06-22T05:51.11.123;2023-06-22T05:51:11.123;2024-07-24T00:00:00.000;2024-07-24T23:59:59.000
9436;2023-06-22T06:14.11.123;2023-06-22T06:14:11.123;2024-07-24T00:00:00.000;2024-07-24T23:59:59.000
18940;2023-06-22T06:23.11.123;2023-06-22T06:23:11.123;2024-07-24T00:00:00.000;2024-07-24T23:59:59.000
30243;2023-06-22T06:43.11.123;2023-06-22T06:43:11.123;2024-07-24T00:00:00.000;2024-07-24T23:59:59.000
17486;2023-06-22T07:37.11.123;2023-06-22T07:37:11.123;2024-07-24T00:00:00.000;2024-07-24T23:59:59.000
18687;2023-06-22T08:17.11.123;2023-06-22T08:17:11.123;2024-07-24T00:00:00.000;2024-07-24T23:59:59.000
8296;2023-06-22T08:40.11.123;2023-06-22T08:40:11.123;2024-07-24T00:00:00.000;2024-07-24T23:59:59.000
23841;2023-06-30T02:58.11.123;2023-06-30T02:58:11.123;2024-07-24T00:00:00.000;2024-07-24T23:59:59.000
10308;2023-06-30T03:28.11.123;2023-06-30T03:28:11.123;2024-07-24T00:00:00.000;2024-07-24T23:59:59.000
18940;2023-07-01T04:19.11.123;2023-07-01T04:19:11.123;2024-07-24T00:00:00.000;2024-07-24T23:59:59.000
9090;2023-07-02T05:19.11.123;2023-07-02T05:19:11.123;2024-07-24T00:00:00.000;2024-07-24T23:59:59.000
37943;2023-07-02T10:19.11.123;2023-07-02T10:19:11.123;2024-07-24T00:00:00.000;2024-07-24T23:59:59.000
37219;2023-07-02T11:14.11.123;2023-07-02T11:14:11.123;2024-07-24T00:00:00.000;2024-07-24T23:59:59.000
9091;2023-07-02T11:57.11.123;2023-07-02T11:57:11.123;2024-07-24T00:00:00.000;2024-07-24T23:59:59.000
36501;2023-07-04T07:31.11.123;2023-07-04T07:31:11.123;2024-07-24T00:00:00.000;2024-07-24T23:59:59.000
18940;2023-07-06T08:48.11.123;2023-07-06T08:48:11.123;2024-07-24T00:00:00.000;2024-07-24T23:59:59.000
8450;2023-07-07T03:26.11.123;2023-07-07T03:26:11.123;2024-07-24T00:00:00.000;2024-07-24T23:59:59.000
24780;2023-07-08T10:57.11.123;2023-07-08T10:57:11.123;2024-07-24T00:00:00.000;2024-07-24T23:59:59.000
37219;2023-07-08T11:18.11.123;2023-07-08T11:18:11.123;2024-07-24T00:00:00.000;2024-07-24T23:59:59.000
26020;2023-07-10T05:20.11.123;2023-07-10T05:20:11.123;2024-07-24T00:00:00.000;2024-07-24T23:59:59.000
18841;2023-07-10T05:37.11.123;2023-07-10T05:37:11.123;2024-07-24T00:00:00.000;2024-07-24T23:59:59.000
18940;2023-07-10T05:58.11.123;2023-07-10T05:58:11.123;2024-07-24T00:00:00.000;2024-07-24T23:59:59.000
37943;2023-07-10T06:10.11.123;2023-07-10T06:10:11.123;2024-07-24T00:00:00.000;2024-07-24T23:59:59.000
37188;2023-07-10T06:25.11.123;2023-07-10T06:25:11.123;2024-07-24T00:00:00.000;2024-07-24T23:59:59.000
36634;2023-07-10T07:02.11.123;2023-07-10T07:02:11.123;2024-07-24T00:00:00.000;2024-07-24T23:59:59.000
35006;2023-07-10T10:33.11.123;2023-07-10T10:33:11.123;2024-07-24T00:00:00.000;2024-07-24T23:59:59.000
35206;2023-07-11T07:39.11.123;2023-07-11T07:39:11.123;2024-07-24T00:00:00.000;2024-07-24T23:59:59.000
23841;2023-07-11T07:40.11.123;2023-07-11T07:40:11.123;2024-07-24T00:00:00.000;2024-07-24T23:59:59.000
18940;2023-07-11T08:52.11.123;2023-07-11T08:52:11.123;2024-07-24T00:00:00.000;2024-07-24T23:59:59.000
37565;2023-07-11T09:15.11.123;2023-07-11T09:15:11.123;2024-07-24T00:00:00.000;2024-07-24T23:59:59.000
18940;2023-07-11T12:25.11.123;2023-07-11T12:25:11.123;2024-07-24T00:00:00.000;2024-07-24T23:59:59.000
30243;2023-07-12T01:51.11.123;2023-07-12T01:51:11.123;2024-07-24T00:00:00.000;2024-07-24T23:59:59.000
18940;2023-07-12T10:28.11.123;2023-07-12T10:28:11.123;2024-07-24T00:00:00.000;2024-07-24T23:59:59.000
17330;2023-07-13T11:01.11.123;2023-07-13T11:01:11.123;2024-07-24T00:00:00.000;2024-07-24T23:59:59.000
37189;2023-07-13T12:10.11.123;2023-07-13T12:10:11.123;2024-07-24T00:00:00.000;2024-07-24T23:59:59.000
18902;2023-07-13T12:43.11.123;2023-07-13T12:43:11.123;2024-07-24T00:00:00.000;2024-07-24T23:59:59.000
37188;2023-07-14T03:57.11.123;2023-07-14T03:57:11.123;2024-07-24T00:00:00.000;2024-07-24T23:59:59.000
37565;2023-07-14T05:55.11.123;2023-07-14T05:55:11.123;2024-07-24T00:00:00.000;2024-07-24T23:59:59.000
18940;2023-07-14T05:56.11.123;2023-07-14T05:56:11.123;2024-07-24T00:00:00.000;2024-07-24T23:59:59.000
16702;2023-07-14T05:56.11.123;2023-07-14T05:56:11.123;2024-07-24T00:00:00.000;2024-07-24T23:59:59.000
18940;2023-07-15T03:55.11.123;2023-07-15T03:55:11.123;2024-07-24T00:00:00.000;2024-07-24T23:59:59.000
18900;2023-07-20T07:45.11.123;2023-07-20T07:45:11.123;2024-07-24T00:00:00.000;2024-07-24T23:59:59.000
10395;2023-07-21T01:57.11.123;2023-07-21T01:57:11.123;2024-07-24T00:00:00.000;2024-07-24T23:59:59.000
37565;2023-07-21T05:52.11.123;2023-07-21T05:52:11.123;2024-07-24T00:00:00.000;2024-07-24T23:59:59.000
37188;2023-07-21T05:57.11.123;2023-07-21T05:57:11.123;2024-07-24T00:00:00.000;2024-07-24T23:59:59.000
37595;2023-06-22T07:30.11.123;2023-06-22T07:30:11.123;2024-07-24T00:00:00.000;2024-07-24T23:59:59.000
18900;2023-06-27T04:12.11.123;2023-06-27T04:12:11.123;2024-07-24T00:00:00.000;2024-07-24T23:59:59.000
9090;2023-07-08T11:21.11.123;2023-07-08T11:21:11.123;2024-07-24T00:00:00.000;2024-07-24T23:59:59.000
33141;2023-07-10T01:09.11.123;2023-07-10T01:09:11.123;2024-07-24T00:00:00.000;2024-07-24T23:59:59.000
18940;2023-07-10T01:26.11.123;2023-07-10T01:26:11.123;2024-07-24T00:00:00.000;2024-07-24T23:59:59.000
8352;2023-07-10T07:42.11.123;2023-07-10T07:42:11.123;2024-07-24T00:00:00.000;2024-07-24T23:59:59.000
37219;2023-07-11T07:53.11.123;2023-07-11T07:53:11.123;2024-07-24T00:00:00.000;2024-07-24T23:59:59.000
35206;2023-07-11T10:37.11.123;2023-07-11T10:37:11.123;2024-07-24T00:00:00.000;2024-07-24T23:59:59.000
18902;2023-07-13T01:48.11.123;2023-07-13T01:48:11.123;2024-07-24T00:00:00.000;2024-07-24T23:59:59.000
21396;2023-07-13T02:43.11.123;2023-07-13T02:43:11.123;2024-07-24T00:00:00.000;2024-07-24T23:59:59.000
21396;2023-07-13T02:52.11.123;2023-07-13T02:52:11.123;2024-07-24T00:00:00.000;2024-07-24T23:59:59.000
37188;2023-07-13T02:53.11.123;2023-07-13T02:53:11.123;2024-07-24T00:00:00.000;2024-07-24T23:59:59.000
18940;2023-07-13T02:55.11.123;2023-07-13T02:55:11.123;2024-07-24T00:00:00.000;2024-07-24T23:59:59.000
18940;2023-07-13T04:01.11.123;2023-07-13T04:01:11.123;2024-07-24T00:00:00.000;2024-07-24T23:59:59.000
9090;2023-07-13T04:17.11.123;2023-07-13T04:17:11.123;2024-07-24T00:00:00.000;2024-07-24T23:59:59.000
18940;2023-07-13T04:20.11.123;2023-07-13T04:20:11.123;2024-07-24T00:00:00.000;2024-07-24T23:59:59.000
37189;2023-07-13T04:21.11.123;2023-07-13T04:21:11.123;2024-07-24T00:00:00.000;2024-07-24T23:59:59.000
18940;2023-07-13T04:37.11.123;2023-07-13T04:37:11.123;2024-07-24T00:00:00.000;2024-07-24T23:59:59.000
37768;2023-07-13T04:38.11.123;2023-07-13T04:38:11.123;2024-07-24T00:00:00.000;2024-07-24T23:59:59.000
18940;2023-07-13T05:47.11.123;2023-07-13T05:47:11.123;2024-07-24T00:00:00.000;2024-07-24T23:59:59.000
18687;2023-07-13T11:02.11.123;2023-07-13T11:02:11.123;2024-07-24T00:00:00.000;2024-07-24T23:59:59.000
23841;2023-07-13T11:15.11.123;2023-07-13T11:15:11.123;2024-07-24T00:00:00.000;2024-07-24T23:59:59.000
9704;2023-07-13T11:56.11.123;2023-07-13T11:56:11.123;2024-07-24T00:00:00.000;2024-07-24T23:59:59.000
35206;2023-07-14T08:25.11.123;2023-07-14T08:25:11.123;2024-07-24T00:00:00.000;2024-07-24T23:59:59.000
35006;2023-07-14T09:12.11.123;2023-07-14T09:12:11.123;2024-07-24T00:00:00.000;2024-07-24T23:59:59.000
37219;2023-07-14T09:12.11.123;2023-07-14T09:12:11.123;2024-07-24T00:00:00.000;2024-07-24T23:59:59.000
18940;2023-07-15T03:55.11.123;2023-07-15T03:55:11.123;2024-07-24T00:00:00.000;2024-07-24T23:59:59.000
9090;2023-07-15T11:26.11.123;2023-07-15T11:26:11.123;2024-07-24T00:00:00.000;2024-07-24T23:59:59.000
18940;2023-07-18T03:26.11.123;2023-07-18T03:26:11.123;2024-07-24T00:00:00.000;2024-07-24T23:59:59.000
18940;2023-07-18T06:56.11.123;2023-07-18T06:56:11.123;2024-07-24T00:00:00.000;2024-07-24T23:59:59.000
8103;2023-07-18T06:56.11.123;2023-07-18T06:56:11.123;2024-07-24T00:00:00.000;2024-07-24T23:59:59.000
8296;2023-07-18T12:56.11.123;2023-07-18T12:56:11.123;2024-07-24T00:00:00.000;2024-07-24T23:59:59.000
18940;2023-07-19T04:14.11.123;2023-07-19T04:14:11.123;2024-07-24T00:00:00.000;2024-07-24T23:59:59.000
37808;2023-07-19T06:29.11.123;2023-07-19T06:29:11.123;2024-07-24T00:00:00.000;2024-07-24T23:59:59.000
35206;2023-07-19T06:41.11.123;2023-07-19T06:41:11.123;2024-07-24T00:00:00.000;2024-07-24T23:59:59.000
35006;2023-07-20T07:38.11.123;2023-07-20T07:38:11.123;2024-07-24T00:00:00.000;2024-07-24T23:59:59.000
23841;2023-07-21T03:54.11.123;2023-07-21T03:54:11.123;2024-07-24T00:00:00.000;2024-07-24T23:59:59.000
8001;2023-07-21T05:36.11.123;2023-07-21T05:36:11.123;2024-07-24T00:00:00.000;2024-07-24T23:59:59.000
9090;2023-07-21T06:19.11.123;2023-07-21T06:19:11.123;2024-07-24T00:00:00.000;2024-07-24T23:59:59.000
37565;2023-07-21T06:26.11.123;2023-07-21T06:26:11.123;2024-07-24T00:00:00.000;2024-07-24T23:59:59.000
14959;2023-07-22T03:25.11.123;2023-07-22T03:25:11.123;2024-07-24T00:00:00.000;2024-07-24T23:59:59.000
18841;2023-07-22T04:40.11.123;2023-07-22T04:40:11.123;2024-07-24T00:00:00.000;2024-07-24T23:59:59.000
8103;2023-07-22T04:53.11.123;2023-07-22T04:53:11.123;2024-07-24T00:00:00.000;2024-07-24T23:59:59.000
18940;2023-07-22T04:55.11.123;2023-07-22T04:55:11.123;2024-07-24T00:00:00.000;2024-07-24T23:59:59.000
18940;2023-07-22T05:54.11.123;2023-07-22T05:54:11.123;2024-07-24T00:00:00.000;2024-07-24T23:59:59.000
21657;2023-07-22T05:57.11.123;2023-07-22T05:57:11.123;2024-07-24T00:00:00.000;2024-07-24T23:59:59.000
18940;2023-07-23T06:25.11.123;2023-07-23T06:25:11.123;2024-07-24T00:00:00.000;2024-07-24T23:59:59.000
18940;2023-07-24T05:24.11.123;2023-07-24T05:24:11.123;2024-07-24T00:00:00.000;2024-07-24T23:59:59.000
18940;2023-07-24T05:56.11.123;2023-07-24T05:56:11.123;2024-07-24T00:00:00.000;2024-07-24T23:59:59.000
37800;2023-07-24T06:04.11.123;2023-07-24T06:04:11.123;2024-07-24T00:00:00.000;2024-07-24T23:59:59.000
33906;2023-07-24T06:45.11.123;2023-07-24T06:45:11.123;2024-07-24T00:00:00.000;2024-07-24T23:59:59.000
18940;2023-07-24T07:12.11.123;2023-07-24T07:12:11.123;2024-07-24T00:00:00.000;2024-07-24T23:59:59.000
9090;2023-07-24T07:14.11.123;2023-07-24T07:14:11.123;2024-07-24T00:00:00.000;2024-07-24T23:59:59.000
10395;2023-07-24T07:16.11.123;2023-07-24T07:16:11.123;2024-07-24T00:00:00.000;2024-07-24T23:59:59.000
8296;2023-07-24T07:28.11.123;2023-07-24T07:28:11.123;2024-07-24T00:00:00.000;2024-07-24T23:59:59.000
8977;2023-07-24T07:57.11.123;2023-07-24T07:57:11.123;2024-07-24T00:00:00.000;2024-07-24T23:59:59.000
14959;2023-07-24T07:58.11.123;2023-07-24T07:58:11.123;2024-07-24T00:00:00.000;2024-07-24T23:59:59.000
18940;2023-07-24T08:22.11.123;2023-07-24T08:22:11.123;2024-07-24T00:00:00.000;2024-07-24T23:59:59.000
18940;2023-07-24T09:11.11.123;2023-07-24T09:11:11.123;2024-07-24T00:00:00.000;2024-07-24T23:59:59.000
33906;2023-07-24T09:47.11.123;2023-07-24T09:47:11.123;2024-07-24T00:00:00.000;2024-07-24T23:59:59.000
18940;2023-07-24T09:50.11.123;2023-07-24T09:50:11.123;2024-07-24T00:00:00.000;2024-07-24T23:59:59.000
18940;2023-07-25T04:49.11.123;2023-07-25T04:49:11.123;2024-07-24T00:00:00.000;2024-07-24T23:59:59.000
18940;2023-07-25T12:53.11.123;2023-07-25T12:53:11.123;2024-07-24T00:00:00.000;2024-07-24T23:59:59.000
37827;2023-07-26T05:56.11.123;2023-07-26T05:56:11.123;2024-07-24T00:00:00.000;2024-07-24T23:59:59.000
21657;2023-07-26T06:13.11.123;2023-07-26T06:13:11.123;2024-07-24T00:00:00.000;2024-07-24T23:59:59.000
23841;2023-07-26T11:40.11.123;2023-07-26T11:40:11.123;2024-07-24T00:00:00.000;2024-07-24T23:59:59.000
8977;2023-07-26T12:56.11.123;2023-07-26T12:56:11.123;2024-07-24T00:00:00.000;2024-07-24T23:59:59.000
8103;2023-07-27T01:30.11.123;2023-07-27T01:30:11.123;2024-07-24T00:00:00.000;2024-07-24T23:59:59.000
23841;2023-07-27T03:38.11.123;2023-07-27T03:38:11.123;2024-07-24T00:00:00.000;2024-07-24T23:59:59.000
23841;2023-07-27T03:38.11.123;2023-07-27T03:38:11.123;2024-07-24T00:00:00.000;2024-07-24T23:59:59.000
12598;2023-07-27T03:44.11.123;2023-07-27T03:44:11.123;2024-07-24T00:00:00.000;2024-07-24T23:59:59.000
9454;2023-07-27T05:32.11.123;2023-07-27T05:32:11.123;2024-07-24T00:00:00.000;2024-07-24T23:59:59.000
23841;2023-07-27T06:54.11.123;2023-07-27T06:54:11.123;2024-07-24T00:00:00.000;2024-07-24T23:59:59.000
9224;2023-07-27T09:37.11.123;2023-07-27T09:37:11.123;2024-07-24T00:00:00.000;2024-07-24T23:59:59.000
25740;2023-07-27T09:55.11.123;2023-07-27T09:55:11.123;2024-07-24T00:00:00.000;2024-07-24T23:59:59.000
38418;2023-07-27T10:38.11.123;2023-07-27T10:38:11.123;2024-07-24T00:00:00.000;2024-07-24T23:59:59.000
18841;2023-07-27T10:52.11.123;2023-07-27T10:52:11.123;2024-07-24T00:00:00.000;2024-07-24T23:59:59.000
15559;2023-07-27T11:16.11.123;2023-07-27T11:16:11.123;2024-07-24T00:00:00.000;2024-07-24T23:59:59.000
18900;2023-07-27T12:23.11.123;2023-07-27T12:23:11.123;2024-07-24T00:00:00.000;2024-07-24T23:59:59.000
38418;2023-07-27T12:55.11.123;2023-07-27T12:55:11.123;2024-07-24T00:00:00.000;2024-07-24T23:59:59.000
18900;2023-07-28T01:33.11.123;2023-07-28T01:33:11.123;2024-07-24T00:00:00.000;2024-07-24T23:59:59.000
18900;2023-07-28T01:52.11.123;2023-07-28T01:52:11.123;2024-07-24T00:00:00.000;2024-07-24T23:59:59.000
9224;2023-07-28T01:54.11.123;2023-07-28T01:54:11.123;2024-07-24T00:00:00.000;2024-07-24T23:59:59.000
12598;2023-07-28T02:03.11.123;2023-07-28T02:03:11.123;2024-07-24T00:00:00.000;2024-07-24T23:59:59.000
33906;2023-07-28T02:26.11.123;2023-07-28T02:26:11.123;2024-07-24T00:00:00.000;2024-07-24T23:59:59.000
8639;2023-07-28T03:05.11.123;2023-07-28T03:05:11.123;2024-07-24T00:00:00.000;2024-07-24T23:59:59.000
8639;2023-07-28T03:31.11.123;2023-07-28T03:31:11.123;2024-07-24T00:00:00.000;2024-07-24T23:59:59.000
8103;2023-07-28T05:17.11.123;2023-07-28T05:17:11.123;2024-07-24T00:00:00.000;2024-07-24T23:59:59.000
18900;2023-07-28T05:46.11.123;2023-07-28T05:46:11.123;2024-07-24T00:00:00.000;2024-07-24T23:59:59.000
37565;2023-07-28T05:52.11.123;2023-07-28T05:52:11.123;2024-07-24T00:00:00.000;2024-07-24T23:59:59.000
13960;2023-07-28T06:09.11.123;2023-07-28T06:09:11.123;2024-07-24T00:00:00.000;2024-07-24T23:59:59.000
8639;2023-07-28T06:14.11.123;2023-07-28T06:14:11.123;2024-07-24T00:00:00.000;2024-07-24T23:59:59.000
18940;2023-07-28T06:58.11.123;2023-07-28T06:58:11.123;2024-07-24T00:00:00.000;2024-07-24T23:59:59.000
8103;2023-07-28T08:06.11.123;2023-07-28T08:06:11.123;2024-07-24T00:00:00.000;2024-07-24T23:59:59.000
8639;2023-07-28T08:21.11.123;2023-07-28T08:21:11.123;2024-07-24T00:00:00.000;2024-07-24T23:59:59.000
33906;2023-07-28T08:51.11.123;2023-07-28T08:51:11.123;2024-07-24T00:00:00.000;2024-07-24T23:59:59.000
37595;2023-07-28T09:16.11.123;2023-07-28T09:16:11.123;2024-07-24T00:00:00.000;2024-07-24T23:59:59.000
36420;2023-07-28T09:22.11.123;2023-07-28T09:22:11.123;2024-07-24T00:00:00.000;2024-07-24T23:59:59.000
35006;2023-07-28T09:26.11.123;2023-07-28T09:26:11.123;2024-07-24T00:00:00.000;2024-07-24T23:59:59.000
37815;2023-07-28T10:00.11.123;2023-07-28T10:00:11.123;2024-07-24T00:00:00.000;2024-07-24T23:59:59.000
18940;2023-07-28T11:01.11.123;2023-07-28T11:01:11.123;2024-07-24T00:00:00.000;2024-07-24T23:59:59.000
18940;2023-07-28T12:01.11.123;2023-07-28T12:01:11.123;2024-07-24T00:00:00.000;2024-07-24T23:59:59.000
23841;2023-07-28T12:52.11.123;2023-07-28T12:52:11.123;2024-07-24T00:00:00.000;2024-07-24T23:59:59.000
37189;2023-07-29T03:17.11.123;2023-07-29T03:17:11.123;2024-07-24T00:00:00.000;2024-07-24T23:59:59.000
18900;2023-07-29T03:48.11.123;2023-07-29T03:48:11.123;2024-07-24T00:00:00.000;2024-07-24T23:59:59.000
18940;2023-07-29T04:08.11.123;2023-07-29T04:08:11.123;2024-07-24T00:00:00.000;2024-07-24T23:59:59.000
8103;2023-07-29T05:52.11.123;2023-07-29T05:52:11.123;2024-07-24T00:00:00.000;2024-07-24T23:59:59.000
36501;2023-07-29T06:27.11.123;2023-07-29T06:27:11.123;2024-07-24T00:00:00.000;2024-07-24T23:59:59.000
8851;2023-07-29T07:40.11.123;2023-07-29T07:40:11.123;2024-07-24T00:00:00.000;2024-07-24T23:59:59.000
18900;2023-07-29T07:54.11.123;2023-07-29T07:54:11.123;2024-07-24T00:00:00.000;2024-07-24T23:59:59.000
37800;2023-07-29T08:05.11.123;2023-07-29T08:05:11.123;2024-07-24T00:00:00.000;2024-07-24T23:59:59.000
38040;2023-07-29T08:11.11.123;2023-07-29T08:11:11.123;2024-07-24T00:00:00.000;2024-07-24T23:59:59.000
13960;2023-07-29T08:54.11.123;2023-07-29T08:54:11.123;2024-07-24T00:00:00.000;2024-07-24T23:59:59.000
8103;2023-07-29T10:54.11.123;2023-07-29T10:54:11.123;2024-07-24T00:00:00.000;2024-07-24T23:59:59.000
36501;2023-07-29T11:34.11.123;2023-07-29T11:34:11.123;2024-07-24T00:00:00.000;2024-07-24T23:59:59.000
33906;2023-07-29T12:32.11.123;2023-07-29T12:32:11.123;2024-07-24T00:00:00.000;2024-07-24T23:59:59.000
8977;2023-07-30T01:22.11.123;2023-07-30T01:22:11.123;2024-07-24T00:00:00.000;2024-07-24T23:59:59.000
9454;2023-07-30T01:25.11.123;2023-07-30T01:25:11.123;2024-07-24T00:00:00.000;2024-07-24T23:59:59.000
37813;2023-07-30T01:27.11.123;2023-07-30T01:27:11.123;2024-07-24T00:00:00.000;2024-07-24T23:59:59.000
23841;2023-07-30T01:44.11.123;2023-07-30T01:44:11.123;2024-07-24T00:00:00.000;2024-07-24T23:59:59.000
37815;2023-07-30T02:16.11.123;2023-07-30T02:16:11.123;2024-07-24T00:00:00.000;2024-07-24T23:59:59.000
12598;2023-07-30T03:12.11.123;2023-07-30T03:12:11.123;2024-07-24T00:00:00.000;2024-07-24T23:59:59.000
18940;2023-07-30T05:10.11.123;2023-07-30T05:10:11.123;2024-07-24T00:00:00.000;2024-07-24T23:59:59.000
35223;2023-07-30T05:49.11.123;2023-07-30T05:49:11.123;2024-07-24T00:00:00.000;2024-07-24T23:59:59.000
18900;2023-07-30T08:03.11.123;2023-07-30T08:03:11.123;2024-07-24T00:00:00.000;2024-07-24T23:59:59.000
18940;2023-07-30T08:19.11.123;2023-07-30T08:19:11.123;2024-07-24T00:00:00.000;2024-07-24T23:59:59.000
37808;2023-07-30T09:33.11.123;2023-07-30T09:33:11.123;2024-07-24T00:00:00.000;2024-07-24T23:59:59.000
37808;2023-07-30T10:40.11.123;2023-07-30T10:40:11.123;2024-07-24T00:00:00.000;2024-07-24T23:59:59.000
9454;2023-07-30T10:49.11.123;2023-07-30T10:49:11.123;2024-07-24T00:00:00.000;2024-07-24T23:59:59.000
11854;2023-07-30T12:11.11.123;2023-07-30T12:11:11.123;2024-07-24T00:00:00.000;2024-07-24T23:59:59.000
23841;2023-07-30T12:25.11.123;2023-07-30T12:25:11.123;2024-07-24T00:00:00.000;2024-07-24T23:59:59.000
8912;2023-07-31T01:33.11.123;2023-07-31T01:33:11.123;2024-07-24T00:00:00.000;2024-07-24T23:59:59.000
18940;2023-07-31T01:35.11.123;2023-07-31T01:35:11.123;2024-07-24T00:00:00.000;2024-07-24T23:59:59.000
37565;2023-07-31T09:10.11.123;2023-07-31T09:10:11.123;2024-07-24T00:00:00.000;2024-07-24T23:59:59.000
37219;2023-08-02T02:51.11.123;2023-08-02T02:51:11.123;2024-07-24T00:00:00.000;2024-07-24T23:59:59.000
37943;2023-08-04T03:29.11.123;2023-08-04T03:29:11.123;2024-07-24T00:00:00.000;2024-07-24T23:59:59.000
18940;2023-08-04T03:31.11.123;2023-08-04T03:31:11.123;2024-07-24T00:00:00.000;2024-07-24T23:59:59.000
18940;2023-08-04T12:36.11.123;2023-08-04T12:36:11.123;2024-07-24T00:00:00.000;2024-07-24T23:59:59.000
8851;2023-08-06T06:54.11.123;2023-08-06T06:54:11.123;2024-07-24T00:00:00.000;2024-07-24T23:59:59.000
12598;2023-08-14T03:58.11.123;2023-08-14T03:58:11.123;2024-07-24T00:00:00.000;2024-07-24T23:59:59.000
37511;2023-08-14T06:58.11.123;2023-08-14T06:58:11.123;2024-07-24T00:00:00.000;2024-07-24T23:59:59.000
18940;2023-08-15T05:55.11.123;2023-08-15T05:55:11.123;2024-07-24T00:00:00.000;2024-07-24T23:59:59.000
37565;2023-08-15T06:18.11.123;2023-08-15T06:18:11.123;2024-07-24T00:00:00.000;2024-07-24T23:59:59.000
8296;2023-08-22T03:27.11.123;2023-08-22T03:27:11.123;2024-07-24T00:00:00.000;2024-07-24T23:59:59.000
18940;2023-08-23T06:54.11.123;2023-08-23T06:54:11.123;2024-07-24T00:00:00.000;2024-07-24T23:59:59.000
33906;2023-07-28T09:01.11.123;2023-07-28T09:01:11.123;2024-07-24T00:00:00.000;2024-07-24T23:59:59.000
10395;2023-07-28T11:34.11.123;2023-07-28T11:34:11.123;2024-07-24T00:00:00.000;2024-07-24T23:59:59.000
33983;2023-07-29T02:55.11.123;2023-07-29T02:55:11.123;2024-07-24T00:00:00.000;2024-07-24T23:59:59.000
37189;2023-07-29T05:28.11.123;2023-07-29T05:28:11.123;2024-07-24T00:00:00.000;2024-07-24T23:59:59.000
33906;2023-07-30T05:35.11.123;2023-07-30T05:35:11.123;2024-07-24T00:00:00.000;2024-07-24T23:59:59.000
8639;2023-07-30T06:11.11.123;2023-07-30T06:11:11.123;2024-07-24T00:00:00.000;2024-07-24T23:59:59.000
18900;2023-07-30T08:02.11.123;2023-07-30T08:02:11.123;2024-07-24T00:00:00.000;2024-07-24T23:59:59.000
8851;2023-07-30T08:32.11.123;2023-07-30T08:32:11.123;2024-07-24T00:00:00.000;2024-07-24T23:59:59.000
18900;2023-07-30T08:45.11.123;2023-07-30T08:45:11.123;2024-07-24T00:00:00.000;2024-07-24T23:59:59.000
36501;2023-07-30T08:46.11.123;2023-07-30T08:46:11.123;2024-07-24T00:00:00.000;2024-07-24T23:59:59.000
33906;2023-07-30T12:04.11.123;2023-07-30T12:04:11.123;2024-07-24T00:00:00.000;2024-07-24T23:59:59.000
8977;2023-08-03T07:34.11.123;2023-08-03T07:34:11.123;2024-07-24T00:00:00.000;2024-07-24T23:59:59.000
18841;2023-08-04T03:09.11.123;2023-08-04T03:09:11.123;2024-07-24T00:00:00.000;2024-07-24T23:59:59.000
18940;2023-08-04T03:18.11.123;2023-08-04T03:18:11.123;2024-07-24T00:00:00.000;2024-07-24T23:59:59.000
7851;2023-08-14T01:56.11.123;2023-08-14T01:56:11.123;2024-07-24T00:00:00.000;2024-07-24T23:59:59.000
14959;2023-08-14T02:15.11.123;2023-08-14T02:15:11.123;2024-07-24T00:00:00.000;2024-07-24T23:59:59.000
35206;2023-08-14T07:48.11.123;2023-08-14T07:48:11.123;2024-07-24T00:00:00.000;2024-07-24T23:59:59.000
18492;2023-08-14T12:23.11.123;2023-08-14T12:23:11.123;2024-07-24T00:00:00.000;2024-07-24T23:59:59.000
8639;2023-08-15T06:11.11.123;2023-08-15T06:11:11.123;2024-07-24T00:00:00.000;2024-07-24T23:59:59.000
38020;2023-08-15T06:22.11.123;2023-08-15T06:22:11.123;2024-07-24T00:00:00.000;2024-07-24T23:59:59.000
11854;2023-08-15T10:29.11.123;2023-08-15T10:29:11.123;2024-07-24T00:00:00.000;2024-07-24T23:59:59.000
8296;2023-08-15T10:57.11.123;2023-08-15T10:57:11.123;2024-07-24T00:00:00.000;2024-07-24T23:59:59.000
18900;2023-08-15T12:24.11.123;2023-08-15T12:24:11.123;2024-07-24T00:00:00.000;2024-07-24T23:59:59.000
23841;2023-08-16T01:08.11.123;2023-08-16T01:08:11.123;2024-07-24T00:00:00.000;2024-07-24T23:59:59.000
18940;2023-08-16T03:57.11.123;2023-08-16T03:57:11.123;2024-07-24T00:00:00.000;2024-07-24T23:59:59.000
8450;2023-08-16T03:57.11.123;2023-08-16T03:57:11.123;2024-07-24T00:00:00.000;2024-07-24T23:59:59.000
8296;2023-08-16T04:30.11.123;2023-08-16T04:30:11.123;2024-07-24T00:00:00.000;2024-07-24T23:59:59.000
18940;2023-08-16T04:35.11.123;2023-08-16T04:35:11.123;2024-07-24T00:00:00.000;2024-07-24T23:59:59.000
8851;2023-08-16T04:44.11.123;2023-08-16T04:44:11.123;2024-07-24T00:00:00.000;2024-07-24T23:59:59.000
26020;2023-08-16T04:53.11.123;2023-08-16T04:53:11.123;2024-07-24T00:00:00.000;2024-07-24T23:59:59.000
18940;2023-08-16T04:53.11.123;2023-08-16T04:53:11.123;2024-07-24T00:00:00.000;2024-07-24T23:59:59.000
8296;2023-08-16T06:14.11.123;2023-08-16T06:14:11.123;2024-07-24T00:00:00.000;2024-07-24T23:59:59.000
9090;2023-08-16T06:52.11.123;2023-08-16T06:52:11.123;2024-07-24T00:00:00.000;2024-07-24T23:59:59.000
18940;2023-08-16T10:40.11.123;2023-08-16T10:40:11.123;2024-07-24T00:00:00.000;2024-07-24T23:59:59.000
8296;2023-08-16T12:55.11.123;2023-08-16T12:55:11.123;2024-07-24T00:00:00.000;2024-07-24T23:59:59.000
37881;2023-08-17T11:18.11.123;2023-08-17T11:18:11.123;2024-07-24T00:00:00.000;2024-07-24T23:59:59.000
9090;2023-08-17T11:54.11.123;2023-08-17T11:54:11.123;2024-07-24T00:00:00.000;2024-07-24T23:59:59.000
37189;2023-08-17T11:58.11.123;2023-08-17T11:58:11.123;2024-07-24T00:00:00.000;2024-07-24T23:59:59.000
18940;2023-08-17T12:10.11.123;2023-08-17T12:10:11.123;2024-07-24T00:00:00.000;2024-07-24T23:59:59.000
8352;2023-08-17T12:14.11.123;2023-08-17T12:14:11.123;2024-07-24T00:00:00.000;2024-07-24T23:59:59.000
17330;2023-08-17T12:14.11.123;2023-08-17T12:14:11.123;2024-07-24T00:00:00.000;2024-07-24T23:59:59.000
18940;2023-08-17T12:21.11.123;2023-08-17T12:21:11.123;2024-07-24T00:00:00.000;2024-07-24T23:59:59.000
12987;2023-08-17T12:24.11.123;2023-08-17T12:24:11.123;2024-07-24T00:00:00.000;2024-07-24T23:59:59.000
37698;2023-08-18T02:56.11.123;2023-08-18T02:56:11.123;2024-07-24T00:00:00.000;2024-07-24T23:59:59.000
8977;2023-08-18T02:57.11.123;2023-08-18T02:57:11.123;2024-07-24T00:00:00.000;2024-07-24T23:59:59.000
18940;2023-08-20T09:28.11.123;2023-08-20T09:28:11.123;2024-07-24T00:00:00.000;2024-07-24T23:59:59.000
18900;2023-08-22T10:28.11.123;2023-08-22T10:28:11.123;2024-07-24T00:00:00.000;2024-07-24T23:59:59.000
12987;2023-08-23T01:55.11.123;2023-08-23T01:55:11.123;2024-07-24T00:00:00.000;2024-07-24T23:59:59.000
12987;2023-08-23T02:53.11.123;2023-08-23T02:53:11.123;2024-07-24T00:00:00.000;2024-07-24T23:59:59.000
18940;2023-08-23T03:57.11.123;2023-08-23T03:57:11.123;2024-07-24T00:00:00.000;2024-07-24T23:59:59.000
18940;2023-08-23T05:25.11.123;2023-08-23T05:25:11.123;2024-07-24T00:00:00.000;2024-07-24T23:59:59.000
8977;2023-08-23T07:20.11.123;2023-08-23T07:20:11.123;2024-07-24T00:00:00.000;2024-07-24T23:59:59.000
9090;2023-08-23T07:27.11.123;2023-08-23T07:27:11.123;2024-07-24T00:00:00.000;2024-07-24T23:59:59.000
8296;2023-08-23T11:56.11.123;2023-08-23T11:56:11.123;2024-07-24T00:00:00.000;2024-07-24T23:59:59.000
9363;2023-08-23T12:52.11.123;2023-08-23T12:52:11.123;2024-07-24T00:00:00.000;2024-07-24T23:59:59.000
20263;2023-08-28T10:19.11.123;2023-08-28T10:19:11.123;2024-07-24T00:00:00.000;2024-07-24T23:59:59.000
18841;2023-08-29T05:05.11.123;2023-08-29T05:05:11.123;2024-07-24T00:00:00.000;2024-07-24T23:59:59.000
147124;2023-08-29T12:26.11.123;2023-08-29T12:26:11.123;2024-07-24T00:00:00.000;2024-07-24T23:59:59.000
18076;2023-08-31T03:12.11.123;2023-08-31T03:12:11.123;2024-07-24T00:00:00.000;2024-07-24T23:59:59.000
14959;2023-08-31T03:18.11.123;2023-08-31T03:18:11.123;2024-07-24T00:00:00.000;2024-07-24T23:59:59.000
18940;2023-09-01T03:24.11.123;2023-09-01T03:24:11.123;2024-07-24T00:00:00.000;2024-07-24T23:59:59.000
18940;2023-09-01T03:39.11.123;2023-09-01T03:39:11.123;2024-07-24T00:00:00.000;2024-07-24T23:59:59.000
18940;2023-09-01T04:42.11.123;2023-09-01T04:42:11.123;2024-07-24T00:00:00.000;2024-07-24T23:59:59.000
24780;2023-09-01T05:07.11.123;2023-09-01T05:07:11.123;2024-07-24T00:00:00.000;2024-07-24T23:59:59.000
38254;2023-09-01T05:21.11.123;2023-09-01T05:21:11.123;2024-07-24T00:00:00.000;2024-07-24T23:59:59.000
12987;2023-09-01T05:40.11.123;2023-09-01T05:40:11.123;2024-07-24T00:00:00.000;2024-07-24T23:59:59.000
18940;2023-09-01T05:49.11.123;2023-09-01T05:49:11.123;2024-07-24T00:00:00.000;2024-07-24T23:59:59.000
24780;2023-09-01T05:50.11.123;2023-09-01T05:50:11.123;2024-07-24T00:00:00.000;2024-07-24T23:59:59.000
18940;2023-09-01T05:50.11.123;2023-09-01T05:50:11.123;2024-07-24T00:00:00.000;2024-07-24T23:59:59.000
18940;2023-09-01T05:52.11.123;2023-09-01T05:52:11.123;2024-07-24T00:00:00.000;2024-07-24T23:59:59.000
147124;2023-09-01T07:56.11.123;2023-09-01T07:56:11.123;2024-07-24T00:00:00.000;2024-07-24T23:59:59.000
8103;2023-09-03T08:27.11.123;2023-09-03T08:27:11.123;2024-07-24T00:00:00.000;2024-07-24T23:59:59.000
12987;2023-09-04T11:57.11.123;2023-09-04T11:57:11.123;2024-07-24T00:00:00.000;2024-07-24T23:59:59.000
18900;2023-09-05T06:11.11.123;2023-09-05T06:11:11.123;2024-07-24T00:00:00.000;2024-07-24T23:59:59.000
16733;2023-09-05T07:07.11.123;2023-09-05T07:07:11.123;2024-07-24T00:00:00.000;2024-07-24T23:59:59.000
24780;2023-09-05T07:11.11.123;2023-09-05T07:11:11.123;2024-07-24T00:00:00.000;2024-07-24T23:59:59.000
18687;2023-09-05T07:45.11.123;2023-09-05T07:45:11.123;2024-07-24T00:00:00.000;2024-07-24T23:59:59.000
8851;2023-09-05T08:01.11.123;2023-09-05T08:01:11.123;2024-07-24T00:00:00.000;2024-07-24T23:59:59.000
37815;2023-09-05T08:56.11.123;2023-09-05T08:56:11.123;2024-07-24T00:00:00.000;2024-07-24T23:59:59.000
18940;2023-09-05T09:28.11.123;2023-09-05T09:28:11.123;2024-07-24T00:00:00.000;2024-07-24T23:59:59.000
18940;2023-09-05T09:47.11.123;2023-09-05T09:47:11.123;2024-07-24T00:00:00.000;2024-07-24T23:59:59.000
18900;2023-09-05T09:48.11.123;2023-09-05T09:48:11.123;2024-07-24T00:00:00.000;2024-07-24T23:59:59.000
18940;2023-09-05T10:08.11.123;2023-09-05T10:08:11.123;2024-07-24T00:00:00.000;2024-07-24T23:59:59.000
33806;2023-09-05T10:18.11.123;2023-09-05T10:18:11.123;2024-07-24T00:00:00.000;2024-07-24T23:59:59.000
23841;2023-09-05T11:34.11.123;2023-09-05T11:34:11.123;2024-07-24T00:00:00.000;2024-07-24T23:59:59.000
18940;2023-09-05T11:37.11.123;2023-09-05T11:37:11.123;2024-07-24T00:00:00.000;2024-07-24T23:59:59.000
18940;2023-09-05T11:38.11.123;2023-09-05T11:38:11.123;2024-07-24T00:00:00.000;2024-07-24T23:59:59.000
12987;2023-09-06T08:46.11.123;2023-09-06T08:46:11.123;2024-07-24T00:00:00.000;2024-07-24T23:59:59.000
15559;2023-09-06T08:55.11.123;2023-09-06T08:55:11.123;2024-07-24T00:00:00.000;2024-07-24T23:59:59.000
18940;2023-09-06T08:56.11.123;2023-09-06T08:56:11.123;2024-07-24T00:00:00.000;2024-07-24T23:59:59.000
35006;2023-09-06T09:12.11.123;2023-09-06T09:12:11.123;2024-07-24T00:00:00.000;2024-07-24T23:59:59.000
18940;2023-09-07T12:43.11.123;2023-09-07T12:43:11.123;2024-07-24T00:00:00.000;2024-07-24T23:59:59.000
37968;2023-09-07T12:50.11.123;2023-09-07T12:50:11.123;2024-07-24T00:00:00.000;2024-07-24T23:59:59.000
18902;2023-09-07T12:52.11.123;2023-09-07T12:52:11.123;2024-07-24T00:00:00.000;2024-07-24T23:59:59.000
21396;2023-09-08T01:25.11.123;2023-09-08T01:25:11.123;2024-07-24T00:00:00.000;2024-07-24T23:59:59.000
23841;2023-09-08T01:43.11.123;2023-09-08T01:43:11.123;2024-07-24T00:00:00.000;2024-07-24T23:59:59.000
18940;2023-09-08T02:00.11.123;2023-09-08T02:00:11.123;2024-07-24T00:00:00.000;2024-07-24T23:59:59.000
12987;2023-09-08T02:34.11.123;2023-09-08T02:34:11.123;2024-07-24T00:00:00.000;2024-07-24T23:59:59.000
36472;2023-09-08T07:13.11.123;2023-09-08T07:13:11.123;2024-07-24T00:00:00.000;2024-07-24T23:59:59.000
8639;2023-09-08T07:43.11.123;2023-09-08T07:43:11.123;2024-07-24T00:00:00.000;2024-07-24T23:59:59.000
18940;2023-09-08T11:03.11.123;2023-09-08T11:03:11.123;2024-07-24T00:00:00.000;2024-07-24T23:59:59.000
18841;2023-09-08T11:36.11.123;2023-09-08T11:36:11.123;2024-07-24T00:00:00.000;2024-07-24T23:59:59.000
33806;2023-09-09T12:37.11.123;2023-09-09T12:37:11.123;2024-07-24T00:00:00.000;2024-07-24T23:59:59.000
37457;2023-09-11T01:14.11.123;2023-09-11T01:14:11.123;2024-07-24T00:00:00.000;2024-07-24T23:59:59.000
18940;2023-09-11T03:21.11.123;2023-09-11T03:21:11.123;2024-07-24T00:00:00.000;2024-07-24T23:59:59.000
18940;2023-09-11T03:38.11.123;2023-09-11T03:38:11.123;2024-07-24T00:00:00.000;2024-07-24T23:59:59.000
33783;2023-09-11T06:40.11.123;2023-09-11T06:40:11.123;2024-07-24T00:00:00.000;2024-07-24T23:59:59.000
33906;2023-09-11T07:39.11.123;2023-09-11T07:39:11.123;2024-07-24T00:00:00.000;2024-07-24T23:59:59.000
8001;2023-09-11T07:40.11.123;2023-09-11T07:40:11.123;2024-07-24T00:00:00.000;2024-07-24T23:59:59.000
8851;2023-09-11T07:48.11.123;2023-09-11T07:48:11.123;2024-07-24T00:00:00.000;2024-07-24T23:59:59.000
8103;2023-09-11T08:13.11.123;2023-09-11T08:13:11.123;2024-07-24T00:00:00.000;2024-07-24T23:59:59.000
37189;2023-09-11T08:23.11.123;2023-09-11T08:23:11.123;2024-07-24T00:00:00.000;2024-07-24T23:59:59.000
18940;2023-09-11T09:15.11.123;2023-09-11T09:15:11.123;2024-07-24T00:00:00.000;2024-07-24T23:59:59.000
8851;2023-09-13T02:19.11.123;2023-09-13T02:19:11.123;2024-07-24T00:00:00.000;2024-07-24T23:59:59.000
18940;2023-09-15T01:26.11.123;2023-09-15T01:26:11.123;2024-07-24T00:00:00.000;2024-07-24T23:59:59.000
12987;2023-09-15T03:12.11.123;2023-09-15T03:12:11.123;2024-07-24T00:00:00.000;2024-07-24T23:59:59.000
26961;2023-09-15T04:55.11.123;2023-09-15T04:55:11.123;2024-07-24T00:00:00.000;2024-07-24T23:59:59.000
31685;2023-09-15T05:54.11.123;2023-09-15T05:54:11.123;2024-07-24T00:00:00.000;2024-07-24T23:59:59.000
18940;2023-09-15T11:43.11.123;2023-09-15T11:43:11.123;2024-07-24T00:00:00.000;2024-07-24T23:59:59.000
18940;2023-09-15T11:49.11.123;2023-09-15T11:49:11.123;2024-07-24T00:00:00.000;2024-07-24T23:59:59.000
18841;2023-09-16T02:54.11.123;2023-09-16T02:54:11.123;2024-07-24T00:00:00.000;2024-07-24T23:59:59.000
9090;2023-09-16T04:28.11.123;2023-09-16T04:28:11.123;2024-07-24T00:00:00.000;2024-07-24T23:59:59.000
8977;2023-09-16T05:14.11.123;2023-09-16T05:14:11.123;2024-07-24T00:00:00.000;2024-07-24T23:59:59.000
18841;2023-09-16T05:51.11.123;2023-09-16T05:51:11.123;2024-07-24T00:00:00.000;2024-07-24T23:59:59.000
37484;2023-08-28T10:42.11.123;2023-08-28T10:42:11.123;2024-07-24T00:00:00.000;2024-07-24T23:59:59.000
36966;2023-09-01T05:16.11.123;2023-09-01T05:16:11.123;2024-07-24T00:00:00.000;2024-07-24T23:59:59.000
8639;2023-09-01T05:51.11.123;2023-09-01T05:51:11.123;2024-07-24T00:00:00.000;2024-07-24T23:59:59.000
33983;2023-09-05T03:07.11.123;2023-09-05T03:07:11.123;2024-07-24T00:00:00.000;2024-07-24T23:59:59.000
9329;2023-09-05T07:09.11.123;2023-09-05T07:09:11.123;2024-07-24T00:00:00.000;2024-07-24T23:59:59.000
18940;2023-09-05T09:20.11.123;2023-09-05T09:20:11.123;2024-07-24T00:00:00.000;2024-07-24T23:59:59.000
18940;2023-09-05T09:20.11.123;2023-09-05T09:20:11.123;2024-07-24T00:00:00.000;2024-07-24T23:59:59.000
23841;2023-09-05T11:23.11.123;2023-09-05T11:23:11.123;2024-07-24T00:00:00.000;2024-07-24T23:59:59.000
19767;2023-09-07T05:18.11.123;2023-09-07T05:18:11.123;2024-07-24T00:00:00.000;2024-07-24T23:59:59.000
18902;2023-09-09T06:12.11.123;2023-09-09T06:12:11.123;2024-07-24T00:00:00.000;2024-07-24T23:59:59.000
37898;2023-09-09T07:32.11.123;2023-09-09T07:32:11.123;2024-07-24T00:00:00.000;2024-07-24T23:59:59.000
12598;2023-09-09T12:34.11.123;2023-09-09T12:34:11.123;2024-07-24T00:00:00.000;2024-07-24T23:59:59.000
18940;2023-09-11T01:24.11.123;2023-09-11T01:24:11.123;2024-07-24T00:00:00.000;2024-07-24T23:59:59.000
18940;2023-09-14T08:51.11.123;2023-09-14T08:51:11.123;2024-07-24T00:00:00.000;2024-07-24T23:59:59.000
18940;2023-09-15T03:42.11.123;2023-09-15T03:42:11.123;2024-07-24T00:00:00.000;2024-07-24T23:59:59.000
9221;2023-09-15T07:54.11.123;2023-09-15T07:54:11.123;2024-07-24T00:00:00.000;2024-07-24T23:59:59.000
18940;2023-09-15T11:42.11.123;2023-09-15T11:42:11.123;2024-07-24T00:00:00.000;2024-07-24T23:59:59.000
37596;2023-09-16T01:09.11.123;2023-09-16T01:09:11.123;2024-07-24T00:00:00.000;2024-07-24T23:59:59.000
18940;2023-09-16T01:17.11.123;2023-09-16T01:17:11.123;2024-07-24T00:00:00.000;2024-07-24T23:59:59.000
18940;2023-09-16T01:19.11.123;2023-09-16T01:19:11.123;2024-07-24T00:00:00.000;2024-07-24T23:59:59.000
17486;2023-09-16T02:43.11.123;2023-09-16T02:43:11.123;2024-07-24T00:00:00.000;2024-07-24T23:59:59.000
8450;2023-09-16T02:53.11.123;2023-09-16T02:53:11.123;2024-07-24T00:00:00.000;2024-07-24T23:59:59.000
18940;2023-09-16T03:01.11.123;2023-09-16T03:01:11.123;2024-07-24T00:00:00.000;2024-07-24T23:59:59.000
10308;2023-09-16T03:12.11.123;2023-09-16T03:12:11.123;2024-07-24T00:00:00.000;2024-07-24T23:59:59.000
18940;2023-09-16T03:21.11.123;2023-09-16T03:21:11.123;2024-07-24T00:00:00.000;2024-07-24T23:59:59.000
18940;2023-09-16T04:06.11.123;2023-09-16T04:06:11.123;2024-07-24T00:00:00.000;2024-07-24T23:59:59.000
8639;2023-09-16T04:36.11.123;2023-09-16T04:36:11.123;2024-07-24T00:00:00.000;2024-07-24T23:59:59.000
18940;2023-09-16T04:39.11.123;2023-09-16T04:39:11.123;2024-07-24T00:00:00.000;2024-07-24T23:59:59.000
8977;2023-09-16T05:14.11.123;2023-09-16T05:14:11.123;2024-07-24T00:00:00.000;2024-07-24T23:59:59.000
15559;2023-09-16T05:15.11.123;2023-09-16T05:15:11.123;2024-07-24T00:00:00.000;2024-07-24T23:59:59.000
9090;2023-09-16T05:31.11.123;2023-09-16T05:31:11.123;2024-07-24T00:00:00.000;2024-07-24T23:59:59.000
18940;2023-09-16T05:39.11.123;2023-09-16T05:39:11.123;2024-07-24T00:00:00.000;2024-07-24T23:59:59.000
37565;2023-09-16T05:43.11.123;2023-09-16T05:43:11.123;2024-07-24T00:00:00.000;2024-07-24T23:59:59.000
147124;2023-09-16T08:11.11.123;2023-09-16T08:11:11.123;2024-07-24T00:00:00.000;2024-07-24T23:59:59.000
24780;2023-09-16T08:15.11.123;2023-09-16T08:15:11.123;2024-07-24T00:00:00.000;2024-07-24T23:59:59.000
8450;2023-09-16T08:28.11.123;2023-09-16T08:28:11.123;2024-07-24T00:00:00.000;2024-07-24T23:59:59.000
37565;2023-09-16T08:38.11.123;2023-09-16T08:38:11.123;2024-07-24T00:00:00.000;2024-07-24T23:59:59.000
8450;2023-09-16T08:41.11.123;2023-09-16T08:41:11.123;2024-07-24T00:00:00.000;2024-07-24T23:59:59.000
18940;2023-09-16T08:49.11.123;2023-09-16T08:49:11.123;2024-07-24T00:00:00.000;2024-07-24T23:59:59.000
18940;2023-09-16T09:03.11.123;2023-09-16T09:03:11.123;2024-07-24T00:00:00.000;2024-07-24T23:59:59.000
37565;2023-09-16T09:37.11.123;2023-09-16T09:37:11.123;2024-07-24T00:00:00.000;2024-07-24T23:59:59.000
37484;2023-09-16T11:19.11.123;2023-09-16T11:19:11.123;2024-07-24T00:00:00.000;2024-07-24T23:59:59.000
17486;2023-09-16T11:31.11.123;2023-09-16T11:31:11.123;2024-07-24T00:00:00.000;2024-07-24T23:59:59.000
20263;2023-09-16T11:36.11.123;2023-09-16T11:36:11.123;2024-07-24T00:00:00.000;2024-07-24T23:59:59.000
18940;2023-09-16T12:06.11.123;2023-09-16T12:06:11.123;2024-07-24T00:00:00.000;2024-07-24T23:59:59.000
18940;2023-09-16T12:23.11.123;2023-09-16T12:23:11.123;2024-07-24T00:00:00.000;2024-07-24T23:59:59.000
18940;2023-09-16T12:24.11.123;2023-09-16T12:24:11.123;2024-07-24T00:00:00.000;2024-07-24T23:59:59.000
33806;2023-09-16T12:27.11.123;2023-09-16T12:27:11.123;2024-07-24T00:00:00.000;2024-07-24T23:59:59.000
33806;2023-09-16T12:31.11.123;2023-09-16T12:31:11.123;2024-07-24T00:00:00.000;2024-07-24T23:59:59.000
8639;2023-09-16T12:53.11.123;2023-09-16T12:53:11.123;2024-07-24T00:00:00.000;2024-07-24T23:59:59.000
18940;2023-09-23T04:18.11.123;2023-09-23T04:18:11.123;2024-07-24T00:00:00.000;2024-07-24T23:59:59.000
36966;2023-09-26T05:05.11.123;2023-09-26T05:05:11.123;2024-07-24T00:00:00.000;2024-07-24T23:59:59.000
18940;2023-10-03T09:24.11.123;2023-10-03T09:24:11.123;2024-07-24T00:00:00.000;2024-07-24T23:59:59.000
12598;2023-10-09T03:50.11.123;2023-10-09T03:50:11.123;2024-07-24T00:00:00.000;2024-07-24T23:59:59.000
18940;2023-10-09T05:10.11.123;2023-10-09T05:10:11.123;2024-07-24T00:00:00.000;2024-07-24T23:59:59.000
24780;2023-10-09T11:46.11.123;2023-10-09T11:46:11.123;2024-07-24T00:00:00.000;2024-07-24T23:59:59.000
8851;2023-10-18T08:34.11.123;2023-10-18T08:34:11.123;2024-07-24T00:00:00.000;2024-07-24T23:59:59.000
37565;2023-10-18T08:43.11.123;2023-10-18T08:43:11.123;2024-07-24T00:00:00.000;2024-07-24T23:59:59.000
37565;2023-11-09T09:16.11.123;2023-11-09T09:16:11.123;2024-07-24T00:00:00.000;2024-07-24T23:59:59.000
8977;2023-11-14T05:09.11.123;2023-11-14T05:09:11.123;2024-07-24T00:00:00.000;2024-07-24T23:59:59.000
23841;2023-11-14T05:15.11.123;2023-11-14T05:15:11.123;2024-07-24T00:00:00.000;2024-07-24T23:59:59.000
26961;2023-09-16T03:34.11.123;2023-09-16T03:34:11.123;2024-07-24T00:00:00.000;2024-07-24T23:59:59.000
37565;2023-09-16T06:36.11.123;2023-09-16T06:36:11.123;2024-07-24T00:00:00.000;2024-07-24T23:59:59.000
12598;2023-09-16T07:35.11.123;2023-09-16T07:35:11.123;2024-07-24T00:00:00.000;2024-07-24T23:59:59.000
8639;2023-09-16T08:02.11.123;2023-09-16T08:02:11.123;2024-07-24T00:00:00.000;2024-07-24T23:59:59.000
37943;2023-09-16T08:14.11.123;2023-09-16T08:14:11.123;2024-07-24T00:00:00.000;2024-07-24T23:59:59.000
18940;2023-09-16T10:58.11.123;2023-09-16T10:58:11.123;2024-07-24T00:00:00.000;2024-07-24T23:59:59.000
147124;2023-09-16T11:11.11.123;2023-09-16T11:11:11.123;2024-07-24T00:00:00.000;2024-07-24T23:59:59.000
18940;2023-09-16T11:33.11.123;2023-09-16T11:33:11.123;2024-07-24T00:00:00.000;2024-07-24T23:59:59.000
18687;2023-09-16T11:37.11.123;2023-09-16T11:37:11.123;2024-07-24T00:00:00.000;2024-07-24T23:59:59.000
12987;2023-09-21T07:56.11.123;2023-09-21T07:56:11.123;2024-07-24T00:00:00.000;2024-07-24T23:59:59.000
18940;2023-09-22T02:32.11.123;2023-09-22T02:32:11.123;2024-07-24T00:00:00.000;2024-07-24T23:59:59.000
37898;2023-09-26T10:53.11.123;2023-09-26T10:53:11.123;2024-07-24T00:00:00.000;2024-07-24T23:59:59.000
12987;2023-10-09T09:24.11.123;2023-10-09T09:24:11.123;2024-07-24T00:00:00.000;2024-07-24T23:59:59.000
24780;2023-10-09T11:49.11.123;2023-10-09T11:49:11.123;2024-07-24T00:00:00.000;2024-07-24T23:59:59.000
18940;2023-10-11T07:16.11.123;2023-10-11T07:16:11.123;2024-07-24T00:00:00.000;2024-07-24T23:59:59.000
18940;2023-10-13T10:20.11.123;2023-10-13T10:20:11.123;2024-07-24T00:00:00.000;2024-07-24T23:59:59.000
37808;2023-10-13T10:36.11.123;2023-10-13T10:36:11.123;2024-07-24T00:00:00.000;2024-07-24T23:59:59.000
8276;2023-10-13T11:07.11.123;2023-10-13T11:07:11.123;2024-07-24T00:00:00.000;2024-07-24T23:59:59.000
12987;2023-10-30T02:21.11.123;2023-10-30T02:21:11.123;2024-07-24T00:00:00.000;2024-07-24T23:59:59.000
12987;2023-10-31T09:20.11.123;2023-10-31T09:20:11.123;2024-07-24T00:00:00.000;2024-07-24T23:59:59.000
8296;2023-11-19T01:01.11.123;2023-11-19T01:01:11.123;2024-07-24T00:00:00.000;2024-07-24T23:59:59.000
18687;2023-11-19T01:02.11.123;2023-11-19T01:02:11.123;2024-07-24T00:00:00.000;2024-07-24T23:59:59.000
8296;2023-11-19T01:07.11.123;2023-11-19T01:07:11.123;2024-07-24T00:00:00.000;2024-07-24T23:59:59.000
18687;2023-11-19T01:11.11.123;2023-11-19T01:11:11.123;2024-07-24T00:00:00.000;2024-07-24T23:59:59.000
24780;2023-11-19T01:12.11.123;2023-11-19T01:12:11.123;2024-07-24T00:00:00.000;2024-07-24T23:59:59.000
9091;2023-11-19T10:52.11.123;2023-11-19T10:52:11.123;2024-07-24T00:00:00.000;2024-07-24T23:59:59.000
18940;2023-11-19T10:54.11.123;2023-11-19T10:54:11.123;2024-07-24T00:00:00.000;2024-07-24T23:59:59.000
18940;2023-11-19T11:01.11.123;2023-11-19T11:01:11.123;2024-07-24T00:00:00.000;2024-07-24T23:59:59.000
8450;2023-11-19T11:12.11.123;2023-11-19T11:12:11.123;2024-07-24T00:00:00.000;2024-07-24T23:59:59.000
37808;2023-11-19T11:19.11.123;2023-11-19T11:19:11.123;2024-07-24T00:00:00.000;2024-07-24T23:59:59.000
38254;2023-11-19T11:22.11.123;2023-11-19T11:22:11.123;2024-07-24T00:00:00.000;2024-07-24T23:59:59.000
9090;2023-11-19T11:41.11.123;2023-11-19T11:41:11.123;2024-07-24T00:00:00.000;2024-07-24T23:59:59.000
31685;2023-11-19T11:46.11.123;2023-11-19T11:46:11.123;2024-07-24T00:00:00.000;2024-07-24T23:59:59.000
8103;2023-11-19T12:06.11.123;2023-11-19T12:06:11.123;2024-07-24T00:00:00.000;2024-07-24T23:59:59.000
18940;2023-11-19T12:25.11.123;2023-11-19T12:25:11.123;2024-07-24T00:00:00.000;2024-07-24T23:59:59.000
8851;2023-11-19T12:49.11.123;2023-11-19T12:49:11.123;2024-07-24T00:00:00.000;2024-07-24T23:59:59.000
18940;2023-11-19T12:55.11.123;2023-11-19T12:55:11.123;2024-07-24T00:00:00.000;2024-07-24T23:59:59.000
12987;2023-11-20T02:06.11.123;2023-11-20T02:06:11.123;2024-07-24T00:00:00.000;2024-07-24T23:59:59.000
12987;2023-12-12T05:56.11.123;2023-12-12T05:56:11.123;2024-07-24T00:00:00.000;2024-07-24T23:59:59.000
18940;2023-12-16T03:56.11.123;2023-12-16T03:56:11.123;2024-07-24T00:00:00.000;2024-07-24T23:59:59.000
25740;2023-12-16T04:43.11.123;2023-12-16T04:43:11.123;2024-07-24T00:00:00.000;2024-07-24T23:59:59.000
18940;2023-12-16T05:22.11.123;2023-12-16T05:22:11.123;2024-07-24T00:00:00.000;2024-07-24T23:59:59.000
147124;2023-09-16T02:24.11.123;2023-09-16T02:24:11.123;2024-07-24T00:00:00.000;2024-07-24T23:59:59.000
8639;2023-09-16T02:54.11.123;2023-09-16T02:54:11.123;2024-07-24T00:00:00.000;2024-07-24T23:59:59.000
8977;2023-09-16T03:43.11.123;2023-09-16T03:43:11.123;2024-07-24T00:00:00.000;2024-07-24T23:59:59.000
12987;2023-09-21T07:57.11.123;2023-09-21T07:57:11.123;2024-07-24T00:00:00.000;2024-07-24T23:59:59.000
18940;2023-09-26T10:47.11.123;2023-09-26T10:47:11.123;2024-07-24T00:00:00.000;2024-07-24T23:59:59.000
37484;2023-10-04T10:32.11.123;2023-10-04T10:32:11.123;2024-07-24T00:00:00.000;2024-07-24T23:59:59.000
12987;2023-10-09T11:11.11.123;2023-10-09T11:11:11.123;2024-07-24T00:00:00.000;2024-07-24T23:59:59.000
12987;2023-10-09T11:53.11.123;2023-10-09T11:53:11.123;2024-07-24T00:00:00.000;2024-07-24T23:59:59.000
33906;2023-11-19T01:07.11.123;2023-11-19T01:07:11.123;2024-07-24T00:00:00.000;2024-07-24T23:59:59.000
14104;2023-11-19T02:16.11.123;2023-11-19T02:16:11.123;2024-07-24T00:00:00.000;2024-07-24T23:59:59.000
36472;2023-11-19T04:30.11.123;2023-11-19T04:30:11.123;2024-07-24T00:00:00.000;2024-07-24T23:59:59.000
35006;2023-11-19T11:07.11.123;2023-11-19T11:07:11.123;2024-07-24T00:00:00.000;2024-07-24T23:59:59.000
37808;2023-11-19T11:18.11.123;2023-11-19T11:18:11.123;2024-07-24T00:00:00.000;2024-07-24T23:59:59.000
37484;2023-11-19T11:52.11.123;2023-11-19T11:52:11.123;2024-07-24T00:00:00.000;2024-07-24T23:59:59.000
17330;2023-11-19T12:28.11.123;2023-11-19T12:28:11.123;2024-07-24T00:00:00.000;2024-07-24T23:59:59.000
18940;2023-12-12T06:56.11.123;2023-12-12T06:56:11.123;2024-07-24T00:00:00.000;2024-07-24T23:59:59.000
37879;2023-12-16T01:13.11.123;2023-12-16T01:13:11.123;2024-07-24T00:00:00.000;2024-07-24T23:59:59.000
18940;2023-12-16T01:33.11.123;2023-12-16T01:33:11.123;2024-07-24T00:00:00.000;2024-07-24T23:59:59.000
18940;2023-12-16T01:47.11.123;2023-12-16T01:47:11.123;2024-07-24T00:00:00.000;2024-07-24T23:59:59.000
18940;2023-12-16T02:39.11.123;2023-12-16T02:39:11.123;2024-07-24T00:00:00.000;2024-07-24T23:59:59.000
8296;2023-12-16T03:21.11.123;2023-12-16T03:21:11.123;2024-07-24T00:00:00.000;2024-07-24T23:59:59.000
10395;2023-12-16T03:58.11.123;2023-12-16T03:58:11.123;2024-07-24T00:00:00.000;2024-07-24T23:59:59.000
18940;2023-12-16T04:22.11.123;2023-12-16T04:22:11.123;2024-07-24T00:00:00.000;2024-07-24T23:59:59.000
18940;2023-12-16T04:23.11.123;2023-12-16T04:23:11.123;2024-07-24T00:00:00.000;2024-07-24T23:59:59.000
18940;2023-12-16T05:12.11.123;2023-12-16T05:12:11.123;2024-07-24T00:00:00.000;2024-07-24T23:59:59.000
147124;2023-12-16T05:51.11.123;2023-12-16T05:51:11.123;2024-07-24T00:00:00.000;2024-07-24T23:59:59.000
18940;2023-12-16T06:10.11.123;2023-12-16T06:10:11.123;2024-07-24T00:00:00.000;2024-07-24T23:59:59.000
37565;2023-12-16T06:49.11.123;2023-12-16T06:49:11.123;2024-07-24T00:00:00.000;2024-07-24T23:59:59.000
35006;2023-12-16T08:35.11.123;2023-12-16T08:35:11.123;2024-07-24T00:00:00.000;2024-07-24T23:59:59.000
8103;2023-12-16T08:50.11.123;2023-12-16T08:50:11.123;2024-07-24T00:00:00.000;2024-07-24T23:59:59.000
18940;2023-12-16T08:57.11.123;2023-12-16T08:57:11.123;2024-07-24T00:00:00.000;2024-07-24T23:59:59.000
37565;2023-12-16T10:14.11.123;2023-12-16T10:14:11.123;2024-07-24T00:00:00.000;2024-07-24T23:59:59.000
18940;2023-12-16T10:39.11.123;2023-12-16T10:39:11.123;2024-07-24T00:00:00.000;2024-07-24T23:59:59.000
18940;2023-11-14T05:06.11.123;2023-11-14T05:06:11.123;2024-07-24T00:00:00.000;2024-07-24T23:59:59.000
18940;2023-11-14T05:08.11.123;2023-11-14T05:08:11.123;2024-07-24T00:00:00.000;2024-07-24T23:59:59.000
18940;2023-11-19T01:18.11.123;2023-11-19T01:18:11.123;2024-07-24T00:00:00.000;2024-07-24T23:59:59.000
36501;2023-11-19T05:35.11.123;2023-11-19T05:35:11.123;2024-07-24T00:00:00.000;2024-07-24T23:59:59.000
9329;2023-11-19T05:43.11.123;2023-11-19T05:43:11.123;2024-07-24T00:00:00.000;2024-07-24T23:59:59.000
18841;2023-11-19T12:16.11.123;2023-11-19T12:16:11.123;2024-07-24T00:00:00.000;2024-07-24T23:59:59.000
38711;2023-11-20T08:06.11.123;2023-11-20T08:06:11.123;2024-07-24T00:00:00.000;2024-07-24T23:59:59.000
11854;2023-12-16T01:48.11.123;2023-12-16T01:48:11.123;2024-07-24T00:00:00.000;2024-07-24T23:59:59.000
33783;2023-12-16T02:17.11.123;2023-12-16T02:17:11.123;2024-07-24T00:00:00.000;2024-07-24T23:59:59.000
9329;2023-12-16T03:20.11.123;2023-12-16T03:20:11.123;2024-07-24T00:00:00.000;2024-07-24T23:59:59.000
18940;2023-12-16T03:51.11.123;2023-12-16T03:51:11.123;2024-07-24T00:00:00.000;2024-07-24T23:59:59.000
18940;2023-12-16T03:54.11.123;2023-12-16T03:54:11.123;2024-07-24T00:00:00.000;2024-07-24T23:59:59.000
9090;2023-12-16T04:09.11.123;2023-12-16T04:09:11.123;2024-07-24T00:00:00.000;2024-07-24T23:59:59.000
16733;2023-12-16T05:54.11.123;2023-12-16T05:54:11.123;2024-07-24T00:00:00.000;2024-07-24T23:59:59.000
18687;2023-12-16T05:55.11.123;2023-12-16T05:55:11.123;2024-07-24T00:00:00.000;2024-07-24T23:59:59.000
18940;2023-12-16T06:08.11.123;2023-12-16T06:08:11.123;2024-07-24T00:00:00.000;2024-07-24T23:59:59.000
37488;2023-12-16T07:01.11.123;2023-12-16T07:01:11.123;2024-07-24T00:00:00.000;2024-07-24T23:59:59.000
37565;2023-12-16T07:21.11.123;2023-12-16T07:21:11.123;2024-07-24T00:00:00.000;2024-07-24T23:59:59.000
18940;2023-12-16T07:27.11.123;2023-12-16T07:27:11.123;2024-07-24T00:00:00.000;2024-07-24T23:59:59.000
12598;2023-12-16T07:30.11.123;2023-12-16T07:30:11.123;2024-07-24T00:00:00.000;2024-07-24T23:59:59.000
18940;2023-12-16T07:51.11.123;2023-12-16T07:51:11.123;2024-07-24T00:00:00.000;2024-07-24T23:59:59.000
18940;2023-12-16T07:55.11.123;2023-12-16T07:55:11.123;2024-07-24T00:00:00.000;2024-07-24T23:59:59.000
21416;2023-12-16T08:36.11.123;2023-12-16T08:36:11.123;2024-07-24T00:00:00.000;2024-07-24T23:59:59.000
38254;2023-12-16T08:56.11.123;2023-12-16T08:56:11.123;2024-07-24T00:00:00.000;2024-07-24T23:59:59.000
32851;2023-12-16T09:01.11.123;2023-12-16T09:01:11.123;2024-07-24T00:00:00.000;2024-07-24T23:59:59.000
37565;2023-12-16T09:16.11.123;2023-12-16T09:16:11.123;2024-07-24T00:00:00.000;2024-07-24T23:59:59.000
8886;2023-12-16T11:22.11.123;2023-12-16T11:22:11.123;2024-07-24T00:00:00.000;2024-07-24T23:59:59.000
18940;2023-12-16T11:25.11.123;2023-12-16T11:25:11.123;2024-07-24T00:00:00.000;2024-07-24T23:59:59.000
18940;2023-12-17T12:42.11.123;2023-12-17T12:42:11.123;2024-07-24T00:00:00.000;2024-07-24T23:59:59.000
8607;2023-12-16T01:13.11.123;2023-12-16T01:13:11.123;2024-07-24T00:00:00.000;2024-07-24T23:59:59.000
8912;2023-12-16T01:25.11.123;2023-12-16T01:25:11.123;2024-07-24T00:00:00.000;2024-07-24T23:59:59.000
11854;2023-12-16T01:46.11.123;2023-12-16T01:46:11.123;2024-07-24T00:00:00.000;2024-07-24T23:59:59.000
38711;2023-12-16T01:53.11.123;2023-12-16T01:53:11.123;2024-07-24T00:00:00.000;2024-07-24T23:59:59.000
38711;2023-12-16T01:56.11.123;2023-12-16T01:56:11.123;2024-07-24T00:00:00.000;2024-07-24T23:59:59.000
33806;2023-12-16T01:59.11.123;2023-12-16T01:59:11.123;2024-07-24T00:00:00.000;2024-07-24T23:59:59.000
24780;2023-12-16T02:30.11.123;2023-12-16T02:30:11.123;2024-07-24T00:00:00.000;2024-07-24T23:59:59.000
18940;2023-12-16T03:48.11.123;2023-12-16T03:48:11.123;2024-07-24T00:00:00.000;2024-07-24T23:59:59.000
37827;2023-12-16T03:51.11.123;2023-12-16T03:51:11.123;2024-07-24T00:00:00.000;2024-07-24T23:59:59.000
18940;2023-12-16T04:01.11.123;2023-12-16T04:01:11.123;2024-07-24T00:00:00.000;2024-07-24T23:59:59.000
8851;2023-12-16T04:10.11.123;2023-12-16T04:10:11.123;2024-07-24T00:00:00.000;2024-07-24T23:59:59.000
8450;2023-12-16T04:14.11.123;2023-12-16T04:14:11.123;2024-07-24T00:00:00.000;2024-07-24T23:59:59.000
9454;2023-12-16T04:33.11.123;2023-12-16T04:33:11.123;2024-07-24T00:00:00.000;2024-07-24T23:59:59.000
8977;2023-12-16T05:20.11.123;2023-12-16T05:20:11.123;2024-07-24T00:00:00.000;2024-07-24T23:59:59.000
18940;2023-12-16T05:22.11.123;2023-12-16T05:22:11.123;2024-07-24T00:00:00.000;2024-07-24T23:59:59.000
18841;2023-12-16T05:58.11.123;2023-12-16T05:58:11.123;2024-07-24T00:00:00.000;2024-07-24T23:59:59.000
33806;2023-12-16T06:08.11.123;2023-12-16T06:08:11.123;2024-07-24T00:00:00.000;2024-07-24T23:59:59.000
16733;2023-12-16T06:10.11.123;2023-12-16T06:10:11.123;2024-07-24T00:00:00.000;2024-07-24T23:59:59.000
8103;2023-12-16T06:19.11.123;2023-12-16T06:19:11.123;2024-07-24T00:00:00.000;2024-07-24T23:59:59.000
8450;2023-12-16T06:59.11.123;2023-12-16T06:59:11.123;2024-07-24T00:00:00.000;2024-07-24T23:59:59.000
8450;2023-12-16T06:59.11.123;2023-12-16T06:59:11.123;2024-07-24T00:00:00.000;2024-07-24T23:59:59.000
8296;2023-12-16T07:03.11.123;2023-12-16T07:03:11.123;2024-07-24T00:00:00.000;2024-07-24T23:59:59.000
38020;2023-12-16T07:12.11.123;2023-12-16T07:12:11.123;2024-07-24T00:00:00.000;2024-07-24T23:59:59.000
37541;2023-12-16T07:16.11.123;2023-12-16T07:16:11.123;2024-07-24T00:00:00.000;2024-07-24T23:59:59.000
8977;2023-12-16T07:16.11.123;2023-12-16T07:16:11.123;2024-07-24T00:00:00.000;2024-07-24T23:59:59.000
18940;2023-12-16T07:18.11.123;2023-12-16T07:18:11.123;2024-07-24T00:00:00.000;2024-07-24T23:59:59.000
18940;2023-12-16T07:30.11.123;2023-12-16T07:30:11.123;2024-07-24T00:00:00.000;2024-07-24T23:59:59.000
18841;2023-12-16T07:33.11.123;2023-12-16T07:33:11.123;2024-07-24T00:00:00.000;2024-07-24T23:59:59.000
18940;2023-12-16T07:57.11.123;2023-12-16T07:57:11.123;2024-07-24T00:00:00.000;2024-07-24T23:59:59.000
33806;2023-12-16T08:04.11.123;2023-12-16T08:04:11.123;2024-07-24T00:00:00.000;2024-07-24T23:59:59.000
9065;2023-12-16T08:09.11.123;2023-12-16T08:09:11.123;2024-07-24T00:00:00.000;2024-07-24T23:59:59.000
37484;2023-12-16T08:18.11.123;2023-12-16T08:18:11.123;2024-07-24T00:00:00.000;2024-07-24T23:59:59.000
38020;2023-12-16T08:56.11.123;2023-12-16T08:56:11.123;2024-07-24T00:00:00.000;2024-07-24T23:59:59.000
18900;2023-12-16T09:01.11.123;2023-12-16T09:01:11.123;2024-07-24T00:00:00.000;2024-07-24T23:59:59.000
8607;2023-12-16T09:24.11.123;2023-12-16T09:24:11.123;2024-07-24T00:00:00.000;2024-07-24T23:59:59.000
8851;2023-12-16T09:43.11.123;2023-12-16T09:43:11.123;2024-07-24T00:00:00.000;2024-07-24T23:59:59.000
12598;2023-12-16T09:48.11.123;2023-12-16T09:48:11.123;2024-07-24T00:00:00.000;2024-07-24T23:59:59.000
147124;2023-12-16T09:58.11.123;2023-12-16T09:58:11.123;2024-07-24T00:00:00.000;2024-07-24T23:59:59.000
37943;2023-12-16T10:04.11.123;2023-12-16T10:04:11.123;2024-07-24T00:00:00.000;2024-07-24T23:59:59.000
8450;2023-12-16T10:38.11.123;2023-12-16T10:38:11.123;2024-07-24T00:00:00.000;2024-07-24T23:59:59.000
18940;2023-12-16T10:43.11.123;2023-12-16T10:43:11.123;2024-07-24T00:00:00.000;2024-07-24T23:59:59.000
8450;2023-12-16T10:44.11.123;2023-12-16T10:44:11.123;2024-07-24T00:00:00.000;2024-07-24T23:59:59.000
18940;2023-12-16T10:48.11.123;2023-12-16T10:48:11.123;2024-07-24T00:00:00.000;2024-07-24T23:59:59.000
37808;2023-12-16T10:52.11.123;2023-12-16T10:52:11.123;2024-07-24T00:00:00.000;2024-07-24T23:59:59.000
37484;2023-12-16T11:41.11.123;2023-12-16T11:41:11.123;2024-07-24T00:00:00.000;2024-07-24T23:59:59.000
18940;2023-12-16T11:52.11.123;2023-12-16T11:52:11.123;2024-07-24T00:00:00.000;2024-07-24T23:59:59.000
18940;2023-12-16T11:52.11.123;2023-12-16T11:52:11.123;2024-07-24T00:00:00.000;2024-07-24T23:59:59.000
9090;2023-12-16T12:11.11.123;2023-12-16T12:11:11.123;2024-07-24T00:00:00.000;2024-07-24T23:59:59.000
33783;2023-12-16T12:24.11.123;2023-12-16T12:24:11.123;2024-07-24T00:00:00.000;2024-07-24T23:59:59.000
8977;2023-12-16T12:59.11.123;2023-12-16T12:59:11.123;2024-07-24T00:00:00.000;2024-07-24T23:59:59.000
18940;2023-12-17T01:01.11.123;2023-12-17T01:01:11.123;2024-07-24T00:00:00.000;2024-07-24T23:59:59.000
11854;2023-12-17T01:21.11.123;2023-12-17T01:21:11.123;2024-07-24T00:00:00.000;2024-07-24T23:59:59.000
18940;2023-12-17T01:36.11.123;2023-12-17T01:36:11.123;2024-07-24T00:00:00.000;2024-07-24T23:59:59.000
18940;2023-12-17T01:56.11.123;2023-12-17T01:56:11.123;2024-07-24T00:00:00.000;2024-07-24T23:59:59.000
33906;2023-12-17T02:39.11.123;2023-12-17T02:39:11.123;2024-07-24T00:00:00.000;2024-07-24T23:59:59.000
18940;2023-12-17T02:40.11.123;2023-12-17T02:40:11.123;2024-07-24T00:00:00.000;2024-07-24T23:59:59.000
18841;2023-12-17T03:28.11.123;2023-12-17T03:28:11.123;2024-07-24T00:00:00.000;2024-07-24T23:59:59.000
18940;2023-12-17T03:36.11.123;2023-12-17T03:36:11.123;2024-07-24T00:00:00.000;2024-07-24T23:59:59.000
18940;2023-12-17T03:45.11.123;2023-12-17T03:45:11.123;2024-07-24T00:00:00.000;2024-07-24T23:59:59.000
18940;2023-12-17T03:54.11.123;2023-12-17T03:54:11.123;2024-07-24T00:00:00.000;2024-07-24T23:59:59.000
14959;2023-12-17T04:47.11.123;2023-12-17T04:47:11.123;2024-07-24T00:00:00.000;2024-07-24T23:59:59.000
8851;2023-12-17T04:55.11.123;2023-12-17T04:55:11.123;2024-07-24T00:00:00.000;2024-07-24T23:59:59.000
18940;2023-12-17T06:32.11.123;2023-12-17T06:32:11.123;2024-07-24T00:00:00.000;2024-07-24T23:59:59.000
8851;2023-12-17T06:46.11.123;2023-12-17T06:46:11.123;2024-07-24T00:00:00.000;2024-07-24T23:59:59.000
18940;2023-12-17T07:08.11.123;2023-12-17T07:08:11.123;2024-07-24T00:00:00.000;2024-07-24T23:59:59.000
9329;2023-12-17T07:32.11.123;2023-12-17T07:32:11.123;2024-07-24T00:00:00.000;2024-07-24T23:59:59.000
32919;2023-12-17T08:24.11.123;2023-12-17T08:24:11.123;2024-07-24T00:00:00.000;2024-07-24T23:59:59.000
18940;2023-12-17T08:48.11.123;2023-12-17T08:48:11.123;2024-07-24T00:00:00.000;2024-07-24T23:59:59.000
8296;2023-12-17T08:58.11.123;2023-12-17T08:58:11.123;2024-07-24T00:00:00.000;2024-07-24T23:59:59.000
18902;2023-12-17T10:16.11.123;2023-12-17T10:16:11.123;2024-07-24T00:00:00.000;2024-07-24T23:59:59.000
37808;2023-12-17T10:47.11.123;2023-12-17T10:47:11.123;2024-07-24T00:00:00.000;2024-07-24T23:59:59.000
9090;2023-12-17T10:47.11.123;2023-12-17T10:47:11.123;2024-07-24T00:00:00.000;2024-07-24T23:59:59.000
14508;2023-12-17T10:53.11.123;2023-12-17T10:53:11.123;2024-07-24T00:00:00.000;2024-07-24T23:59:59.000
18940;2023-12-17T10:54.11.123;2023-12-17T10:54:11.123;2024-07-24T00:00:00.000;2024-07-24T23:59:59.000
18940;2023-12-17T10:57.11.123;2023-12-17T10:57:11.123;2024-07-24T00:00:00.000;2024-07-24T23:59:59.000
38254;2023-12-17T11:09.11.123;2023-12-17T11:09:11.123;2024-07-24T00:00:00.000;2024-07-24T23:59:59.000
18940;2023-12-17T12:04.11.123;2023-12-17T12:04:11.123;2024-07-24T00:00:00.000;2024-07-24T23:59:59.000
9329;2023-12-17T12:09.11.123;2023-12-17T12:09:11.123;2024-07-24T00:00:00.000;2024-07-24T23:59:59.000
18940;2023-12-17T12:41.11.123;2023-12-17T12:41:11.123;2024-07-24T00:00:00.000;2024-07-24T23:59:59.000
18940;2023-12-17T12:54.11.123;2023-12-17T12:54:11.123;2024-07-24T00:00:00.000;2024-07-24T23:59:59.000
38711;2023-12-16T01:57.11.123;2023-12-16T01:57:11.123;2024-07-24T00:00:00.000;2024-07-24T23:59:59.000
9090;2023-12-16T04:56.11.123;2023-12-16T04:56:11.123;2024-07-24T00:00:00.000;2024-07-24T23:59:59.000
18900;2023-12-16T06:12.11.123;2023-12-16T06:12:11.123;2024-07-24T00:00:00.000;2024-07-24T23:59:59.000
18940;2023-12-16T10:07.11.123;2023-12-16T10:07:11.123;2024-07-24T00:00:00.000;2024-07-24T23:59:59.000
18940;2023-12-16T10:54.11.123;2023-12-16T10:54:11.123;2024-07-24T00:00:00.000;2024-07-24T23:59:59.000
18940;2023-12-16T11:23.11.123;2023-12-16T11:23:11.123;2024-07-24T00:00:00.000;2024-07-24T23:59:59.000
37585;2023-12-16T12:07.11.123;2023-12-16T12:07:11.123;2024-07-24T00:00:00.000;2024-07-24T23:59:59.000
8670;2023-12-16T12:43.11.123;2023-12-16T12:43:11.123;2024-07-24T00:00:00.000;2024-07-24T23:59:59.000
18687;2023-12-17T01:03.11.123;2023-12-17T01:03:11.123;2024-07-24T00:00:00.000;2024-07-24T23:59:59.000
8103;2023-12-17T01:06.11.123;2023-12-17T01:06:11.123;2024-07-24T00:00:00.000;2024-07-24T23:59:59.000
9090;2023-12-17T01:38.11.123;2023-12-17T01:38:11.123;2024-07-24T00:00:00.000;2024-07-24T23:59:59.000
24780;2023-12-17T01:43.11.123;2023-12-17T01:43:11.123;2024-07-24T00:00:00.000;2024-07-24T23:59:59.000
8450;2023-12-17T01:51.11.123;2023-12-17T01:51:11.123;2024-07-24T00:00:00.000;2024-07-24T23:59:59.000
37827;2023-12-17T01:55.11.123;2023-12-17T01:55:11.123;2024-07-24T00:00:00.000;2024-07-24T23:59:59.000
8296;2023-12-17T02:20.11.123;2023-12-17T02:20:11.123;2024-07-24T00:00:00.000;2024-07-24T23:59:59.000
18841;2023-12-17T02:25.11.123;2023-12-17T02:25:11.123;2024-07-24T00:00:00.000;2024-07-24T23:59:59.000
18940;2023-12-17T03:21.11.123;2023-12-17T03:21:11.123;2024-07-24T00:00:00.000;2024-07-24T23:59:59.000
8977;2023-12-17T03:50.11.123;2023-12-17T03:50:11.123;2024-07-24T00:00:00.000;2024-07-24T23:59:59.000
37808;2023-12-17T03:56.11.123;2023-12-17T03:56:11.123;2024-07-24T00:00:00.000;2024-07-24T23:59:59.000
18940;2023-12-17T04:36.11.123;2023-12-17T04:36:11.123;2024-07-24T00:00:00.000;2024-07-24T23:59:59.000
38468;2023-12-17T05:00.11.123;2023-12-17T05:00:11.123;2024-07-24T00:00:00.000;2024-07-24T23:59:59.000
8851;2023-12-17T05:10.11.123;2023-12-17T05:10:11.123;2024-07-24T00:00:00.000;2024-07-24T23:59:59.000
8450;2023-12-17T05:43.11.123;2023-12-17T05:43:11.123;2024-07-24T00:00:00.000;2024-07-24T23:59:59.000
38069;2023-12-17T07:12.11.123;2023-12-17T07:12:11.123;2024-07-24T00:00:00.000;2024-07-24T23:59:59.000
25740;2023-12-17T07:33.11.123;2023-12-17T07:33:11.123;2024-07-24T00:00:00.000;2024-07-24T23:59:59.000
18940;2023-12-17T07:51.11.123;2023-12-17T07:51:11.123;2024-07-24T00:00:00.000;2024-07-24T23:59:59.000
37484;2023-12-17T08:04.11.123;2023-12-17T08:04:11.123;2024-07-24T00:00:00.000;2024-07-24T23:59:59.000
18900;2023-12-17T08:07.11.123;2023-12-17T08:07:11.123;2024-07-24T00:00:00.000;2024-07-24T23:59:59.000
8886;2023-12-17T08:09.11.123;2023-12-17T08:09:11.123;2024-07-24T00:00:00.000;2024-07-24T23:59:59.000
38468;2023-12-17T08:09.11.123;2023-12-17T08:09:11.123;2024-07-24T00:00:00.000;2024-07-24T23:59:59.000
8296;2023-12-17T08:11.11.123;2023-12-17T08:11:11.123;2024-07-24T00:00:00.000;2024-07-24T23:59:59.000
18940;2023-12-17T08:33.11.123;2023-12-17T08:33:11.123;2024-07-24T00:00:00.000;2024-07-24T23:59:59.000
25740;2023-12-17T09:02.11.123;2023-12-17T09:02:11.123;2024-07-24T00:00:00.000;2024-07-24T23:59:59.000
18940;2023-12-17T09:25.11.123;2023-12-17T09:25:11.123;2024-07-24T00:00:00.000;2024-07-24T23:59:59.000
9090;2023-12-17T09:25.11.123;2023-12-17T09:25:11.123;2024-07-24T00:00:00.000;2024-07-24T23:59:59.000
18940;2023-12-17T09:54.11.123;2023-12-17T09:54:11.123;2024-07-24T00:00:00.000;2024-07-24T23:59:59.000
18902;2023-12-17T10:16.11.123;2023-12-17T10:16:11.123;2024-07-24T00:00:00.000;2024-07-24T23:59:59.000
18940;2023-12-17T10:40.11.123;2023-12-17T10:40:11.123;2024-07-24T00:00:00.000;2024-07-24T23:59:59.000
18940;2023-12-17T10:40.11.123;2023-12-17T10:40:11.123;2024-07-24T00:00:00.000;2024-07-24T23:59:59.000
8352;2023-12-17T10:57.11.123;2023-12-17T10:57:11.123;2024-07-24T00:00:00.000;2024-07-24T23:59:59.000
18940;2023-12-17T12:00.11.123;2023-12-17T12:00:11.123;2024-07-24T00:00:00.000;2024-07-24T23:59:59.000
33983;2023-12-17T12:01.11.123;2023-12-17T12:01:11.123;2024-07-24T00:00:00.000;2024-07-24T23:59:59.000
8001;2023-12-17T12:06.11.123;2023-12-17T12:06:11.123;2024-07-24T00:00:00.000;2024-07-24T23:59:59.000
8103;2023-12-17T12:33.11.123;2023-12-17T12:33:11.123;2024-07-24T00:00:00.000;2024-07-24T23:59:59.000
8296;2023-12-17T12:58.11.123;2023-12-17T12:58:11.123;2024-07-24T00:00:00.000;2024-07-24T23:59:59.000
18940;2023-12-22T01:26.11.123;2023-12-22T01:26:11.123;2024-07-24T00:00:00.000;2024-07-24T23:59:59.000
8450;2024-01-12T07:04.11.123;2024-01-12T07:04:11.123;2024-07-24T00:00:00.000;2024-07-24T23:59:59.000
8977;2024-01-12T07:16.11.123;2024-01-12T07:16:11.123;2024-07-24T00:00:00.000;2024-07-24T23:59:59.000
8450;2024-01-19T10:23.11.123;2024-01-19T10:23:11.123;2024-07-24T00:00:00.000;2024-07-24T23:59:59.000
18940;2024-01-19T10:27.11.123;2024-01-19T10:27:11.123;2024-07-24T00:00:00.000;2024-07-24T23:59:59.000
16733;2024-01-19T11:18.11.123;2024-01-19T11:18:11.123;2024-07-24T00:00:00.000;2024-07-24T23:59:59.000
18940;2024-01-19T11:29.11.123;2024-01-19T11:29:11.123;2024-07-24T00:00:00.000;2024-07-24T23:59:59.000
10395;2024-01-22T07:14.11.123;2024-01-22T07:14:11.123;2024-07-24T00:00:00.000;2024-07-24T23:59:59.000
9436;2024-01-24T03:51.11.123;2024-01-24T03:51:11.123;2024-07-24T00:00:00.000;2024-07-24T23:59:59.000
18940;2024-01-24T07:50.11.123;2024-01-24T07:50:11.123;2024-07-24T00:00:00.000;2024-07-24T23:59:59.000
18841;2023-12-16T11:17.11.123;2023-12-16T11:17:11.123;2024-07-24T00:00:00.000;2024-07-24T23:59:59.000
23900;2023-12-16T11:19.11.123;2023-12-16T11:19:11.123;2024-07-24T00:00:00.000;2024-07-24T23:59:59.000
37565;2023-12-17T01:00.11.123;2023-12-17T01:00:11.123;2024-07-24T00:00:00.000;2024-07-24T23:59:59.000
33906;2023-12-17T02:48.11.123;2023-12-17T02:48:11.123;2024-07-24T00:00:00.000;2024-07-24T23:59:59.000
18940;2023-12-17T02:53.11.123;2023-12-17T02:53:11.123;2024-07-24T00:00:00.000;2024-07-24T23:59:59.000
13418;2023-12-17T03:30.11.123;2023-12-17T03:30:11.123;2024-07-24T00:00:00.000;2024-07-24T23:59:59.000
18940;2023-12-17T03:31.11.123;2023-12-17T03:31:11.123;2024-07-24T00:00:00.000;2024-07-24T23:59:59.000
8352;2023-12-17T03:56.11.123;2023-12-17T03:56:11.123;2024-07-24T00:00:00.000;2024-07-24T23:59:59.000
18940;2023-12-17T04:52.11.123;2023-12-17T04:52:11.123;2024-07-24T00:00:00.000;2024-07-24T23:59:59.000
18940;2023-12-17T04:53.11.123;2023-12-17T04:53:11.123;2024-07-24T00:00:00.000;2024-07-24T23:59:59.000
18940;2023-12-17T05:27.11.123;2023-12-17T05:27:11.123;2024-07-24T00:00:00.000;2024-07-24T23:59:59.000
9329;2023-12-17T05:38.11.123;2023-12-17T05:38:11.123;2024-07-24T00:00:00.000;2024-07-24T23:59:59.000
9329;2023-12-17T05:39.11.123;2023-12-17T05:39:11.123;2024-07-24T00:00:00.000;2024-07-24T23:59:59.000
18940;2023-12-17T06:02.11.123;2023-12-17T06:02:11.123;2024-07-24T00:00:00.000;2024-07-24T23:59:59.000
8296;2023-12-17T06:14.11.123;2023-12-17T06:14:11.123;2024-07-24T00:00:00.000;2024-07-24T23:59:59.000
18940;2023-12-17T06:18.11.123;2023-12-17T06:18:11.123;2024-07-24T00:00:00.000;2024-07-24T23:59:59.000
9329;2023-12-17T06:43.11.123;2023-12-17T06:43:11.123;2024-07-24T00:00:00.000;2024-07-24T23:59:59.000
8296;2023-12-17T07:18.11.123;2023-12-17T07:18:11.123;2024-07-24T00:00:00.000;2024-07-24T23:59:59.000
18940;2023-12-17T07:32.11.123;2023-12-17T07:32:11.123;2024-07-24T00:00:00.000;2024-07-24T23:59:59.000
37565;2023-12-17T08:10.11.123;2023-12-17T08:10:11.123;2024-07-24T00:00:00.000;2024-07-24T23:59:59.000
8607;2023-12-17T09:00.11.123;2023-12-17T09:00:11.123;2024-07-24T00:00:00.000;2024-07-24T23:59:59.000
18841;2023-12-17T09:07.11.123;2023-12-17T09:07:11.123;2024-07-24T00:00:00.000;2024-07-24T23:59:59.000
18940;2023-12-17T09:47.11.123;2023-12-17T09:47:11.123;2024-07-24T00:00:00.000;2024-07-24T23:59:59.000
18940;2023-12-17T10:36.11.123;2023-12-17T10:36:11.123;2024-07-24T00:00:00.000;2024-07-24T23:59:59.000
9090;2023-12-17T10:54.11.123;2023-12-17T10:54:11.123;2024-07-24T00:00:00.000;2024-07-24T23:59:59.000
18940;2023-12-17T12:00.11.123;2023-12-17T12:00:11.123;2024-07-24T00:00:00.000;2024-07-24T23:59:59.000
14959;2023-12-17T12:29.11.123;2023-12-17T12:29:11.123;2024-07-24T00:00:00.000;2024-07-24T23:59:59.000
8851;2023-12-17T12:49.11.123;2023-12-17T12:49:11.123;2024-07-24T00:00:00.000;2024-07-24T23:59:59.000
37219;2023-12-18T10:55.11.123;2023-12-18T10:55:11.123;2024-07-24T00:00:00.000;2024-07-24T23:59:59.000
18940;2024-01-19T06:25.11.123;2024-01-19T06:25:11.123;2024-07-24T00:00:00.000;2024-07-24T23:59:59.000
26961;2024-01-24T03:51.11.123;2024-01-24T03:51:11.123;2024-07-24T00:00:00.000;2024-07-24T23:59:59.000
9090;2024-01-24T03:52.11.123;2024-01-24T03:52:11.123;2024-07-24T00:00:00.000;2024-07-24T23:59:59.000
18940;2024-01-24T04:03.11.123;2024-01-24T04:03:11.123;2024-07-24T00:00:00.000;2024-07-24T23:59:59.000
16733;2024-01-24T04:03.11.123;2024-01-24T04:03:11.123;2024-07-24T00:00:00.000;2024-07-24T23:59:59.000
18940;2024-01-24T04:09.11.123;2024-01-24T04:09:11.123;2024-07-24T00:00:00.000;2024-07-24T23:59:59.000
36966;2024-01-24T04:55.11.123;2024-01-24T04:55:11.123;2024-07-24T00:00:00.000;2024-07-24T23:59:59.000
34691;2024-01-24T05:04.11.123;2024-01-24T05:04:11.123;2024-07-24T00:00:00.000;2024-07-24T23:59:59.000
13418;2024-01-24T05:17.11.123;2024-01-24T05:17:11.123;2024-07-24T00:00:00.000;2024-07-24T23:59:59.000
18940;2024-01-24T05:17.11.123;2024-01-24T05:17:11.123;2024-07-24T00:00:00.000;2024-07-24T23:59:59.000
18940;2024-01-24T05:34.11.123;2024-01-24T05:34:11.123;2024-07-24T00:00:00.000;2024-07-24T23:59:59.000
8450;2024-01-24T05:41.11.123;2024-01-24T05:41:11.123;2024-07-24T00:00:00.000;2024-07-24T23:59:59.000
38254;2024-01-24T05:53.11.123;2024-01-24T05:53:11.123;2024-07-24T00:00:00.000;2024-07-24T23:59:59.000
20958;2024-01-24T06:00.11.123;2024-01-24T06:00:11.123;2024-07-24T00:00:00.000;2024-07-24T23:59:59.000
9091;2024-01-24T06:14.11.123;2024-01-24T06:14:11.123;2024-07-24T00:00:00.000;2024-07-24T23:59:59.000
8450;2024-01-24T06:40.11.123;2024-01-24T06:40:11.123;2024-07-24T00:00:00.000;2024-07-24T23:59:59.000
8977;2024-01-24T06:41.11.123;2024-01-24T06:41:11.123;2024-07-24T00:00:00.000;2024-07-24T23:59:59.000
20958;2024-01-24T06:53.11.123;2024-01-24T06:53:11.123;2024-07-24T00:00:00.000;2024-07-24T23:59:59.000
8352;2024-01-24T06:57.11.123;2024-01-24T06:57:11.123;2024-07-24T00:00:00.000;2024-07-24T23:59:59.000
18940;2024-01-24T07:02.11.123;2024-01-24T07:02:11.123;2024-07-24T00:00:00.000;2024-07-24T23:59:59.000
13418;2024-01-24T07:54.11.123;2024-01-24T07:54:11.123;2024-07-24T00:00:00.000;2024-07-24T23:59:59.000
38206;2024-01-24T08:05.11.123;2024-01-24T08:05:11.123;2024-07-24T00:00:00.000;2024-07-24T23:59:59.000
18940;2024-01-24T08:38.11.123;2024-01-24T08:38:11.123;2024-07-24T00:00:00.000;2024-07-24T23:59:59.000
18940;2024-01-24T08:41.11.123;2024-01-24T08:41:11.123;2024-07-24T00:00:00.000;2024-07-24T23:59:59.000
18940;2024-01-24T09:17.11.123;2024-01-24T09:17:11.123;2024-07-24T00:00:00.000;2024-07-24T23:59:59.000
8450;2024-01-24T09:37.11.123;2024-01-24T09:37:11.123;2024-07-24T00:00:00.000;2024-07-24T23:59:59.000
18940;2024-01-24T09:41.11.123;2024-01-24T09:41:11.123;2024-07-24T00:00:00.000;2024-07-24T23:59:59.000
9090;2024-01-24T09:41.11.123;2024-01-24T09:41:11.123;2024-07-24T00:00:00.000;2024-07-24T23:59:59.000
18940;2024-01-24T09:53.11.123;2024-01-24T09:53:11.123;2024-07-24T00:00:00.000;2024-07-24T23:59:59.000
38798;2024-01-28T06:56.11.123;2024-01-28T06:56:11.123;2024-07-24T00:00:00.000;2024-07-24T23:59:59.000
9091;2024-02-01T07:25.11.123;2024-02-01T07:25:11.123;2024-07-24T00:00:00.000;2024-07-24T23:59:59.000
8639;2024-02-04T06:25.11.123;2024-02-04T06:25:11.123;2024-07-24T00:00:00.000;2024-07-24T23:59:59.000
38656;2024-02-05T02:39.11.123;2024-02-05T02:39:11.123;2024-07-24T00:00:00.000;2024-07-24T23:59:59.000
8912;2024-02-08T03:08.11.123;2024-02-08T03:08:11.123;2024-07-24T00:00:00.000;2024-07-24T23:59:59.000
8103;2024-02-12T01:19.11.123;2024-02-12T01:19:11.123;2024-07-24T00:00:00.000;2024-07-24T23:59:59.000
18841;2024-02-12T01:24.11.123;2024-02-12T01:24:11.123;2024-07-24T00:00:00.000;2024-07-24T23:59:59.000
7851;2024-02-12T01:26.11.123;2024-02-12T01:26:11.123;2024-07-24T00:00:00.000;2024-07-24T23:59:59.000
18940;2024-02-12T11:07.11.123;2024-02-12T11:07:11.123;2024-07-24T00:00:00.000;2024-07-24T23:59:59.000
32805;2024-02-12T11:43.11.123;2024-02-12T11:43:11.123;2024-07-24T00:00:00.000;2024-07-24T23:59:59.000
34605;2024-02-12T11:55.11.123;2024-02-12T11:55:11.123;2024-07-24T00:00:00.000;2024-07-24T23:59:59.000
10308;2024-02-12T12:02.11.123;2024-02-12T12:02:11.123;2024-07-24T00:00:00.000;2024-07-24T23:59:59.000
38468;2024-02-12T12:13.11.123;2024-02-12T12:13:11.123;2024-07-24T00:00:00.000;2024-07-24T23:59:59.000
36925;2024-02-12T12:33.11.123;2024-02-12T12:33:11.123;2024-07-24T00:00:00.000;2024-07-24T23:59:59.000
38468;2024-02-12T12:46.11.123;2024-02-12T12:46:11.123;2024-07-24T00:00:00.000;2024-07-24T23:59:59.000
24780;2024-02-12T12:47.11.123;2024-02-12T12:47:11.123;2024-07-24T00:00:00.000;2024-07-24T23:59:59.000
18940;2024-02-17T09:44.11.123;2024-02-17T09:44:11.123;2024-07-24T00:00:00.000;2024-07-24T23:59:59.000
38515;2024-02-17T10:18.11.123;2024-02-17T10:18:11.123;2024-07-24T00:00:00.000;2024-07-24T23:59:59.000
37920;2024-02-17T10:54.11.123;2024-02-17T10:54:11.123;2024-07-24T00:00:00.000;2024-07-24T23:59:59.000
18940;2024-02-17T11:44.11.123;2024-02-17T11:44:11.123;2024-07-24T00:00:00.000;2024-07-24T23:59:59.000
18940;2024-02-18T01:21.11.123;2024-02-18T01:21:11.123;2024-07-24T00:00:00.000;2024-07-24T23:59:59.000
18940;2024-02-18T02:55.11.123;2024-02-18T02:55:11.123;2024-07-24T00:00:00.000;2024-07-24T23:59:59.000
18940;2024-02-18T02:55.11.123;2024-02-18T02:55:11.123;2024-07-24T00:00:00.000;2024-07-24T23:59:59.000
18940;2024-02-18T04:38.11.123;2024-02-18T04:38:11.123;2024-07-24T00:00:00.000;2024-07-24T23:59:59.000
18841;2024-02-18T05:00.11.123;2024-02-18T05:00:11.123;2024-07-24T00:00:00.000;2024-07-24T23:59:59.000
20924;2024-02-18T05:04.11.123;2024-02-18T05:04:11.123;2024-07-24T00:00:00.000;2024-07-24T23:59:59.000
18940;2024-02-18T05:31.11.123;2024-02-18T05:31:11.123;2024-07-24T00:00:00.000;2024-07-24T23:59:59.000
18841;2024-02-18T06:19.11.123;2024-02-18T06:19:11.123;2024-07-24T00:00:00.000;2024-07-24T23:59:59.000
16733;2024-02-18T09:42.11.123;2024-02-18T09:42:11.123;2024-07-24T00:00:00.000;2024-07-24T23:59:59.000
9436;2024-02-18T11:36.11.123;2024-02-18T11:36:11.123;2024-07-24T00:00:00.000;2024-07-24T23:59:59.000
18940;2024-02-18T12:07.11.123;2024-02-18T12:07:11.123;2024-07-24T00:00:00.000;2024-07-24T23:59:59.000
18940;2024-02-18T12:27.11.123;2024-02-18T12:27:11.123;2024-07-24T00:00:00.000;2024-07-24T23:59:59.000
18940;2024-02-18T12:37.11.123;2024-02-18T12:37:11.123;2024-07-24T00:00:00.000;2024-07-24T23:59:59.000
20958;2024-02-23T01:55.11.123;2024-02-23T01:55:11.123;2024-07-24T00:00:00.000;2024-07-24T23:59:59.000
8296;2024-03-19T04:41.11.123;2024-03-19T04:41:11.123;2024-07-24T00:00:00.000;2024-07-24T23:59:59.000
18687;2024-03-19T12:22.11.123;2024-03-19T12:22:11.123;2024-07-24T00:00:00.000;2024-07-24T23:59:59.000
18940;2024-03-22T08:54.11.123;2024-03-22T08:54:11.123;2024-07-24T00:00:00.000;2024-07-24T23:59:59.000
37943;2024-03-27T04:07.11.123;2024-03-27T04:07:11.123;2024-07-24T00:00:00.000;2024-07-24T23:59:59.000
147124;2023-12-26T11:22.11.123;2023-12-26T11:22:11.123;2024-07-24T00:00:00.000;2024-07-24T23:59:59.000
8912;2023-12-26T11:23.11.123;2023-12-26T11:23:11.123;2024-07-24T00:00:00.000;2024-07-24T23:59:59.000
38418;2023-12-26T11:23.11.123;2023-12-26T11:23:11.123;2024-07-24T00:00:00.000;2024-07-24T23:59:59.000
33908;2024-01-19T11:07.11.123;2024-01-19T11:07:11.123;2024-07-24T00:00:00.000;2024-07-24T23:59:59.000
8296;2024-01-24T05:56.11.123;2024-01-24T05:56:11.123;2024-07-24T00:00:00.000;2024-07-24T23:59:59.000
38020;2024-01-24T06:10.11.123;2024-01-24T06:10:11.123;2024-07-24T00:00:00.000;2024-07-24T23:59:59.000
12598;2024-01-24T07:26.11.123;2024-01-24T07:26:11.123;2024-07-24T00:00:00.000;2024-07-24T23:59:59.000
9091;2024-01-24T09:17.11.123;2024-01-24T09:17:11.123;2024-07-24T00:00:00.000;2024-07-24T23:59:59.000
18940;2024-01-24T09:41.11.123;2024-01-24T09:41:11.123;2024-07-24T00:00:00.000;2024-07-24T23:59:59.000
9329;2024-01-28T05:42.11.123;2024-01-28T05:42:11.123;2024-07-24T00:00:00.000;2024-07-24T23:59:59.000
18841;2024-02-05T02:31.11.123;2024-02-05T02:31:11.123;2024-07-24T00:00:00.000;2024-07-24T23:59:59.000
38656;2024-02-05T02:39.11.123;2024-02-05T02:39:11.123;2024-07-24T00:00:00.000;2024-07-24T23:59:59.000
8352;2024-02-05T07:26.11.123;2024-02-05T07:26:11.123;2024-07-24T00:00:00.000;2024-07-24T23:59:59.000
18940;2024-02-12T11:29.11.123;2024-02-12T11:29:11.123;2024-07-24T00:00:00.000;2024-07-24T23:59:59.000
18841;2024-02-12T12:44.11.123;2024-02-12T12:44:11.123;2024-07-24T00:00:00.000;2024-07-24T23:59:59.000
18841;2024-02-17T10:20.11.123;2024-02-17T10:20:11.123;2024-07-24T00:00:00.000;2024-07-24T23:59:59.000
18940;2024-02-18T02:32.11.123;2024-02-18T02:32:11.123;2024-07-24T00:00:00.000;2024-07-24T23:59:59.000
18940;2024-02-18T05:24.11.123;2024-02-18T05:24:11.123;2024-07-24T00:00:00.000;2024-07-24T23:59:59.000
18841;2024-02-18T12:11.11.123;2024-02-18T12:11:11.123;2024-07-24T00:00:00.000;2024-07-24T23:59:59.000
38040;2024-02-18T12:37.11.123;2024-02-18T12:37:11.123;2024-07-24T00:00:00.000;2024-07-24T23:59:59.000
18687;2024-03-20T02:07.11.123;2024-03-20T02:07:11.123;2024-07-24T00:00:00.000;2024-07-24T23:59:59.000
18940;2024-03-28T10:55.11.123;2024-03-28T10:55:11.123;2024-07-24T00:00:00.000;2024-07-24T23:59:59.000
18687;2024-03-19T12:20.11.123;2024-03-19T12:20:11.123;2024-07-24T00:00:00.000;2024-07-24T23:59:59.000
